country_code,category_code,record_type,platform,study_name,product_code,product_name,response,product_plm_code,driver,importance_percent,country,year
IN,HRC,rwa_driver_importance,Dry,Dove Intense Repair Blind Test (CTI_Dove_IR_pdt_imp_IN_HV),UD68,Pantene: Damage Repair (sachet),overall opinion appearance of shampoo,NONE,easy to finger through comb when wet,1.81,India,2022
IN,HRC,rwa_driver_importance,Hairfall,India Indulekha Hair fall Shampoo Cleanser North,QS20,Pantene Hairfall Shampoo,overall opinion product,NONE,makes my hair easy to comb when dry,2.44,India,2021
IN,HRC,rwa_driver_importance,Shine (Colour & Shine),India Sunsilk Blackshine LCS Shampoo North,KV67 or LH75,Competitor Dabur Vatika Shampoo 6.5ml,overall opinion product,NONE,makes my hair stronger,9.29,India,2021
IN,HRC,rwa_driver_importance,Shine (Colour & Shine),India Sunsilk Blackshine LCS Shampoo North,KV67 or LH75,Competitor Dabur Vatika Shampoo 6.5ml,overall opinion product,NONE,cares for my hair,1.97,India,2021
IN,HRC,rwa_driver_importance,Dry,Dove Intense Repair Blind Test (CTI_Dove_IR_pdt_imp_IN_HV),UD68,Pantene: Damage Repair (sachet),overall opinion appearance of shampoo,NONE,is pleasurable to use,2.45,India,2022
IN,HRC,rwa_driver_importance,Hairfall,India Indulekha Hair Fall Hair Oil,AR60,Indulekha Hair Oil? Current,overall opinion color shampoo,NONE,reduces hair fall from roots,13.81,India,2021
IN,HRC,rwa_driver_importance,Hairfall,India Indulekha Hair Fall Hair Oil,AR60,Indulekha Hair Oil? Current,overall opinion color shampoo,NONE,reduces hair fall,3.7,India,2021
IN,HRC,rwa_driver_importance,Hairfall,India Indulekha Hair Fall Hair Oil,AR60,Indulekha Hair Oil? Current,overall opinion color shampoo,NONE,makes hair stronger,1.61,India,2021
IN,HRC,rwa_driver_importance,Hairfall,India Indulekha Hair Fall Hair Oil,AR60,Indulekha Hair Oil? Current,overall opinion color shampoo,NONE,make my hair easy to comb when wet,2.73,India,2021
IN,HRC,rwa_driver_importance,Hairfall,India Indulekha Hair Fall Hair Oil,AR60,Indulekha Hair Oil? Current,overall opinion color shampoo,NONE,does not cause dandruff flakes,2.88,India,2021
IN,HRC,rwa_driver_importance,Hairfall,India Indulekha Hair Fall Hair Oil,AR60,Indulekha Hair Oil? Current,overall opinion color shampoo,NONE,absorbs easily into hair,28.16,India,2021
IN,HRC,rwa_driver_importance,Hairfall,NORTH Clinic Plus Sachet Benchmarking HUT,TM45,Dabur Vatika Re.1 LCS,overall opinion product,NONE,ease of rinsing off shampoo,3.45,India,2019
IN,HRC,rwa_driver_importance,Hairfall,NORTH Clinic Plus Sachet Benchmarking HUT,TM45,Dabur Vatika Re.1 LCS,overall opinion product,NONE,ease of lathering shampoo,13.47,India,2019
IN,HRC,rwa_driver_importance,Hairfall,NORTH Clinic Plus Sachet Benchmarking HUT,TM45,Dabur Vatika Re.1 LCS,overall opinion product,NONE,nourishes hair well,8.19,India,2019
IN,HRC,rwa_driver_importance,Hairfall,NORTH Clinic Plus Sachet Benchmarking HUT,TM45,Dabur Vatika Re.1 LCS,overall opinion product,NONE,makes my hair beautiful,11.81,India,2019
IN,HRC,rwa_driver_importance,Hairfall,NORTH Clinic Plus Sachet Benchmarking HUT,TM45,Dabur Vatika Re.1 LCS,overall opinion product,NONE,gives me the look i want,3.01,India,2019
IN,HRC,rwa_driver_importance,Hairfall,NORTH Clinic Plus Sachet Benchmarking HUT,TM45,Dabur Vatika Re.1 LCS,overall opinion product,NONE,is a high quality product,6.09,India,2019
IN,HRC,rwa_driver_importance,Hairfall,NORTH Clinic Plus Sachet Benchmarking HUT,TM45,Dabur Vatika Re.1 LCS,overall opinion product,NONE,is delightful to use,1.59,India,2019
IN,HRC,rwa_driver_importance,Hairfall,NORTH Clinic Plus Sachet Benchmarking HUT,TM45,Dabur Vatika Re.1 LCS,overall opinion product,NONE,reduces hair breakage,2.71,India,2019
IN,HRC,rwa_driver_importance,Hairfall,NORTH Clinic Plus Sachet Benchmarking HUT,TM45,Dabur Vatika Re.1 LCS,overall opinion product,NONE,reduces hair fall,5.44,India,2019
IN,HRC,rwa_driver_importance,Hairfall,NORTH Clinic Plus Sachet Benchmarking HUT,TM45,Dabur Vatika Re.1 LCS,overall opinion product,NONE,makes hair stronger,6.17,India,2019
IN,HRC,rwa_driver_importance,Hairfall,NORTH Clinic Plus Sachet Benchmarking HUT,TM45,Dabur Vatika Re.1 LCS,overall opinion product,NONE,prevents hair fall,5.48,India,2019
IN,HRC,rwa_driver_importance,Hairfall,NORTH Clinic Plus Sachet Benchmarking HUT,TM45,Dabur Vatika Re.1 LCS,overall opinion product,NONE,makes my hair full and thick,3.56,India,2019
IN,HRC,rwa_driver_importance,Hairfall,NORTH Clinic Plus Sachet Benchmarking HUT,TM45,Dabur Vatika Re.1 LCS,overall opinion product,NONE,does not make my hair limp,8.34,India,2019
IN,HRC,rwa_driver_importance,Hairfall,India Indulekha Hair Fall Hair Oil,AR60,Indulekha Hair Oil? Current,overall opinion appearance of shampoo,NONE,reduces hair fall from roots,4.94,India,2021
IN,HRC,rwa_driver_importance,Hairfall,India Indulekha Hair Fall Hair Oil,AR60,Indulekha Hair Oil? Current,overall opinion appearance of shampoo,NONE,reduces hair fall,3.41,India,2021
IN,HRC,rwa_driver_importance,Hairfall,India Indulekha Hair fall Shampoo Cleanser North,QS20,Pantene Hairfall Shampoo,overall opinion product,NONE,has a natural color,5.81,India,2021
IN,HRC,rwa_driver_importance,Hairfall,India Indulekha Hair Fall Hair Oil,AR60,Indulekha Hair Oil? Current,overall opinion appearance of shampoo,NONE,makes hair stronger,2.35,India,2021
IN,HRC,rwa_driver_importance,Hairfall,India Indulekha Hair Fall Hair Oil,AR60,Indulekha Hair Oil? Current,overall opinion appearance of shampoo,NONE,make my hair easy to comb when wet,1.97,India,2021
IN,HRC,rwa_driver_importance,Hairfall,India Indulekha Hair Fall Hair Oil,AR60,Indulekha Hair Oil? Current,overall opinion appearance of shampoo,NONE,does not cause dandruff flakes,1.73,India,2021
IN,HRC,rwa_driver_importance,Hairfall,India Indulekha Hair Fall Hair Oil,AR60,Indulekha Hair Oil? Current,overall opinion appearance of shampoo,NONE,absorbs easily into hair,15.58,India,2021
IN,HRC,rwa_driver_importance,Hairfall,India Indulekha Hair Fall Hair Oil,AR60,Indulekha Hair Oil? Current,overall opinion color shampoo,NONE,grows new hair/ improves hair density,1.03,India,2021
IN,HRC,rwa_driver_importance,Hairfall,India Indulekha Hair Fall Hair Oil,AR60,Indulekha Hair Oil? Current,overall opinion color shampoo,NONE,is an ayurvedic medicine,1.58,India,2021
IN,HRC,rwa_driver_importance,Hairfall,India Indulekha Hair Fall Hair Oil,AR60,Indulekha Hair Oil? Current,overall opinion color shampoo,NONE,is suitable for whole family,2.07,India,2021
IN,HRC,rwa_driver_importance,Hairfall,India Indulekha Hair Fall Hair Oil,AR60,Indulekha Hair Oil? Current,overall opinion color shampoo,NONE,is suitable for daily use,3.38,India,2021
IN,HRC,rwa_driver_importance,Hairfall,India Indulekha Hair Fall Hair Oil,AR60,Indulekha Hair Oil? Current,overall opinion color shampoo,NONE,has a pleasant fragrance,6.31,India,2021
IN,HRC,rwa_driver_importance,Hairfall,India Indulekha Hair Fall Hair Oil,AR60,Indulekha Hair Oil? Current,overall opinion color shampoo,NONE,rinses off easily,2.18,India,2021
IN,HRC,rwa_driver_importance,Hairfall,India Indulekha Hair Fall Hair Oil,AR60,Indulekha Hair Oil? Current,overall opinion color shampoo,NONE,has the right amount of stickiness,1.64,India,2021
IN,HRC,rwa_driver_importance,Hairfall,India Indulekha Hair Fall Hair Oil,AR60,Indulekha Hair Oil? Current,overall opinion color shampoo,NONE,does not cause irritation or itching to my scalp,2.61,India,2021
IN,HRC,rwa_driver_importance,Hairfall,India Indulekha Hair Fall Hair Oil,AR60,Indulekha Hair Oil? Current,overall opinion color shampoo,NONE,absorbs well into the scalp,1.81,India,2021
IN,HRC,rwa_driver_importance,Hairfall,India Indulekha Hair Fall Hair Oil,AR60,Indulekha Hair Oil? Current,overall opinion color shampoo,NONE,has effective ingredients,7.87,India,2021
IN,HRC,rwa_driver_importance,Hairfall,India Indulekha Hair Fall Hair Oil,AR60,Indulekha Hair Oil? Current,overall opinion color shampoo,NONE,nourishes my scalp,2.93,India,2021
IN,HRC,rwa_driver_importance,Hairfall,India Indulekha Hair Fall Hair Oil,AR60,Indulekha Hair Oil? Current,overall opinion color shampoo,NONE,helps hair grow longer,5.08,India,2021
IN,HRC,rwa_driver_importance,Hairfall,India Indulekha Hair Fall Hair Oil,AR60,Indulekha Hair Oil? Current,overall opinion color shampoo,NONE,makes hair easy to manage or style,1.46,India,2021
IN,HRC,rwa_driver_importance,Hairfall,India Indulekha Hair Fall Hair Oil,AR60,Indulekha Hair Oil? Current,overall opinion color shampoo,NONE,hair looks healthy,2.41,India,2021
IN,HRC,rwa_driver_importance,Hairfall,India Indulekha Hair Fall Hair Oil,AR60,Indulekha Hair Oil? Current,overall opinion color shampoo,NONE,hair feels nourished,1.71,India,2021
IN,HRC,rwa_driver_importance,Hairfall,India Indulekha Hair Fall Hair Oil,AR60,Indulekha Hair Oil? Current,overall opinion color shampoo,NONE,reduces hair breakage,3.01,India,2021
IN,HRC,rwa_driver_importance,Hairfall,NORTH Clinic Plus Sachet Benchmarking HUT,TM45,Dabur Vatika Re.1 LCS,overall opinion product,NONE,makes my hair soft and smooth,3.37,India,2019
IN,HRC,rwa_driver_importance,Hairfall,NORTH Clinic Plus Sachet Benchmarking HUT,TM45,Dabur Vatika Re.1 LCS,overall opinion product,NONE,make my hair easy to comb when wet,9.7,India,2019
IN,HRC,rwa_driver_importance,Hairfall,NORTH Clinic Plus Sachet Benchmarking HUT,TM45,Dabur Vatika Re.1 LCS,overall opinion product,NONE,makes my hair stronger,2.31,India,2019
IN,HRC,rwa_driver_importance,Hairfall,NORTH Clinic Plus Sachet Benchmarking HUT,TM45,Dabur Vatika Re.1 LCS,overall opinion product,NONE,does not cause dandruff flakes,2.64,India,2019
IN,HRC,rwa_driver_importance,Hairfall,NORTH Clinic Plus Sachet Benchmarking HUT,TM45,Dabur Vatika Re.1 LCS,overall opinion product,NONE,makes scalp healthy,1.04,India,2019
IN,HRC,rwa_driver_importance,Hairfall,NORTH Clinic Plus Sachet Benchmarking HUT,TM45,Dabur Vatika Re.1 LCS,overall opinion product,NONE,shampoo cleans my hair well,1.64,India,2019
IN,HRC,rwa_driver_importance,Hairfall,NORTH Clinic Plus Sachet Benchmarking HUT,TM45,Dabur Vatika Re.1 LCS,overall opinion appearance of shampoo,NONE,ease of rinsing off shampoo,2.16,India,2019
IN,HRC,rwa_driver_importance,Hairfall,NORTH Clinic Plus Sachet Benchmarking HUT,TM45,Dabur Vatika Re.1 LCS,overall opinion appearance of shampoo,NONE,ease of lathering shampoo,9.63,India,2019
IN,HRC,rwa_driver_importance,Hairfall,NORTH Clinic Plus Sachet Benchmarking HUT,TM45,Dabur Vatika Re.1 LCS,overall opinion appearance of shampoo,NONE,nourishes hair well,11.2,India,2019
IN,HRC,rwa_driver_importance,Hairfall,NORTH Clinic Plus Sachet Benchmarking HUT,TM45,Dabur Vatika Re.1 LCS,overall opinion appearance of shampoo,NONE,makes my hair beautiful,11.32,India,2019
IN,HRC,rwa_driver_importance,Hairfall,NORTH Clinic Plus Sachet Benchmarking HUT,TM45,Dabur Vatika Re.1 LCS,overall opinion appearance of shampoo,NONE,gives me the look i want,2.37,India,2019
IN,HRC,rwa_driver_importance,Hairfall,NORTH Clinic Plus Sachet Benchmarking HUT,TM45,Dabur Vatika Re.1 LCS,overall opinion appearance of shampoo,NONE,is a high quality product,4.34,India,2019
IN,HRC,rwa_driver_importance,Hairfall,NORTH Clinic Plus Sachet Benchmarking HUT,TM45,Dabur Vatika Re.1 LCS,overall opinion appearance of shampoo,NONE,is delightful to use,4.94,India,2019
IN,HRC,rwa_driver_importance,Hairfall,NORTH Clinic Plus Sachet Benchmarking HUT,TM45,Dabur Vatika Re.1 LCS,overall opinion appearance of shampoo,NONE,reduces hair breakage,9.92,India,2019
IN,HRC,rwa_driver_importance,Hairfall,NORTH Clinic Plus Sachet Benchmarking HUT,TM45,Dabur Vatika Re.1 LCS,overall opinion appearance of shampoo,NONE,reduces hair fall,9.93,India,2019
IN,HRC,rwa_driver_importance,Hairfall,NORTH Clinic Plus Sachet Benchmarking HUT,TM45,Dabur Vatika Re.1 LCS,overall opinion appearance of shampoo,NONE,makes hair stronger,4.54,India,2019
IN,HRC,rwa_driver_importance,Hairfall,NORTH Clinic Plus Sachet Benchmarking HUT,TM45,Dabur Vatika Re.1 LCS,overall opinion appearance of shampoo,NONE,prevents hair fall,3.46,India,2019
IN,HRC,rwa_driver_importance,Hairfall,NORTH Clinic Plus Sachet Benchmarking HUT,TM45,Dabur Vatika Re.1 LCS,overall opinion appearance of shampoo,NONE,makes my hair full and thick,1.43,India,2019
IN,HRC,rwa_driver_importance,Hairfall,NORTH Clinic Plus Sachet Benchmarking HUT,TM45,Dabur Vatika Re.1 LCS,overall opinion appearance of shampoo,NONE,does not make my hair limp,9.09,India,2019
IN,HRC,rwa_driver_importance,Hairfall,NORTH Clinic Plus Sachet Benchmarking HUT,TM45,Dabur Vatika Re.1 LCS,overall opinion appearance of shampoo,NONE,makes my hair soft and smooth,4.07,India,2019
IN,HRC,rwa_driver_importance,Hairfall,NORTH Clinic Plus Sachet Benchmarking HUT,TM45,Dabur Vatika Re.1 LCS,overall opinion appearance of shampoo,NONE,make my hair easy to comb when wet,1.85,India,2019
IN,HRC,rwa_driver_importance,Hairfall,NORTH Clinic Plus Sachet Benchmarking HUT,TM45,Dabur Vatika Re.1 LCS,overall opinion appearance of shampoo,NONE,makes my hair stronger,4.04,India,2019
IN,HRC,rwa_driver_importance,Hairfall,NORTH Clinic Plus Sachet Benchmarking HUT,TM45,Dabur Vatika Re.1 LCS,overall opinion appearance of shampoo,NONE,does not cause dandruff flakes,3.01,India,2019
IN,HRC,rwa_driver_importance,Hairfall,NORTH Clinic Plus Sachet Benchmarking HUT,TM45,Dabur Vatika Re.1 LCS,overall opinion appearance of shampoo,NONE,makes scalp healthy,1.2,India,2019
IN,HRC,rwa_driver_importance,Hairfall,NORTH Clinic Plus Sachet Benchmarking HUT,TM45,Dabur Vatika Re.1 LCS,overall opinion appearance of shampoo,NONE,shampoo cleans my hair well,1.49,India,2019
IN,HRC,rwa_driver_importance,Hairfall,NORTH Clinic Plus Sachet Benchmarking HUT,TM45,Dabur Vatika Re.1 LCS,overall opinion color shampoo,NONE,ease of rinsing off shampoo,2.55,India,2019
IN,HRC,rwa_driver_importance,Hairfall,NORTH Clinic Plus Sachet Benchmarking HUT,TM45,Dabur Vatika Re.1 LCS,overall opinion color shampoo,NONE,ease of lathering shampoo,1.07,India,2019
IN,HRC,rwa_driver_importance,Hairfall,NORTH Clinic Plus Sachet Benchmarking HUT,TM45,Dabur Vatika Re.1 LCS,overall opinion color shampoo,NONE,nourishes hair well,8.11,India,2019
IN,HRC,rwa_driver_importance,Hairfall,NORTH Clinic Plus Sachet Benchmarking HUT,TM45,Dabur Vatika Re.1 LCS,overall opinion color shampoo,NONE,makes my hair beautiful,9.94,India,2019
IN,HRC,rwa_driver_importance,Hairfall,NORTH Clinic Plus Sachet Benchmarking HUT,TM45,Dabur Vatika Re.1 LCS,overall opinion color shampoo,NONE,gives me the look i want,4.56,India,2019
IN,HRC,rwa_driver_importance,Hairfall,NORTH Clinic Plus Sachet Benchmarking HUT,TM45,Dabur Vatika Re.1 LCS,overall opinion color shampoo,NONE,is a high quality product,2.98,India,2019
IN,HRC,rwa_driver_importance,Hairfall,NORTH Clinic Plus Sachet Benchmarking HUT,TM45,Dabur Vatika Re.1 LCS,overall opinion color shampoo,NONE,is delightful to use,1.91,India,2019
IN,HRC,rwa_driver_importance,Hairfall,India Indulekha Hair fall Shampoo Cleanser North,QS20,Pantene Hairfall Shampoo,overall opinion product,NONE,is an ayurvedic medicine,1.34,India,2021
IN,HRC,rwa_driver_importance,Hairfall,NORTH Clinic Plus Sachet Benchmarking HUT,TM45,Dabur Vatika Re.1 LCS,overall opinion color shampoo,NONE,reduces hair breakage,3.75,India,2019
IN,HRC,rwa_driver_importance,Hairfall,India Indulekha Hair fall Shampoo Cleanser North,QS20,Pantene Hairfall Shampoo,overall opinion product,NONE,does not make my hair limp,2.41,India,2021
IN,HRC,rwa_driver_importance,Hairfall,NORTH Clinic Plus Sachet Benchmarking HUT,TM45,Dabur Vatika Re.1 LCS,overall opinion color shampoo,NONE,reduces hair fall,15.69,India,2019
IN,HRC,rwa_driver_importance,Hairfall,India Indulekha Hair fall Shampoo Cleanser North,QS20,Pantene Hairfall Shampoo,overall opinion product,NONE,is pleasurable to use,1.31,India,2021
IN,HRC,rwa_driver_importance,Shine (Colour & Shine),India Sunsilk Blackshine LCS Shampoo North,KV67 or LH75,Competitor Dabur Vatika Shampoo 6.5ml,overall opinion product,NONE,is delightful to use,4.99,India,2021
IN,HRC,rwa_driver_importance,Hairfall,NORTH Clinic Plus Sachet Benchmarking HUT,TM45,Dabur Vatika Re.1 LCS,overall opinion color shampoo,NONE,makes hair stronger,12.86,India,2019
IN,HRC,rwa_driver_importance,Hairfall,India Indulekha Hair fall Shampoo Cleanser North,QS20,Pantene Hairfall Shampoo,overall opinion product,NONE,reduces hair breakage,2.32,India,2021
IN,HRC,rwa_driver_importance,Shine (Colour & Shine),India Sunsilk Blackshine LCS Shampoo North,KV67 or LH75,Competitor Dabur Vatika Shampoo 6.5ml,overall opinion product,NONE,gives nourishment to my hair,3.01,India,2021
IN,HRC,rwa_driver_importance,Hairfall,NORTH Clinic Plus Sachet Benchmarking HUT,TM45,Dabur Vatika Re.1 LCS,overall opinion color shampoo,NONE,prevents hair fall,8.91,India,2019
IN,HRC,rwa_driver_importance,Hairfall,India Indulekha Hair fall Shampoo Cleanser North,QS20,Pantene Hairfall Shampoo,overall opinion product,NONE,reduces hair fall,3.59,India,2021
IN,HRC,rwa_driver_importance,Shine (Colour & Shine),India Sunsilk Blackshine LCS Shampoo North,KV67 or LH75,Competitor Dabur Vatika Shampoo 6.5ml,overall opinion product,NONE,enhances the color vibrancy of my hair,4.02,India,2021
IN,HRC,rwa_driver_importance,Hairfall,NORTH Clinic Plus Sachet Benchmarking HUT,TM45,Dabur Vatika Re.1 LCS,overall opinion color shampoo,NONE,makes my hair full and thick,6.82,India,2019
IN,HRC,rwa_driver_importance,Hairfall,India Indulekha Hair fall Shampoo Cleanser North,QS20,Pantene Hairfall Shampoo,overall opinion product,NONE,makes my hair full and thick,0.99,India,2021
IN,HRC,rwa_driver_importance,Hairfall,NORTH Clinic Plus Sachet Benchmarking HUT,TM45,Dabur Vatika Re.1 LCS,overall opinion color shampoo,NONE,does not make my hair limp,1.87,India,2019
IN,HRC,rwa_driver_importance,Hairfall,NORTH Clinic Plus Sachet Benchmarking HUT,TM45,Dabur Vatika Re.1 LCS,overall opinion color shampoo,NONE,makes my hair soft and smooth,9.98,India,2019
IN,HRC,rwa_driver_importance,Hairfall,NORTH Clinic Plus Sachet Benchmarking HUT,TM45,Dabur Vatika Re.1 LCS,overall opinion color shampoo,NONE,make my hair easy to comb when wet,1.81,India,2019
IN,HRC,rwa_driver_importance,Hairfall,NORTH Clinic Plus Sachet Benchmarking HUT,TM45,Dabur Vatika Re.1 LCS,overall opinion color shampoo,NONE,makes my hair stronger,1.69,India,2019
IN,HRC,rwa_driver_importance,Hairfall,NORTH Clinic Plus Sachet Benchmarking HUT,TM45,Dabur Vatika Re.1 LCS,overall opinion color shampoo,NONE,does not cause dandruff flakes,3.05,India,2019
IN,HRC,rwa_driver_importance,Hairfall,NORTH Clinic Plus Sachet Benchmarking HUT,TM45,Dabur Vatika Re.1 LCS,overall opinion color shampoo,NONE,makes scalp healthy,1.21,India,2019
IN,HRC,rwa_driver_importance,Hairfall,NORTH Clinic Plus Sachet Benchmarking HUT,TM45,Dabur Vatika Re.1 LCS,overall opinion color shampoo,NONE,shampoo cleans my hair well,1.27,India,2019
IN,HRC,rwa_driver_importance,Hairfall,India Indulekha Hair fall Shampoo Cleanser North,QS20,Pantene Hairfall Shampoo,overall opinion appearance of shampoo,NONE,reduces hair fall,1.02,India,2021
IN,HRC,rwa_driver_importance,Hairfall,India Indulekha Hair fall Shampoo Cleanser North,QS20,Pantene Hairfall Shampoo,overall opinion appearance of shampoo,NONE,makes my hair full and thick,4.02,India,2021
IN,HRC,rwa_driver_importance,Hairfall,India Indulekha Hair fall Shampoo Cleanser North,QS20,Pantene Hairfall Shampoo,overall opinion appearance of shampoo,NONE,nourishes hair well,6.05,India,2021
IN,HRC,rwa_driver_importance,Hairfall,India Indulekha Hair fall Shampoo Cleanser North,QS20,Pantene Hairfall Shampoo,overall opinion appearance of shampoo,NONE,makes my hair beautiful,0.87,India,2021
IN,HRC,rwa_driver_importance,Hairfall,India Indulekha Hair fall Shampoo Cleanser North,QS20,Pantene Hairfall Shampoo,overall opinion appearance of shampoo,NONE,is a high quality product,2.03,India,2021
IN,HRC,rwa_driver_importance,Shine (Colour & Shine),India Sunsilk Blackshine LCS Shampoo North,KV67 or LH75,Competitor Dabur Vatika Shampoo 6.5ml,overall opinion appearance of shampoo,NONE,makes my hair stronger,8.55,India,2021
IN,HRC,rwa_driver_importance,Hairfall,India Indulekha Hair fall Shampoo Cleanser North,QS20,Pantene Hairfall Shampoo,overall opinion appearance of shampoo,NONE,makes hair stronger,1.17,India,2021
IN,HRC,rwa_driver_importance,Shine (Colour & Shine),India Sunsilk Blackshine LCS Shampoo North,KV67 or LH75,Competitor Dabur Vatika Shampoo 6.5ml,overall opinion appearance of shampoo,NONE,cares for my hair,1.98,India,2021
IN,HRC,rwa_driver_importance,Hairfall,India Indulekha Hair fall Shampoo Cleanser North,QS20,Pantene Hairfall Shampoo,overall opinion appearance of shampoo,NONE,prevents hair fall,9.42,India,2021
IN,HRC,rwa_driver_importance,Shine (Colour & Shine),India Sunsilk Blackshine LCS Shampoo North,KV67 or LH75,Competitor Dabur Vatika Shampoo 6.5ml,overall opinion appearance of shampoo,NONE,is delightful to use,3.1,India,2021
IN,HRC,rwa_driver_importance,Hairfall,India Indulekha Hair fall Shampoo Cleanser North,QS20,Pantene Hairfall Shampoo,overall opinion appearance of shampoo,NONE,makes my hair soft and smooth,1.55,India,2021
IN,HRC,rwa_driver_importance,Hairfall,India Indulekha Hair fall Shampoo Cleanser North,QS20,Pantene Hairfall Shampoo,overall opinion appearance of shampoo,NONE,make my hair easy to comb when wet,6.12,India,2021
IN,HRC,rwa_driver_importance,Hairfall,India Indulekha Hair fall Shampoo Cleanser North,QS20,Pantene Hairfall Shampoo,overall opinion appearance of shampoo,NONE,does not cause dandruff flakes,15.02,India,2021
IN,HRC,rwa_driver_importance,Hairfall,India Indulekha Hair fall Shampoo Cleanser North,QS20,Pantene Hairfall Shampoo,overall opinion appearance of shampoo,NONE,makes scalp healthy,1.69,India,2021
IN,HRC,rwa_driver_importance,Hairfall,India Indulekha Hair fall Shampoo Cleanser North,QS20,Pantene Hairfall Shampoo,overall opinion appearance of shampoo,NONE,shampoo cleans my hair well,10.63,India,2021
IN,HRC,rwa_driver_importance,Hairfall,India Indulekha Hair fall Shampoo Cleanser North,QS20,Pantene Hairfall Shampoo,overall opinion product,NONE,nourishes hair well,11.55,India,2021
IN,HRC,rwa_driver_importance,Hairfall,India Indulekha Hair fall Shampoo Cleanser North,QS20,Pantene Hairfall Shampoo,overall opinion product,NONE,makes my hair beautiful,9.18,India,2021
IN,HRC,rwa_driver_importance,Hairfall,India Indulekha Hair fall Shampoo Cleanser North,QS20,Pantene Hairfall Shampoo,overall opinion product,NONE,is a high quality product,3.95,India,2021
IN,HRC,rwa_driver_importance,Hairfall,India Indulekha Hair fall Shampoo Cleanser North,QS20,Pantene Hairfall Shampoo,overall opinion product,NONE,makes hair stronger,2.47,India,2021
IN,HRC,rwa_driver_importance,Hairfall,India Indulekha Hair fall Shampoo Cleanser North,QS20,Pantene Hairfall Shampoo,overall opinion product,NONE,prevents hair fall,6.85,India,2021
IN,HRC,rwa_driver_importance,Hairfall,India Indulekha Hair fall Shampoo Cleanser North,QS20,Pantene Hairfall Shampoo,overall opinion product,NONE,makes my hair soft and smooth,0.93,India,2021
IN,HRC,rwa_driver_importance,Hairfall,India Indulekha Hair fall Shampoo Cleanser North,QS20,Pantene Hairfall Shampoo,overall opinion product,NONE,make my hair easy to comb when wet,13.57,India,2021
IN,HRC,rwa_driver_importance,Hairfall,India Indulekha Hair fall Shampoo Cleanser North,QS20,Pantene Hairfall Shampoo,overall opinion product,NONE,does not cause dandruff flakes,1.32,India,2021
IN,HRC,rwa_driver_importance,Hairfall,India Indulekha Hair fall Shampoo Cleanser North,QS20,Pantene Hairfall Shampoo,overall opinion product,NONE,makes scalp healthy,5.06,India,2021
IN,HRC,rwa_driver_importance,Hairfall,India Indulekha Hair fall Shampoo Cleanser North,QS20,Pantene Hairfall Shampoo,overall opinion product,NONE,shampoo cleans my hair well,4.04,India,2021
IN,HRC,rwa_driver_importance,Hairfall,India Indulekha Hair fall Shampoo Cleanser North,QS20,Pantene Hairfall Shampoo,overall opinion appearance of shampoo,NONE,ease of rinsing off shampoo,4.7,India,2021
IN,HRC,rwa_driver_importance,Hairfall,India Indulekha Hair fall Shampoo Cleanser North,QS20,Pantene Hairfall Shampoo,overall opinion appearance of shampoo,NONE,ease of lathering shampoo,3.03,India,2021
IN,HRC,rwa_driver_importance,Hairfall,India Indulekha Hair fall Shampoo Cleanser North,QS20,Pantene Hairfall Shampoo,overall opinion appearance of shampoo,NONE,is a natural shampoo,2.09,India,2021
IN,HRC,rwa_driver_importance,Hairfall,India Indulekha Hair fall Shampoo Cleanser North,QS20,Pantene Hairfall Shampoo,overall opinion appearance of shampoo,NONE,is an herbal shampoo,1.58,India,2021
IN,HRC,rwa_driver_importance,Hairfall,India Indulekha Hair fall Shampoo Cleanser North,QS20,Pantene Hairfall Shampoo,overall opinion appearance of shampoo,NONE,"is an ayurvedic shampoo,",2.52,India,2021
IN,HRC,rwa_driver_importance,Hairfall,India Indulekha Hair fall Shampoo Cleanser North,QS20,Pantene Hairfall Shampoo,overall opinion appearance of shampoo,NONE,has a natural fragrance,1.6,India,2021
IN,HRC,rwa_driver_importance,Hairfall,India Indulekha Hair fall Shampoo Cleanser North,QS20,Pantene Hairfall Shampoo,overall opinion appearance of shampoo,NONE,makes my hair easy to comb when dry,1.66,India,2021
IN,HRC,rwa_driver_importance,Hairfall,India Indulekha Hair fall Shampoo Cleanser North,QS20,Pantene Hairfall Shampoo,overall opinion appearance of shampoo,NONE,has a natural color,5.79,India,2021
IN,HRC,rwa_driver_importance,Hairfall,India Indulekha Hair fall Shampoo Cleanser North,QS20,Pantene Hairfall Shampoo,overall opinion appearance of shampoo,NONE,is an ayurvedic medicine,2.11,India,2021
IN,HRC,rwa_driver_importance,Hairfall,India Indulekha Hair fall Shampoo Cleanser North,QS20,Pantene Hairfall Shampoo,overall opinion appearance of shampoo,NONE,does not make my hair limp,2.15,India,2021
IN,HRC,rwa_driver_importance,Hairfall,India Indulekha Hair fall Shampoo Cleanser North,QS20,Pantene Hairfall Shampoo,overall opinion appearance of shampoo,NONE,is pleasurable to use,8.41,India,2021
IN,HRC,rwa_driver_importance,Hairfall,India Indulekha Hair fall Shampoo Cleanser North,QS20,Pantene Hairfall Shampoo,overall opinion appearance of shampoo,NONE,reduces hair breakage,4.77,India,2021
IN,HRC,rwa_driver_importance,Shine (Colour & Shine),India Sunsilk Blackshine LCS Shampoo North,KV67 or LH75,Competitor Dabur Vatika Shampoo 6.5ml,overall opinion product,NONE,makes my hair look beautiful,2.91,India,2021
IN,HRC,rwa_driver_importance,Shine (Colour & Shine),India Sunsilk Blackshine LCS Shampoo North,KV67 or LH75,Competitor Dabur Vatika Shampoo 6.5ml,overall opinion product,NONE,easy to comb finger through when wet,6.7,India,2021
IN,HRC,rwa_driver_importance,Shine (Colour & Shine),India Sunsilk Blackshine LCS Shampoo North,KV67 or LH75,Competitor Dabur Vatika Shampoo 6.5ml,overall opinion product,NONE,makes hair soft smooth,4.9,India,2021
IN,HRC,rwa_driver_importance,Shine (Colour & Shine),India Sunsilk Blackshine LCS Shampoo North,KV67 or LH75,Competitor Dabur Vatika Shampoo 6.5ml,overall opinion product,NONE,gives my hair a natural movement,2.24,India,2021
IN,HRC,rwa_driver_importance,Shine (Colour & Shine),India Sunsilk Blackshine LCS Shampoo North,KV67 or LH75,Competitor Dabur Vatika Shampoo 6.5ml,overall opinion product,NONE,makes my hair shiny,6.27,India,2021
IN,HRC,rwa_driver_importance,Shine (Colour & Shine),India Sunsilk Blackshine LCS Shampoo North,KV67 or LH75,Competitor Dabur Vatika Shampoo 6.5ml,overall opinion product,NONE,reduces frizz fluff,23.26,India,2021
IN,HRC,rwa_driver_importance,Shine (Colour & Shine),India Sunsilk Blackshine LCS Shampoo North,KV67 or LH75,Competitor Dabur Vatika Shampoo 6.5ml,overall opinion product,NONE,smoother sleeker hair,2.01,India,2021
IN,HRC,rwa_driver_importance,Shine (Colour & Shine),India Sunsilk Blackshine LCS Shampoo North,KV67 or LH75,Competitor Dabur Vatika Shampoo 6.5ml,overall opinion product,NONE,enhances the black colour of my hair,3.4,India,2021
IN,HRC,rwa_driver_importance,Shine (Colour & Shine),India Sunsilk Blackshine LCS Shampoo North,KV67 or LH75,Competitor Dabur Vatika Shampoo 6.5ml,overall opinion product,NONE,shampoo cleans my hair well,2.32,India,2021
IN,HRC,rwa_driver_importance,Shine (Colour & Shine),India Sunsilk Blackshine LCS Shampoo North,KV67 or LH75,Competitor Dabur Vatika Shampoo 6.5ml,overall opinion product,NONE,Easy to lather,1.96,India,2021
IN,HRC,rwa_driver_importance,Shine (Colour & Shine),India Sunsilk Blackshine LCS Shampoo North,KV67 or LH75,Competitor Dabur Vatika Shampoo 6.5ml,overall opinion product,NONE,Ease of rinse off for the shampoo,2.76,India,2021
IN,HRC,rwa_driver_importance,Shine (Colour & Shine),India Sunsilk Blackshine LCS Shampoo North,KV67 or LH75,Competitor Dabur Vatika Shampoo 6.5ml,overall opinion appearance of shampoo,NONE,makes hair soft smooth,1.89,India,2021
IN,HRC,rwa_driver_importance,Shine (Colour & Shine),India Sunsilk Blackshine LCS Shampoo North,KV67 or LH75,Competitor Dabur Vatika Shampoo 6.5ml,overall opinion appearance of shampoo,NONE,Easy to lather,9.87,India,2021
IN,HRC,rwa_driver_importance,Shine (Colour & Shine),India Sunsilk Blackshine LCS Shampoo North,KV67 or LH75,Competitor Dabur Vatika Shampoo 6.5ml,overall opinion appearance of shampoo,NONE,Ease of rinse off for the shampoo,1.67,India,2021
IN,HRC,rwa_driver_importance,Shine (Colour & Shine),India Sunsilk Blackshine LCS Shampoo North,KV67 or LH75,Competitor Dabur Vatika Shampoo 6.5ml,overall opinion appearance of shampoo,NONE,long lasting fragrance,15.44,India,2021
IN,HRC,rwa_driver_importance,Shine (Colour & Shine),India Sunsilk Blackshine LCS Shampoo North,KV67 or LH75,Competitor Dabur Vatika Shampoo 6.5ml,overall opinion appearance of shampoo,NONE,fragrance that i want to smell again and again,2.67,India,2021
IN,HRC,rwa_driver_importance,Shine (Colour & Shine),India Sunsilk Blackshine LCS Shampoo North,KV67 or LH75,Competitor Dabur Vatika Shampoo 6.5ml,overall opinion color shampoo,NONE,Easy to lather,1.03,India,2021
IN,HRC,rwa_driver_importance,Shine (Colour & Shine),India Sunsilk Blackshine LCS Shampoo North,KV67 or LH75,Competitor Dabur Vatika Shampoo 6.5ml,overall opinion color shampoo,NONE,long lasting fragrance,9.18,India,2021
IN,HRC,rwa_driver_importance,Shine (Colour & Shine),India Sunsilk Blackshine LCS Shampoo North,KV67 or LH75,Competitor Dabur Vatika Shampoo 6.5ml,overall opinion color shampoo,NONE,makes my hair stronger,15.02,India,2021
IN,HRC,rwa_driver_importance,Shine (Colour & Shine),India Sunsilk Blackshine LCS Shampoo North,KV67 or LH75,Competitor Dabur Vatika Shampoo 6.5ml,overall opinion appearance of shampoo,NONE,gives nourishment to my hair,6.21,India,2021
IN,HRC,rwa_driver_importance,Shine (Colour & Shine),India Sunsilk Blackshine LCS Shampoo North,KV67 or LH75,Competitor Dabur Vatika Shampoo 6.5ml,overall opinion appearance of shampoo,NONE,enhances the color vibrancy of my hair,6.76,India,2021
IN,HRC,rwa_driver_importance,Shine (Colour & Shine),India Sunsilk Blackshine LCS Shampoo North,KV67 or LH75,Competitor Dabur Vatika Shampoo 6.5ml,overall opinion appearance of shampoo,NONE,gives my hair a natural movement,2.18,India,2021
IN,HRC,rwa_driver_importance,Shine (Colour & Shine),India Sunsilk Blackshine LCS Shampoo North,KV67 or LH75,Competitor Dabur Vatika Shampoo 6.5ml,overall opinion appearance of shampoo,NONE,makes my hair shiny,1.63,India,2021
IN,HRC,rwa_driver_importance,Shine (Colour & Shine),India Sunsilk Blackshine LCS Shampoo North,KV67 or LH75,Competitor Dabur Vatika Shampoo 6.5ml,overall opinion appearance of shampoo,NONE,reduces frizz fluff,7.4,India,2021
IN,HRC,rwa_driver_importance,Shine (Colour & Shine),India Sunsilk Blackshine LCS Shampoo North,KV67 or LH75,Competitor Dabur Vatika Shampoo 6.5ml,overall opinion appearance of shampoo,NONE,smoother sleeker hair,6.94,India,2021
IN,HRC,rwa_driver_importance,Shine (Colour & Shine),India Sunsilk Blackshine LCS Shampoo North,KV67 or LH75,Competitor Dabur Vatika Shampoo 6.5ml,overall opinion appearance of shampoo,NONE,enhances the black colour of my hair,1.51,India,2021
IN,HRC,rwa_driver_importance,Shine (Colour & Shine),India Sunsilk Blackshine LCS Shampoo North,KV67 or LH75,Competitor Dabur Vatika Shampoo 6.5ml,overall opinion appearance of shampoo,NONE,shampoo cleans my hair well,14.5,India,2021
IN,HRC,rwa_driver_importance,Shine (Colour & Shine),India Sunsilk Blackshine LCS Shampoo North,KV67 or LH75,Competitor Dabur Vatika Shampoo 6.5ml,overall opinion appearance of shampoo,NONE,makes my hair look beautiful,3.84,India,2021
IN,HRC,rwa_driver_importance,Shine (Colour & Shine),India Sunsilk Blackshine LCS Shampoo North,KV67 or LH75,Competitor Dabur Vatika Shampoo 6.5ml,overall opinion appearance of shampoo,NONE,easy to comb finger through when wet,3.85,India,2021
IN,HRC,rwa_driver_importance,Shine (Colour & Shine),India Sunsilk Blackshine LCS Shampoo North,KV67 or LH75,Competitor Dabur Vatika Shampoo 6.5ml,overall opinion color shampoo,NONE,Ease of rinse off for the shampoo,1.62,India,2021
IN,HRC,rwa_driver_importance,Shine (Colour & Shine),India Sunsilk Blackshine LCS Shampoo North,KV67 or LH75,Competitor Dabur Vatika Shampoo 6.5ml,overall opinion color shampoo,NONE,fragrance that i want to smell again and again,1.86,India,2021
IN,HRC,rwa_driver_importance,Shine (Colour & Shine),India Sunsilk Blackshine LCS Shampoo North,KV67 or LH75,Competitor Dabur Vatika Shampoo 6.5ml,overall opinion color shampoo,NONE,cares for my hair,6.14,India,2021
IN,HRC,rwa_driver_importance,Shine (Colour & Shine),India Sunsilk Blackshine LCS Shampoo North,KV67 or LH75,Competitor Dabur Vatika Shampoo 6.5ml,overall opinion color shampoo,NONE,is delightful to use,1.7,India,2021
IN,HRC,rwa_driver_importance,Shine (Colour & Shine),India Sunsilk Blackshine LCS Shampoo North,KV67 or LH75,Competitor Dabur Vatika Shampoo 6.5ml,overall opinion color shampoo,NONE,gives nourishment to my hair,2.35,India,2021
IN,HRC,rwa_driver_importance,Shine (Colour & Shine),India Sunsilk Blackshine LCS Shampoo North,KV67 or LH75,Competitor Dabur Vatika Shampoo 6.5ml,overall opinion color shampoo,NONE,enhances the color vibrancy of my hair,2.49,India,2021
IN,HRC,rwa_driver_importance,Shine (Colour & Shine),India Sunsilk Blackshine LCS Shampoo North,KV67 or LH75,Competitor Dabur Vatika Shampoo 6.5ml,overall opinion color shampoo,NONE,makes hair soft smooth,4.88,India,2021
IN,HRC,rwa_driver_importance,Shine (Colour & Shine),India Sunsilk Blackshine LCS Shampoo South,BN43 or PR71,Competitor Chik Black Shampoo 6ml,overall opinion product,NONE,reduces frizz fluff,1.2,India,2021
IN,HRC,rwa_driver_importance,Shine (Colour & Shine),India Sunsilk Blackshine LCS Shampoo South,BN43 or PR71,Competitor Chik Black Shampoo 6ml,overall opinion product,NONE,smoother sleeker hair,1.91,India,2021
IN,HRC,rwa_driver_importance,Hairfall,India Indulekha Hair fall Shampoo Cleanser North,QS20,Pantene Hairfall Shampoo,overall opinion color shampoo,NONE,ease of rinsing off shampoo,18.47,India,2021
IN,HRC,rwa_driver_importance,Hairfall,India Indulekha Hair fall Shampoo Cleanser North,QS20,Pantene Hairfall Shampoo,overall opinion color shampoo,NONE,ease of lathering shampoo,26.62,India,2021
IN,HRC,rwa_driver_importance,Hairfall,India Indulekha Hair fall Shampoo Cleanser North,QS20,Pantene Hairfall Shampoo,overall opinion color shampoo,NONE,is a natural shampoo,2.32,India,2021
IN,HRC,rwa_driver_importance,Hairfall,India Indulekha Hair fall Shampoo Cleanser North,QS20,Pantene Hairfall Shampoo,overall opinion color shampoo,NONE,is an herbal shampoo,0.75,India,2021
IN,HRC,rwa_driver_importance,Hairfall,India Indulekha Hair fall Shampoo Cleanser North,QS20,Pantene Hairfall Shampoo,overall opinion color shampoo,NONE,"is an ayurvedic shampoo,",1.3,India,2021
IN,HRC,rwa_driver_importance,Hairfall,India Indulekha Hair fall Shampoo Cleanser North,QS20,Pantene Hairfall Shampoo,overall opinion color shampoo,NONE,has a natural fragrance,0.99,India,2021
IN,HRC,rwa_driver_importance,Hairfall,India Indulekha Hair fall Shampoo Cleanser North,QS20,Pantene Hairfall Shampoo,overall opinion color shampoo,NONE,makes my hair easy to comb when dry,0.69,India,2021
IN,HRC,rwa_driver_importance,Hairfall,India Indulekha Hair fall Shampoo Cleanser North,QS20,Pantene Hairfall Shampoo,overall opinion color shampoo,NONE,has a natural color,5.15,India,2021
IN,HRC,rwa_driver_importance,Hairfall,India Indulekha Hair fall Shampoo Cleanser North,QS20,Pantene Hairfall Shampoo,overall opinion color shampoo,NONE,is an ayurvedic medicine,1.08,India,2021
IN,HRC,rwa_driver_importance,Hairfall,India Indulekha Hair fall Shampoo Cleanser North,QS20,Pantene Hairfall Shampoo,overall opinion color shampoo,NONE,does not make my hair limp,2.76,India,2021
IN,HRC,rwa_driver_importance,Hairfall,India Indulekha Hair fall Shampoo Cleanser North,QS20,Pantene Hairfall Shampoo,overall opinion color shampoo,NONE,is pleasurable to use,2.0,India,2021
IN,HRC,rwa_driver_importance,Hairfall,India Indulekha Hair fall Shampoo Cleanser North,QS20,Pantene Hairfall Shampoo,overall opinion color shampoo,NONE,reduces hair breakage,0.48,India,2021
IN,HRC,rwa_driver_importance,Hairfall,India Indulekha Hair fall Shampoo Cleanser North,QS20,Pantene Hairfall Shampoo,overall opinion color shampoo,NONE,reduces hair fall,0.52,India,2021
IN,HRC,rwa_driver_importance,Hairfall,India Indulekha Hair fall Shampoo Cleanser North,QS20,Pantene Hairfall Shampoo,overall opinion color shampoo,NONE,makes my hair full and thick,0.51,India,2021
IN,HRC,rwa_driver_importance,Shine (Colour & Shine),India Sunsilk Blackshine LCS Shampoo North,KV67 or LH75,Competitor Dabur Vatika Shampoo 6.5ml,overall opinion color shampoo,NONE,makes my hair look beautiful,2.67,India,2021
IN,HRC,rwa_driver_importance,Hairfall,India Indulekha Hair fall Shampoo Cleanser North,QS20,Pantene Hairfall Shampoo,overall opinion color shampoo,NONE,nourishes hair well,3.48,India,2021
IN,HRC,rwa_driver_importance,Shine (Colour & Shine),India Sunsilk Blackshine LCS Shampoo North,KV67 or LH75,Competitor Dabur Vatika Shampoo 6.5ml,overall opinion color shampoo,NONE,easy to comb finger through when wet,14.13,India,2021
IN,HRC,rwa_driver_importance,Hairfall,India Indulekha Hair fall Shampoo Cleanser North,QS20,Pantene Hairfall Shampoo,overall opinion color shampoo,NONE,makes my hair beautiful,1.46,India,2021
IN,HRC,rwa_driver_importance,Hairfall,India Indulekha Hair fall Shampoo Cleanser North,QS20,Pantene Hairfall Shampoo,overall opinion color shampoo,NONE,is a high quality product,1.5,India,2021
IN,HRC,rwa_driver_importance,Hairfall,India Indulekha Hair fall Shampoo Cleanser North,QS20,Pantene Hairfall Shampoo,overall opinion color shampoo,NONE,makes hair stronger,1.75,India,2021
IN,HRC,rwa_driver_importance,Hairfall,India Indulekha Hair fall Shampoo Cleanser North,QS20,Pantene Hairfall Shampoo,overall opinion color shampoo,NONE,prevents hair fall,1.08,India,2021
IN,HRC,rwa_driver_importance,Hairfall,India Indulekha Hair fall Shampoo Cleanser North,QS20,Pantene Hairfall Shampoo,overall opinion color shampoo,NONE,makes my hair soft and smooth,1.65,India,2021
IN,HRC,rwa_driver_importance,Shine (Colour & Shine),India Sunsilk Blackshine LCS Shampoo North,KV67 or LH75,Competitor Dabur Vatika Shampoo 6.5ml,overall opinion color shampoo,NONE,gives my hair a natural movement,2.98,India,2021
IN,HRC,rwa_driver_importance,Shine (Colour & Shine),India Sunsilk Blackshine LCS Shampoo North,KV67 or LH75,Competitor Dabur Vatika Shampoo 6.5ml,overall opinion color shampoo,NONE,makes my hair shiny,2.79,India,2021
IN,HRC,rwa_driver_importance,Shine (Colour & Shine),India Sunsilk Blackshine LCS Shampoo North,KV67 or LH75,Competitor Dabur Vatika Shampoo 6.5ml,overall opinion color shampoo,NONE,reduces frizz fluff,20.57,India,2021
IN,HRC,rwa_driver_importance,Shine (Colour & Shine),India Sunsilk Blackshine LCS Shampoo North,KV67 or LH75,Competitor Dabur Vatika Shampoo 6.5ml,overall opinion color shampoo,NONE,smoother sleeker hair,2.89,India,2021
IN,HRC,rwa_driver_importance,Shine (Colour & Shine),India Sunsilk Blackshine LCS Shampoo North,KV67 or LH75,Competitor Dabur Vatika Shampoo 6.5ml,overall opinion color shampoo,NONE,enhances the black colour of my hair,5.67,India,2021
IN,HRC,rwa_driver_importance,Shine (Colour & Shine),India Sunsilk Blackshine LCS Shampoo North,KV67 or LH75,Competitor Dabur Vatika Shampoo 6.5ml,overall opinion color shampoo,NONE,shampoo cleans my hair well,2.04,India,2021
IN,HRC,rwa_driver_importance,Shine (Colour & Shine),India Sunsilk Blackshine LCS Shampoo South,BN43 or PR71,Competitor Chik Black Shampoo 6ml,overall opinion product,NONE,Easy to lather,1.45,India,2021
IN,HRC,rwa_driver_importance,Shine (Colour & Shine),India Sunsilk Blackshine LCS Shampoo South,BN43 or PR71,Competitor Chik Black Shampoo 6ml,overall opinion product,NONE,Ease of rinse off for the shampoo,1.32,India,2021
IN,HRC,rwa_driver_importance,Shine (Colour & Shine),India Sunsilk Blackshine LCS Shampoo South,BN43 or PR71,Competitor Chik Black Shampoo 6ml,overall opinion product,NONE,long lasting fragrance,8.8,India,2021
IN,HRC,rwa_driver_importance,Shine (Colour & Shine),India Sunsilk Blackshine LCS Shampoo South,BN43 or PR71,Competitor Chik Black Shampoo 6ml,overall opinion product,NONE,fragrance that i want to smell again and again,5.25,India,2021
IN,HRC,rwa_driver_importance,Shine (Colour & Shine),India Sunsilk Blackshine LCS Shampoo South,BN43 or PR71,Competitor Chik Black Shampoo 6ml,overall opinion product,NONE,makes my hair stronger,2.18,India,2021
IN,HRC,rwa_driver_importance,Shine (Colour & Shine),India Sunsilk Blackshine LCS Shampoo South,BN43 or PR71,Competitor Chik Black Shampoo 6ml,overall opinion product,NONE,cares for my hair,3.3,India,2021
IN,HRC,rwa_driver_importance,Shine (Colour & Shine),India Sunsilk Blackshine LCS Shampoo South,BN43 or PR71,Competitor Chik Black Shampoo 6ml,overall opinion product,NONE,is delightful to use,1.46,India,2021
IN,HRC,rwa_driver_importance,Shine (Colour & Shine),India Sunsilk Blackshine LCS Shampoo South,BN43 or PR71,Competitor Chik Black Shampoo 6ml,overall opinion product,NONE,gives nourishment to my hair,2.61,India,2021
IN,HRC,rwa_driver_importance,Shine (Colour & Shine),India Sunsilk Blackshine LCS Shampoo South,BN43 or PR71,Competitor Chik Black Shampoo 6ml,overall opinion product,NONE,enhances the color vibrancy of my hair,1.53,India,2021
IN,HRC,rwa_driver_importance,Shine (Colour & Shine),India Sunsilk Blackshine LCS Shampoo South,BN43 or PR71,Competitor Chik Black Shampoo 6ml,overall opinion product,NONE,makes my hair look beautiful,2.17,India,2021
IN,HRC,rwa_driver_importance,Shine (Colour & Shine),India Sunsilk Blackshine LCS Shampoo South,BN43 or PR71,Competitor Chik Black Shampoo 6ml,overall opinion product,NONE,easy to comb finger through when wet,4.86,India,2021
IN,HRC,rwa_driver_importance,Shine (Colour & Shine),India Sunsilk Blackshine LCS Shampoo South,BN43 or PR71,Competitor Chik Black Shampoo 6ml,overall opinion product,NONE,makes hair soft smooth,1.23,India,2021
IN,HRC,rwa_driver_importance,Shine (Colour & Shine),India Sunsilk Blackshine LCS Shampoo South,BN43 or PR71,Competitor Chik Black Shampoo 6ml,overall opinion product,NONE,gives my hair a natural movement,3.17,India,2021
IN,HRC,rwa_driver_importance,Shine (Colour & Shine),India Sunsilk Blackshine LCS Shampoo South,BN43 or PR71,Competitor Chik Black Shampoo 6ml,overall opinion product,NONE,makes my hair shiny,0.95,India,2021
IN,HRC,rwa_driver_importance,Hairfall,India Indulekha Hair fall Shampoo Cleanser North,QS20,Pantene Hairfall Shampoo,overall opinion color shampoo,NONE,make my hair easy to comb when wet,3.03,India,2021
IN,HRC,rwa_driver_importance,Hairfall,India Indulekha Hair fall Shampoo Cleanser North,QS20,Pantene Hairfall Shampoo,overall opinion color shampoo,NONE,does not cause dandruff flakes,3.44,India,2021
IN,HRC,rwa_driver_importance,Hairfall,India Indulekha Hair fall Shampoo Cleanser North,QS20,Pantene Hairfall Shampoo,overall opinion color shampoo,NONE,makes scalp healthy,3.11,India,2021
IN,HRC,rwa_driver_importance,Hairfall,India Indulekha Hair fall Shampoo Cleanser North,QS20,Pantene Hairfall Shampoo,overall opinion color shampoo,NONE,shampoo cleans my hair well,15.86,India,2021
IN,HRC,rwa_driver_importance,Hairfall,India Indulekha Hair Fall Hair Oil,NW40,Kesh King Hair Oil?,overall opinion product,NONE,grows new hair/ improves hair density,5.52,India,2021
IN,HRC,rwa_driver_importance,Hairfall,India Indulekha Hair Fall Hair Oil,NW40,Kesh King Hair Oil?,overall opinion product,NONE,is an ayurvedic medicine,2.29,India,2021
IN,HRC,rwa_driver_importance,Hairfall,India Indulekha Hair Fall Hair Oil,NW40,Kesh King Hair Oil?,overall opinion product,NONE,is suitable for whole family,13.09,India,2021
IN,HRC,rwa_driver_importance,Hairfall,India Indulekha Hair Fall Hair Oil,NW40,Kesh King Hair Oil?,overall opinion product,NONE,is suitable for daily use,1.81,India,2021
IN,HRC,rwa_driver_importance,Hairfall,India Indulekha Hair Fall Hair Oil,NW40,Kesh King Hair Oil?,overall opinion product,NONE,has a pleasant fragrance,4.76,India,2021
IN,HRC,rwa_driver_importance,Hairfall,India Indulekha Hair Fall Hair Oil,NW40,Kesh King Hair Oil?,overall opinion product,NONE,rinses off easily,2.25,India,2021
IN,HRC,rwa_driver_importance,Hairfall,India Indulekha Hair Fall Hair Oil,NW40,Kesh King Hair Oil?,overall opinion product,NONE,has the right amount of stickiness,5.81,India,2021
IN,HRC,rwa_driver_importance,Hairfall,India Indulekha Hair Fall Hair Oil,NW40,Kesh King Hair Oil?,overall opinion product,NONE,does not cause irritation or itching to my scalp,1.18,India,2021
IN,HRC,rwa_driver_importance,Hairfall,India Indulekha Hair Fall Hair Oil,NW40,Kesh King Hair Oil?,overall opinion product,NONE,absorbs well into the scalp,2.52,India,2021
IN,HRC,rwa_driver_importance,Hairfall,India Indulekha Hair Fall Hair Oil,NW40,Kesh King Hair Oil?,overall opinion product,NONE,has effective ingredients,5.92,India,2021
IN,HRC,rwa_driver_importance,Hairfall,India Indulekha Hair Fall Hair Oil,NW40,Kesh King Hair Oil?,overall opinion product,NONE,nourishes my scalp,1.26,India,2021
IN,HRC,rwa_driver_importance,Hairfall,India Indulekha Hair Fall Hair Oil,NW40,Kesh King Hair Oil?,overall opinion product,NONE,helps hair grow longer,8.92,India,2021
IN,HRC,rwa_driver_importance,Hairfall,India Indulekha Hair Fall Hair Oil,NW40,Kesh King Hair Oil?,overall opinion product,NONE,makes hair easy to manage or style,0.81,India,2021
IN,HRC,rwa_driver_importance,Hairfall,India Indulekha Hair Fall Hair Oil,NW40,Kesh King Hair Oil?,overall opinion product,NONE,hair looks healthy,1.54,India,2021
IN,HRC,rwa_driver_importance,Hairfall,India Indulekha Hair Fall Hair Oil,NW40,Kesh King Hair Oil?,overall opinion product,NONE,hair feels nourished,1.42,India,2021
IN,HRC,rwa_driver_importance,Shine (Colour & Shine),India Sunsilk Blackshine LCS Shampoo South,BN43 or PR71,Competitor Chik Black Shampoo 6ml,overall opinion product,NONE,enhances the black colour of my hair,0.81,India,2021
IN,HRC,rwa_driver_importance,Hairfall,India Indulekha Hair Fall Hair Oil,NW40,Kesh King Hair Oil?,overall opinion product,NONE,reduces hair breakage,3.97,India,2021
IN,HRC,rwa_driver_importance,Shine (Colour & Shine),India Sunsilk Blackshine LCS Shampoo South,BN43 or PR71,Competitor Chik Black Shampoo 6ml,overall opinion product,NONE,shampoo cleans my hair well,55.8,India,2021
IN,HRC,rwa_driver_importance,Shine (Colour & Shine),India Sunsilk Blackshine LCS Shampoo South,BN43 or PR71,Competitor Chik Black Shampoo 6ml,overall opinion appearance of shampoo,NONE,Easy to lather,0.66,India,2021
IN,HRC,rwa_driver_importance,Hairfall,India Indulekha Hair Fall Hair Oil,NW40,Kesh King Hair Oil?,overall opinion product,NONE,reduces hair fall from roots,2.32,India,2021
IN,HRC,rwa_driver_importance,Shine (Colour & Shine),India Sunsilk Blackshine LCS Shampoo South,BN43 or PR71,Competitor Chik Black Shampoo 6ml,overall opinion appearance of shampoo,NONE,Ease of rinse off for the shampoo,1.93,India,2021
IN,HRC,rwa_driver_importance,Shine (Colour & Shine),India Sunsilk Blackshine LCS Shampoo South,BN43 or PR71,Competitor Chik Black Shampoo 6ml,overall opinion appearance of shampoo,NONE,long lasting fragrance,12.55,India,2021
IN,HRC,rwa_driver_importance,Shine (Colour & Shine),India Sunsilk Blackshine LCS Shampoo South,BN43 or PR71,Competitor Chik Black Shampoo 6ml,overall opinion appearance of shampoo,NONE,fragrance that i want to smell again and again,7.25,India,2021
IN,HRC,rwa_driver_importance,Shine (Colour & Shine),India Sunsilk Blackshine LCS Shampoo South,BN43 or PR71,Competitor Chik Black Shampoo 6ml,overall opinion appearance of shampoo,NONE,makes my hair stronger,1.26,India,2021
IN,HRC,rwa_driver_importance,Shine (Colour & Shine),India Sunsilk Blackshine LCS Shampoo South,BN43 or PR71,Competitor Chik Black Shampoo 6ml,overall opinion appearance of shampoo,NONE,cares for my hair,3.86,India,2021
IN,HRC,rwa_driver_importance,Shine (Colour & Shine),India Sunsilk Blackshine LCS Shampoo South,BN43 or PR71,Competitor Chik Black Shampoo 6ml,overall opinion appearance of shampoo,NONE,is delightful to use,2.36,India,2021
IN,HRC,rwa_driver_importance,Shine (Colour & Shine),India Sunsilk Blackshine LCS Shampoo South,BN43 or PR71,Competitor Chik Black Shampoo 6ml,overall opinion appearance of shampoo,NONE,gives nourishment to my hair,1.08,India,2021
IN,HRC,rwa_driver_importance,Dry,Dove Intense Repair Blind Test (CTI_Dove_IR_pdt_imp_IN_HV),UD68,Pantene: Damage Repair (sachet),overall opinion appearance of shampoo,NONE,makes my hair easy to manage,1.85,India,2022
IN,HRC,rwa_driver_importance,Shine (Colour & Shine),India Sunsilk Blackshine LCS Shampoo South,BN43 or PR71,Competitor Chik Black Shampoo 6ml,overall opinion appearance of shampoo,NONE,enhances the color vibrancy of my hair,1.05,India,2021
IN,HRC,rwa_driver_importance,Shine (Colour & Shine),India Sunsilk Blackshine LCS Shampoo South,BN43 or PR71,Competitor Chik Black Shampoo 6ml,overall opinion appearance of shampoo,NONE,makes my hair look beautiful,1.28,India,2021
IN,HRC,rwa_driver_importance,Dry,Dove Intense Repair Blind Test (CTI_Dove_IR_pdt_imp_IN_HV),UD68,Pantene: Damage Repair (sachet),overall opinion appearance of shampoo,NONE,makes my hair beautiful,3.83,India,2022
IN,HRC,rwa_driver_importance,Shine (Colour & Shine),India Sunsilk Blackshine LCS Shampoo South,BN43 or PR71,Competitor Chik Black Shampoo 6ml,overall opinion appearance of shampoo,NONE,easy to comb finger through when wet,5.96,India,2021
IN,HRC,rwa_driver_importance,Dry,Dove Intense Repair Blind Test (CTI_Dove_IR_pdt_imp_IN_HV),UD68,Pantene: Damage Repair (sachet),overall opinion appearance of shampoo,NONE,is a high quality product,12.32,India,2022
IN,HRC,rwa_driver_importance,Shine (Colour & Shine),India Sunsilk Blackshine LCS Shampoo South,BN43 or PR71,Competitor Chik Black Shampoo 6ml,overall opinion appearance of shampoo,NONE,makes hair soft smooth,0.97,India,2021
IN,HRC,rwa_driver_importance,Dry,Dove Intense Repair Blind Test (CTI_Dove_IR_pdt_imp_IN_HV),UD68,Pantene: Damage Repair (sachet),overall opinion appearance of shampoo,NONE,nourishes hair well,1.41,India,2022
IN,HRC,rwa_driver_importance,Shine (Colour & Shine),India Sunsilk Blackshine LCS Shampoo South,BN43 or PR71,Competitor Chik Black Shampoo 6ml,overall opinion appearance of shampoo,NONE,gives my hair a natural movement,0.88,India,2021
IN,HRC,rwa_driver_importance,Dry,Dove Intense Repair Blind Test (CTI_Dove_IR_pdt_imp_IN_HV),UD68,Pantene: Damage Repair (sachet),overall opinion appearance of shampoo,NONE,effectively moisturizes hair,0.78,India,2022
IN,HRC,rwa_driver_importance,Dry,Dove Intense Repair Blind Test (CTI_Dove_IR_pdt_imp_IN_HV),UD68,Pantene: Damage Repair (sachet),overall opinion appearance of shampoo,NONE,makes my hair shiny,1.01,India,2022
IN,HRC,rwa_driver_importance,Dry,Dove Intense Repair Blind Test (CTI_Dove_IR_pdt_imp_IN_HV),UD68,Pantene: Damage Repair (sachet),overall opinion appearance of shampoo,NONE,makes hair soft and smooth,3.39,India,2022
IN,HRC,rwa_driver_importance,Hairfall,India Indulekha Hair Fall Hair Oil,NW40,Kesh King Hair Oil?,overall opinion product,NONE,reduces hair fall,1.72,India,2021
IN,HRC,rwa_driver_importance,Hairfall,India Indulekha Hair Fall Hair Oil,NW40,Kesh King Hair Oil?,overall opinion product,NONE,makes hair stronger,1.41,India,2021
IN,HRC,rwa_driver_importance,Shine (Colour & Shine),India Sunsilk Blackshine LCS Shampoo South,BN43 or PR71,Competitor Chik Black Shampoo 6ml,overall opinion appearance of shampoo,NONE,makes my hair shiny,1.16,India,2021
IN,HRC,rwa_driver_importance,Shine (Colour & Shine),India Sunsilk Blackshine LCS Shampoo South,BN43 or PR71,Competitor Chik Black Shampoo 6ml,overall opinion appearance of shampoo,NONE,reduces frizz fluff,1.33,India,2021
IN,HRC,rwa_driver_importance,Shine (Colour & Shine),India Sunsilk Blackshine LCS Shampoo South,BN43 or PR71,Competitor Chik Black Shampoo 6ml,overall opinion appearance of shampoo,NONE,smoother sleeker hair,0.83,India,2021
IN,HRC,rwa_driver_importance,Shine (Colour & Shine),India Sunsilk Blackshine LCS Shampoo South,BN43 or PR71,Competitor Chik Black Shampoo 6ml,overall opinion appearance of shampoo,NONE,enhances the black colour of my hair,0.49,India,2021
IN,HRC,rwa_driver_importance,Shine (Colour & Shine),India Sunsilk Blackshine LCS Shampoo South,BN43 or PR71,Competitor Chik Black Shampoo 6ml,overall opinion appearance of shampoo,NONE,shampoo cleans my hair well,55.1,India,2021
IN,HRC,rwa_driver_importance,Shine (Colour & Shine),India Sunsilk Blackshine LCS Shampoo South,BN43 or PR71,Competitor Chik Black Shampoo 6ml,overall opinion color shampoo,NONE,Easy to lather,1.13,India,2021
IN,HRC,rwa_driver_importance,Shine (Colour & Shine),India Sunsilk Blackshine LCS Shampoo South,BN43 or PR71,Competitor Chik Black Shampoo 6ml,overall opinion color shampoo,NONE,Ease of rinse off for the shampoo,5.37,India,2021
IN,HRC,rwa_driver_importance,Shine (Colour & Shine),India Sunsilk Blackshine LCS Shampoo South,BN43 or PR71,Competitor Chik Black Shampoo 6ml,overall opinion color shampoo,NONE,long lasting fragrance,9.1,India,2021
IN,HRC,rwa_driver_importance,Shine (Colour & Shine),India Sunsilk Blackshine LCS Shampoo South,BN43 or PR71,Competitor Chik Black Shampoo 6ml,overall opinion color shampoo,NONE,fragrance that i want to smell again and again,4.84,India,2021
IN,HRC,rwa_driver_importance,Shine (Colour & Shine),India Sunsilk Blackshine LCS Shampoo South,BN43 or PR71,Competitor Chik Black Shampoo 6ml,overall opinion color shampoo,NONE,makes my hair stronger,1.29,India,2021
IN,HRC,rwa_driver_importance,Shine (Colour & Shine),India Sunsilk Blackshine LCS Shampoo South,BN43 or PR71,Competitor Chik Black Shampoo 6ml,overall opinion color shampoo,NONE,cares for my hair,2.42,India,2021
IN,HRC,rwa_driver_importance,Shine (Colour & Shine),India Sunsilk Blackshine LCS Shampoo South,BN43 or PR71,Competitor Chik Black Shampoo 6ml,overall opinion color shampoo,NONE,is delightful to use,5.04,India,2021
IN,HRC,rwa_driver_importance,Shine (Colour & Shine),India Sunsilk Blackshine LCS Shampoo South,BN43 or PR71,Competitor Chik Black Shampoo 6ml,overall opinion color shampoo,NONE,gives nourishment to my hair,1.62,India,2021
IN,HRC,rwa_driver_importance,Shine (Colour & Shine),India Sunsilk Blackshine LCS Shampoo South,BN43 or PR71,Competitor Chik Black Shampoo 6ml,overall opinion color shampoo,NONE,enhances the color vibrancy of my hair,3.88,India,2021
IN,HRC,rwa_driver_importance,Shine (Colour & Shine),India Sunsilk Blackshine LCS Shampoo South,BN43 or PR71,Competitor Chik Black Shampoo 6ml,overall opinion color shampoo,NONE,makes my hair look beautiful,9.72,India,2021
IN,HRC,rwa_driver_importance,Shine (Colour & Shine),India Sunsilk Blackshine LCS Shampoo South,BN43 or PR71,Competitor Chik Black Shampoo 6ml,overall opinion color shampoo,NONE,makes hair soft smooth,2.84,India,2021
IN,HRC,rwa_driver_importance,Shine (Colour & Shine),India Sunsilk Blackshine LCS Shampoo South,BN43 or PR71,Competitor Chik Black Shampoo 6ml,overall opinion color shampoo,NONE,makes my hair shiny,2.49,India,2021
IN,HRC,rwa_driver_importance,Shine (Colour & Shine),India Sunsilk Blackshine LCS Shampoo South,BN43 or PR71,Competitor Chik Black Shampoo 6ml,overall opinion color shampoo,NONE,reduces frizz fluff,1.65,India,2021
IN,HRC,rwa_driver_importance,Dry,Dove Intense Repair Blind Test (CTI_Dove_IR_pdt_imp_IN_HV),UD68,Pantene: Damage Repair (sachet),overall opinion appearance of shampoo,NONE,makes my hair strong,13.78,India,2022
IN,HRC,rwa_driver_importance,Dry,Dove Intense Repair Blind Test (CTI_Dove_IR_pdt_imp_IN_HV),UD68,Pantene: Damage Repair (sachet),overall opinion appearance of shampoo,NONE,controls reduces fluff or frizz,2.72,India,2022
IN,HRC,rwa_driver_importance,Dry,Dove Intense Repair Blind Test (CTI_Dove_IR_pdt_imp_IN_HV),UD68,Pantene: Damage Repair (sachet),overall opinion appearance of shampoo,NONE,reduces dry rough ends,3.51,India,2022
IN,HRC,rwa_driver_importance,Dry,Dove Intense Repair Blind Test (CTI_Dove_IR_pdt_imp_IN_HV),UD68,Pantene: Damage Repair (sachet),overall opinion appearance of shampoo,NONE,repairs damaged hair,3.83,India,2022
IN,HRC,rwa_driver_importance,Dry,Dove Intense Repair Blind Test (CTI_Dove_IR_pdt_imp_IN_HV),UD68,Pantene: Damage Repair (sachet),overall opinion appearance of shampoo,NONE,shampoo cleans my hair well,8.06,India,2022
IN,HRC,rwa_driver_importance,Dry,Dove Intense Repair Blind Test (CTI_Dove_IR_pdt_imp_IN_HV),UD68,Pantene: Damage Repair (sachet),overall opinion appearance of shampoo,NONE,reduces hair breakage,6.41,India,2022
IN,HRC,rwa_driver_importance,Dry,Dove Intense Repair Blind Test (CTI_Dove_IR_pdt_imp_IN_HV),UD68,Pantene: Damage Repair (sachet),overall opinion appearance of shampoo,NONE,shampoo rinses off easily,0.76,India,2022
IN,HRC,rwa_driver_importance,Dry,Dove Intense Repair Blind Test (CTI_Dove_IR_pdt_imp_IN_HV),UD68,Pantene: Damage Repair (sachet),overall opinion color shampoo,NONE,long lasting fragrance,9.21,India,2022
IN,HRC,rwa_driver_importance,Dry,Dove Intense Repair Blind Test (CTI_Dove_IR_pdt_imp_IN_HV),UD68,Pantene: Damage Repair (sachet),overall opinion color shampoo,NONE,fragrance that i want to smell again and again,17.06,India,2022
IN,HRC,rwa_driver_importance,Dry,Dove Intense Repair Blind Test (CTI_Dove_IR_pdt_imp_IN_HV),UD68,Pantene: Damage Repair (sachet),overall opinion color shampoo,NONE,makes hair healthier,3.74,India,2022
IN,HRC,rwa_driver_importance,Dry,Dove Intense Repair Blind Test (CTI_Dove_IR_pdt_imp_IN_HV),UD68,Pantene: Damage Repair (sachet),overall opinion color shampoo,NONE,gives healthy looking hair,3.32,India,2022
IN,HRC,rwa_driver_importance,Dry,Dove Intense Repair Blind Test (CTI_Dove_IR_pdt_imp_IN_HV),UD68,Pantene: Damage Repair (sachet),overall opinion color shampoo,NONE,easy to finger through comb when wet,5.63,India,2022
IN,HRC,rwa_driver_importance,Dry,Dove Intense Repair Blind Test (CTI_Dove_IR_pdt_imp_IN_HV),UD68,Pantene: Damage Repair (sachet),overall opinion color shampoo,NONE,is pleasurable to use,3.64,India,2022
IN,HRC,rwa_driver_importance,Dry,Dove Intense Repair Blind Test (CTI_Dove_IR_pdt_imp_IN_HV),UD68,Pantene: Damage Repair (sachet),overall opinion color shampoo,NONE,makes my hair easy to manage,1.72,India,2022
IN,HRC,rwa_driver_importance,Dry,Dove Intense Repair Blind Test (CTI_Dove_IR_pdt_imp_IN_HV),UD68,Pantene: Damage Repair (sachet),overall opinion color shampoo,NONE,makes my hair beautiful,1.49,India,2022
IN,HRC,rwa_driver_importance,Dry,Dove Intense Repair Blind Test (CTI_Dove_IR_pdt_imp_IN_HV),UD68,Pantene: Damage Repair (sachet),overall opinion color shampoo,NONE,is a high quality product,11.68,India,2022
IN,HRC,rwa_driver_importance,Dry,Dove Intense Repair Blind Test (CTI_Dove_IR_pdt_imp_IN_HV),UD68,Pantene: Damage Repair (sachet),overall opinion color shampoo,NONE,nourishes hair well,0.83,India,2022
IN,HRC,rwa_driver_importance,Dry,Dove Intense Repair Blind Test (CTI_Dove_IR_pdt_imp_IN_HV),UD68,Pantene: Damage Repair (sachet),overall opinion color shampoo,NONE,effectively moisturizes hair,1.19,India,2022
IN,HRC,rwa_driver_importance,Dry,Dove Intense Repair Blind Test (CTI_Dove_IR_pdt_imp_IN_HV),UD68,Pantene: Damage Repair (sachet),overall opinion color shampoo,NONE,makes my hair shiny,1.48,India,2022
IN,HRC,rwa_driver_importance,Dry,Dove Intense Repair Blind Test (CTI_Dove_IR_pdt_imp_IN_HV),UD68,Pantene: Damage Repair (sachet),overall opinion color shampoo,NONE,makes hair soft and smooth,2.77,India,2022
IN,HRC,rwa_driver_importance,Dry,Dove Intense Repair Blind Test (CTI_Dove_IR_pdt_imp_IN_HV),UD68,Pantene: Damage Repair (sachet),overall opinion color shampoo,NONE,makes my hair strong,9.68,India,2022
IN,HRC,rwa_driver_importance,Dry,Dove Intense Repair Blind Test (CTI_Dove_IR_pdt_imp_IN_HV),UD68,Pantene: Damage Repair (sachet),overall opinion color shampoo,NONE,controls reduces fluff or frizz,2.06,India,2022
IN,HRC,rwa_driver_importance,Dry,Dove Intense Repair Blind Test (CTI_Dove_IR_pdt_imp_IN_HV),UD68,Pantene: Damage Repair (sachet),overall opinion color shampoo,NONE,reduces dry rough ends,4.59,India,2022
IN,HRC,rwa_driver_importance,Dry,Dove Intense Repair Blind Test (CTI_Dove_IR_pdt_imp_IN_HV),UD68,Pantene: Damage Repair (sachet),overall opinion color shampoo,NONE,repairs damaged hair,3.68,India,2022
IN,HRC,rwa_driver_importance,Dry,Dove Intense Repair Blind Test (CTI_Dove_IR_pdt_imp_IN_HV),UD68,Pantene: Damage Repair (sachet),overall opinion color shampoo,NONE,reduces hair breakage,10.8,India,2022
IN,HRC,rwa_driver_importance,Dry,Dove Intense Repair Blind Test (CTI_Dove_IR_pdt_imp_IN_HV),UD68,Pantene: Damage Repair (sachet),overall opinion color shampoo,NONE,shampoo rinses off easily,0.65,India,2022
IN,HRC,rwa_driver_importance,Dry,Dove Intense Repair Blind Test (CTI_Dove_IR_pdt_imp_IN_HV),UD68,Pantene: Damage Repair (sachet),overall opinion color shampoo,NONE,shampoo cleans my hair well,4.78,India,2022
IN,HRC,rwa_driver_importance,Shine (Colour & Shine),CMI_Sunsilk Black LCS_Branded_North,KM47,Competition North - Dabur Vatika Health,overall opinion product,NONE,joyful fragrance,12.33,India,2022
IN,HRC,rwa_driver_importance,Shine (Colour & Shine),CMI_Sunsilk Black LCS_Branded_North,KM47,Competition North - Dabur Vatika Health,overall opinion product,NONE,modern trendy fragrance,9.97,India,2022
IN,HRC,rwa_driver_importance,Shine (Colour & Shine),CMI_Sunsilk Black LCS_Branded_North,KM47,Competition North - Dabur Vatika Health,overall opinion product,NONE,long lasting fragrance,6.09,India,2022
IN,HRC,rwa_driver_importance,Shine (Colour & Shine),CMI_Sunsilk Black LCS_Branded_North,KM47,Competition North - Dabur Vatika Health,overall opinion product,NONE,fragrance that i want to smell again and again,2.11,India,2022
IN,HRC,rwa_driver_importance,Shine (Colour & Shine),CMI_Sunsilk Black LCS_Branded_North,KM47,Competition North - Dabur Vatika Health,overall opinion product,NONE,feminine fragrance,3.61,India,2022
IN,HRC,rwa_driver_importance,Shine (Colour & Shine),CMI_Sunsilk Black LCS_Branded_North,KM47,Competition North - Dabur Vatika Health,overall opinion product,NONE,fresh fragrance,4.14,India,2022
IN,HRC,rwa_driver_importance,Shine (Colour & Shine),CMI_Sunsilk Black LCS_Branded_North,KM47,Competition North - Dabur Vatika Health,overall opinion product,NONE,makes my hair manageable,3.19,India,2022
IN,HRC,rwa_driver_importance,Shine (Colour & Shine),CMI_Sunsilk Black LCS_Branded_North,KM47,Competition North - Dabur Vatika Health,overall opinion product,NONE,is delightful to use,3.11,India,2022
IN,HRC,rwa_driver_importance,Shine (Colour & Shine),CMI_Sunsilk Black LCS_Branded_North,KM47,Competition North - Dabur Vatika Health,overall opinion product,NONE,gives nourishment to my hair,2.51,India,2022
IN,HRC,rwa_driver_importance,Shine (Colour & Shine),CMI_Sunsilk Black LCS_Branded_North,KM47,Competition North - Dabur Vatika Health,overall opinion product,NONE,helps you feel fired up,8.9,India,2022
IN,HRC,rwa_driver_importance,Shine (Colour & Shine),CMI_Sunsilk Black LCS_Branded_North,KM47,Competition North - Dabur Vatika Health,overall opinion product,NONE,gives me hair that is full of life,5.11,India,2022
IN,HRC,rwa_driver_importance,Shine (Colour & Shine),CMI_Sunsilk Black LCS_Branded_North,KM47,Competition North - Dabur Vatika Health,overall opinion product,NONE,makes my hair look beautiful,1.75,India,2022
IN,HRC,rwa_driver_importance,Shine (Colour & Shine),CMI_Sunsilk Black LCS_Branded_North,KM47,Competition North - Dabur Vatika Health,overall opinion product,NONE,easy to comb finger through when wet,2.46,India,2022
IN,HRC,rwa_driver_importance,Shine (Colour & Shine),CMI_Sunsilk Black LCS_Branded_North,KM47,Competition North - Dabur Vatika Health,overall opinion product,NONE,makes hair soft smooth,8.6,India,2022
IN,HRC,rwa_driver_importance,Shine (Colour & Shine),CMI_Sunsilk Black LCS_Branded_North,KM47,Competition North - Dabur Vatika Health,overall opinion product,NONE,gives my hair a natural movement,4.72,India,2022
IN,HRC,rwa_driver_importance,Shine (Colour & Shine),CMI_Sunsilk Black LCS_Branded_North,KM47,Competition North - Dabur Vatika Health,overall opinion product,NONE,makes my hair shiny,2.74,India,2022
IN,HRC,rwa_driver_importance,Shine (Colour & Shine),CMI_Sunsilk Black LCS_Branded_North,KM47,Competition North - Dabur Vatika Health,overall opinion product,NONE,reduces frizz fluff,1.28,India,2022
IN,HRC,rwa_driver_importance,Shine (Colour & Shine),CMI_Sunsilk Black LCS_Branded_North,KM47,Competition North - Dabur Vatika Health,overall opinion product,NONE,makes my hair stronger,2.49,India,2022
IN,HRC,rwa_driver_importance,Shine (Colour & Shine),CMI_Sunsilk Black LCS_Branded_North,KM47,Competition North - Dabur Vatika Health,overall opinion product,NONE,smoother sleeker hair,1.72,India,2022
IN,HRC,rwa_driver_importance,Shine (Colour & Shine),CMI_Sunsilk Black LCS_Branded_North,KM47,Competition North - Dabur Vatika Health,overall opinion product,NONE,enhances the black colour of my hair,9.0,India,2022
IN,HRC,rwa_driver_importance,Shine (Colour & Shine),CMI_Sunsilk Black LCS_Branded_North,KM47,Competition North - Dabur Vatika Health,overall opinion product,NONE,shampoo rinses off easily,1.41,India,2022
IN,HRC,rwa_driver_importance,Shine (Colour & Shine),CMI_Sunsilk Black LCS_Branded_North,KM47,Competition North - Dabur Vatika Health,overall opinion product,NONE,shampoo cleans my hair well,2.76,India,2022
IN,HRC,rwa_driver_importance,Shine (Colour & Shine),CMI_Sunsilk Black LCS_Branded_North,KM47,Competition North - Dabur Vatika Health,overall opinion appearance of shampoo,NONE,joyful fragrance,2.54,India,2022
IN,HRC,rwa_driver_importance,Shine (Colour & Shine),CMI_Sunsilk Black LCS_Branded_North,KM47,Competition North - Dabur Vatika Health,overall opinion appearance of shampoo,NONE,modern trendy fragrance,2.3,India,2022
IN,HRC,rwa_driver_importance,Shine (Colour & Shine),CMI_Sunsilk Black LCS_Branded_North,KM47,Competition North - Dabur Vatika Health,overall opinion appearance of shampoo,NONE,long lasting fragrance,7.49,India,2022
IN,HRC,rwa_driver_importance,Shine (Colour & Shine),CMI_Sunsilk Black LCS_Branded_North,KM47,Competition North - Dabur Vatika Health,overall opinion appearance of shampoo,NONE,fragrance that i want to smell again and again,2.34,India,2022
IN,HRC,rwa_driver_importance,Shine (Colour & Shine),CMI_Sunsilk Black LCS_Branded_North,KM47,Competition North - Dabur Vatika Health,overall opinion appearance of shampoo,NONE,feminine fragrance,2.34,India,2022
IN,HRC,rwa_driver_importance,Shine (Colour & Shine),CMI_Sunsilk Black LCS_Branded_North,KM47,Competition North - Dabur Vatika Health,overall opinion appearance of shampoo,NONE,fresh fragrance,5.93,India,2022
IN,HRC,rwa_driver_importance,Shine (Colour & Shine),CMI_Sunsilk Black LCS_Branded_North,KM47,Competition North - Dabur Vatika Health,overall opinion appearance of shampoo,NONE,makes my hair manageable,4.13,India,2022
IN,HRC,rwa_driver_importance,Shine (Colour & Shine),CMI_Sunsilk Black LCS_Branded_North,KM47,Competition North - Dabur Vatika Health,overall opinion appearance of shampoo,NONE,is delightful to use,6.23,India,2022
IN,HRC,rwa_driver_importance,Shine (Colour & Shine),CMI_Sunsilk Black LCS_Branded_North,KM47,Competition North - Dabur Vatika Health,overall opinion appearance of shampoo,NONE,gives nourishment to my hair,2.38,India,2022
IN,HRC,rwa_driver_importance,Shine (Colour & Shine),CMI_Sunsilk Black LCS_Branded_North,KM47,Competition North - Dabur Vatika Health,overall opinion appearance of shampoo,NONE,helps you feel fired up,14.42,India,2022
IN,HRC,rwa_driver_importance,Shine (Colour & Shine),CMI_Sunsilk Black LCS_Branded_North,KM47,Competition North - Dabur Vatika Health,overall opinion appearance of shampoo,NONE,makes hair soft smooth,2.44,India,2022
IN,HRC,rwa_driver_importance,Shine (Colour & Shine),CMI_Sunsilk Black LCS_Branded_North,KM47,Competition North - Dabur Vatika Health,overall opinion appearance of shampoo,NONE,makes my hair shiny,6.31,India,2022
IN,HRC,rwa_driver_importance,Shine (Colour & Shine),CMI_Sunsilk Black LCS_Branded_North,KM47,Competition North - Dabur Vatika Health,overall opinion appearance of shampoo,NONE,reduces frizz fluff,1.45,India,2022
IN,HRC,rwa_driver_importance,Shine (Colour & Shine),CMI_Sunsilk Black LCS_Branded_North,KM47,Competition North - Dabur Vatika Health,overall opinion appearance of shampoo,NONE,gives me hair that is full of life,3.54,India,2022
IN,HRC,rwa_driver_importance,Shine (Colour & Shine),CMI_Sunsilk Black LCS_Branded_North,KM47,Competition North - Dabur Vatika Health,overall opinion appearance of shampoo,NONE,makes my hair look beautiful,8.0,India,2022
IN,HRC,rwa_driver_importance,Shine (Colour & Shine),CMI_Sunsilk Black LCS_Branded_North,KM47,Competition North - Dabur Vatika Health,overall opinion appearance of shampoo,NONE,easy to comb finger through when wet,1.82,India,2022
IN,HRC,rwa_driver_importance,Shine (Colour & Shine),CMI_Sunsilk Black LCS_Branded_North,KM47,Competition North - Dabur Vatika Health,overall opinion appearance of shampoo,NONE,gives my hair a natural movement,5.53,India,2022
IN,HRC,rwa_driver_importance,Shine (Colour & Shine),CMI_Sunsilk Black LCS_Branded_North,KM47,Competition North - Dabur Vatika Health,overall opinion appearance of shampoo,NONE,makes my hair stronger,7.61,India,2022
IN,HRC,rwa_driver_importance,Shine (Colour & Shine),CMI_Sunsilk Black LCS_Branded_North,KM47,Competition North - Dabur Vatika Health,overall opinion appearance of shampoo,NONE,smoother sleeker hair,5.74,India,2022
IN,HRC,rwa_driver_importance,Shine (Colour & Shine),CMI_Sunsilk Black LCS_Branded_North,KM47,Competition North - Dabur Vatika Health,overall opinion appearance of shampoo,NONE,enhances the black colour of my hair,0.98,India,2022
IN,HRC,rwa_driver_importance,Shine (Colour & Shine),CMI_Sunsilk Black LCS_Branded_North,KM47,Competition North - Dabur Vatika Health,overall opinion appearance of shampoo,NONE,shampoo rinses off easily,1.79,India,2022
IN,HRC,rwa_driver_importance,Shine (Colour & Shine),CMI_Sunsilk Black LCS_Branded_North,KM47,Competition North - Dabur Vatika Health,overall opinion appearance of shampoo,NONE,shampoo cleans my hair well,4.68,India,2022
IN,HRC,rwa_driver_importance,Shine (Colour & Shine),CMI_Sunsilk Black LCS_Branded_North,KM47,Competition North - Dabur Vatika Health,overall opinion color shampoo,NONE,joyful fragrance,3.01,India,2022
IN,HRC,rwa_driver_importance,Shine (Colour & Shine),CMI_Sunsilk Black LCS_Branded_North,KM47,Competition North - Dabur Vatika Health,overall opinion color shampoo,NONE,modern trendy fragrance,2.28,India,2022
IN,HRC,rwa_driver_importance,Shine (Colour & Shine),CMI_Sunsilk Black LCS_Branded_North,KM47,Competition North - Dabur Vatika Health,overall opinion color shampoo,NONE,long lasting fragrance,13.45,India,2022
IN,HRC,rwa_driver_importance,Shine (Colour & Shine),CMI_Sunsilk Black LCS_Branded_North,KM47,Competition North - Dabur Vatika Health,overall opinion color shampoo,NONE,fragrance that i want to smell again and again,4.39,India,2022
IN,HRC,rwa_driver_importance,Shine (Colour & Shine),CMI_Sunsilk Black LCS_Branded_North,KM47,Competition North - Dabur Vatika Health,overall opinion color shampoo,NONE,feminine fragrance,5.46,India,2022
IN,HRC,rwa_driver_importance,Dry,Dove Intense Repair Blind Test (CTI_Dove_IR_pdt_imp_IN_HV),ZV25,Pantene: Damage Repair (bottle),overall opinion product,NONE,is a high quality product,13.48,India,2022
IN,HRC,rwa_driver_importance,Hairfall,India Indulekha Hair Fall Hair Oil,NW40,Kesh King Hair Oil?,overall opinion product,NONE,make my hair easy to comb when wet,1.42,India,2021
IN,HRC,rwa_driver_importance,Dry,Dove Intense Repair Blind Test (CTI_Dove_IR_pdt_imp_IN_HV),ZV25,Pantene: Damage Repair (bottle),overall opinion product,NONE,nourishes hair well,1.49,India,2022
IN,HRC,rwa_driver_importance,Hairfall,India Indulekha Hair Fall Hair Oil,NW40,Kesh King Hair Oil?,overall opinion product,NONE,does not cause dandruff flakes,2.35,India,2021
IN,HRC,rwa_driver_importance,Shine (Colour & Shine),CMI_Sunsilk Black LCS_Branded_North,KM47,Competition North - Dabur Vatika Health,overall opinion color shampoo,NONE,fresh fragrance,2.48,India,2022
IN,HRC,rwa_driver_importance,Shine (Colour & Shine),CMI_Sunsilk Black LCS_Branded_North,KM47,Competition North - Dabur Vatika Health,overall opinion color shampoo,NONE,makes my hair manageable,3.71,India,2022
IN,HRC,rwa_driver_importance,Hairfall,India Indulekha Hair Fall Hair Oil,NW40,Kesh King Hair Oil?,overall opinion product,NONE,absorbs easily into hair,27.69,India,2021
IN,HRC,rwa_driver_importance,Hairfall,India Indulekha Hair Fall Hair Oil,NW40,Kesh King Hair Oil?,overall opinion appearance of shampoo,NONE,grows new hair/ improves hair density,2.39,India,2021
IN,HRC,rwa_driver_importance,Hairfall,India Indulekha Hair Fall Hair Oil,NW40,Kesh King Hair Oil?,overall opinion appearance of shampoo,NONE,is an ayurvedic medicine,1.98,India,2021
IN,HRC,rwa_driver_importance,Hairfall,India Indulekha Hair Fall Hair Oil,NW40,Kesh King Hair Oil?,overall opinion appearance of shampoo,NONE,is suitable for whole family,6.93,India,2021
IN,HRC,rwa_driver_importance,Hairfall,India Indulekha Hair Fall Hair Oil,NW40,Kesh King Hair Oil?,overall opinion appearance of shampoo,NONE,is suitable for daily use,0.93,India,2021
IN,HRC,rwa_driver_importance,Hairfall,India Indulekha Hair Fall Hair Oil,NW40,Kesh King Hair Oil?,overall opinion appearance of shampoo,NONE,has a pleasant fragrance,2.33,India,2021
IN,HRC,rwa_driver_importance,Hairfall,India Indulekha Hair Fall Hair Oil,NW40,Kesh King Hair Oil?,overall opinion appearance of shampoo,NONE,rinses off easily,1.44,India,2021
IN,HRC,rwa_driver_importance,Hairfall,India Indulekha Hair Fall Hair Oil,NW40,Kesh King Hair Oil?,overall opinion appearance of shampoo,NONE,has the right amount of stickiness,4.97,India,2021
IN,HRC,rwa_driver_importance,Hairfall,India Indulekha Hair Fall Hair Oil,NW40,Kesh King Hair Oil?,overall opinion appearance of shampoo,NONE,does not cause irritation or itching to my scalp,0.9,India,2021
IN,HRC,rwa_driver_importance,Hairfall,India Indulekha Hair Fall Hair Oil,NW40,Kesh King Hair Oil?,overall opinion appearance of shampoo,NONE,absorbs well into the scalp,2.25,India,2021
IN,HRC,rwa_driver_importance,Hairfall,India Indulekha Hair Fall Hair Oil,NW40,Kesh King Hair Oil?,overall opinion appearance of shampoo,NONE,has effective ingredients,2.71,India,2021
IN,HRC,rwa_driver_importance,Hairfall,India Indulekha Hair Fall Hair Oil,NW40,Kesh King Hair Oil?,overall opinion appearance of shampoo,NONE,nourishes my scalp,9.63,India,2021
IN,HRC,rwa_driver_importance,Hairfall,India Indulekha Hair Fall Hair Oil,NW40,Kesh King Hair Oil?,overall opinion appearance of shampoo,NONE,helps hair grow longer,5.42,India,2021
IN,HRC,rwa_driver_importance,Hairfall,India Indulekha Hair Fall Hair Oil,NW40,Kesh King Hair Oil?,overall opinion appearance of shampoo,NONE,makes hair easy to manage or style,1.31,India,2021
IN,HRC,rwa_driver_importance,Hairfall,India Indulekha Hair Fall Hair Oil,NW40,Kesh King Hair Oil?,overall opinion appearance of shampoo,NONE,hair looks healthy,1.11,India,2021
IN,HRC,rwa_driver_importance,Hairfall,India Indulekha Hair Fall Hair Oil,NW40,Kesh King Hair Oil?,overall opinion appearance of shampoo,NONE,hair feels nourished,2.39,India,2021
IN,HRC,rwa_driver_importance,Hairfall,India Indulekha Hair Fall Hair Oil,NW40,Kesh King Hair Oil?,overall opinion appearance of shampoo,NONE,reduces hair breakage,9.87,India,2021
IN,HRC,rwa_driver_importance,Hairfall,India Indulekha Hair Fall Hair Oil,NW40,Kesh King Hair Oil?,overall opinion appearance of shampoo,NONE,reduces hair fall from roots,3.12,India,2021
IN,HRC,rwa_driver_importance,Hairfall,India Indulekha Hair Fall Hair Oil,NW40,Kesh King Hair Oil?,overall opinion appearance of shampoo,NONE,reduces hair fall,3.07,India,2021
IN,HRC,rwa_driver_importance,Hairfall,India Indulekha Hair Fall Hair Oil,NW40,Kesh King Hair Oil?,overall opinion appearance of shampoo,NONE,makes hair stronger,1.7,India,2021
IN,HRC,rwa_driver_importance,Hairfall,India Indulekha Hair Fall Hair Oil,NW40,Kesh King Hair Oil?,overall opinion appearance of shampoo,NONE,make my hair easy to comb when wet,1.41,India,2021
IN,HRC,rwa_driver_importance,Hairfall,India Indulekha Hair Fall Hair Oil,NW40,Kesh King Hair Oil?,overall opinion appearance of shampoo,NONE,does not cause dandruff flakes,1.28,India,2021
IN,HRC,rwa_driver_importance,Hairfall,India Indulekha Hair Fall Hair Oil,NW40,Kesh King Hair Oil?,overall opinion appearance of shampoo,NONE,absorbs easily into hair,32.86,India,2021
IN,HRC,rwa_driver_importance,Hairfall,India Indulekha Hair Fall Hair Oil,NW40,Kesh King Hair Oil?,overall opinion color shampoo,NONE,grows new hair/ improves hair density,2.23,India,2021
IN,HRC,rwa_driver_importance,Hairfall,India Indulekha Hair Fall Hair Oil,NW40,Kesh King Hair Oil?,overall opinion color shampoo,NONE,is an ayurvedic medicine,1.97,India,2021
IN,HRC,rwa_driver_importance,Hairfall,India Indulekha Hair Fall Hair Oil,NW40,Kesh King Hair Oil?,overall opinion color shampoo,NONE,is suitable for whole family,9.0,India,2021
IN,HRC,rwa_driver_importance,Hairfall,India Indulekha Hair Fall Hair Oil,NW40,Kesh King Hair Oil?,overall opinion color shampoo,NONE,is suitable for daily use,1.92,India,2021
IN,HRC,rwa_driver_importance,Hairfall,India Indulekha Hair Fall Hair Oil,NW40,Kesh King Hair Oil?,overall opinion color shampoo,NONE,has a pleasant fragrance,4.03,India,2021
IN,HRC,rwa_driver_importance,Hairfall,India Indulekha Hair Fall Hair Oil,NW40,Kesh King Hair Oil?,overall opinion color shampoo,NONE,rinses off easily,1.83,India,2021
IN,HRC,rwa_driver_importance,Hairfall,India Indulekha Hair Fall Hair Oil,NW40,Kesh King Hair Oil?,overall opinion color shampoo,NONE,has the right amount of stickiness,3.75,India,2021
IN,HRC,rwa_driver_importance,Hairfall,India Indulekha Hair Fall Hair Oil,NW40,Kesh King Hair Oil?,overall opinion color shampoo,NONE,does not cause irritation or itching to my scalp,1.74,India,2021
IN,HRC,rwa_driver_importance,Hairfall,India Indulekha Hair Fall Hair Oil,NW40,Kesh King Hair Oil?,overall opinion color shampoo,NONE,absorbs well into the scalp,2.49,India,2021
IN,HRC,rwa_driver_importance,Hairfall,India Indulekha Hair Fall Hair Oil,NW40,Kesh King Hair Oil?,overall opinion color shampoo,NONE,has effective ingredients,2.1,India,2021
IN,HRC,rwa_driver_importance,Hairfall,India Indulekha Hair Fall Hair Oil,NW40,Kesh King Hair Oil?,overall opinion color shampoo,NONE,nourishes my scalp,1.94,India,2021
IN,HRC,rwa_driver_importance,Hairfall,India Indulekha Hair Fall Hair Oil,NW40,Kesh King Hair Oil?,overall opinion color shampoo,NONE,helps hair grow longer,2.55,India,2021
IN,HRC,rwa_driver_importance,Hairfall,India Indulekha Hair Fall Hair Oil,NW40,Kesh King Hair Oil?,overall opinion color shampoo,NONE,makes hair easy to manage or style,0.84,India,2021
IN,HRC,rwa_driver_importance,Hairfall,India Indulekha Hair Fall Hair Oil,NW40,Kesh King Hair Oil?,overall opinion color shampoo,NONE,hair looks healthy,1.45,India,2021
IN,HRC,rwa_driver_importance,Hairfall,India Indulekha Hair Fall Hair Oil,NW40,Kesh King Hair Oil?,overall opinion color shampoo,NONE,hair feels nourished,1.17,India,2021
IN,HRC,rwa_driver_importance,Hairfall,India Indulekha Hair Fall Hair Oil,NW40,Kesh King Hair Oil?,overall opinion color shampoo,NONE,reduces hair breakage,5.68,India,2021
IN,HRC,rwa_driver_importance,Hairfall,India Indulekha Hair Fall Hair Oil,NW40,Kesh King Hair Oil?,overall opinion color shampoo,NONE,reduces hair fall from roots,2.8,India,2021
IN,HRC,rwa_driver_importance,Hairfall,India Indulekha Hair Fall Hair Oil,NW40,Kesh King Hair Oil?,overall opinion color shampoo,NONE,reduces hair fall,1.21,India,2021
IN,HRC,rwa_driver_importance,Hairfall,India Indulekha Hair Fall Hair Oil,NW40,Kesh King Hair Oil?,overall opinion color shampoo,NONE,makes hair stronger,1.78,India,2021
IN,HRC,rwa_driver_importance,Hairfall,India Indulekha Hair Fall Hair Oil,NW40,Kesh King Hair Oil?,overall opinion color shampoo,NONE,make my hair easy to comb when wet,2.68,India,2021
IN,HRC,rwa_driver_importance,Hairfall,India Indulekha Hair Fall Hair Oil,NW40,Kesh King Hair Oil?,overall opinion color shampoo,NONE,does not cause dandruff flakes,4.26,India,2021
IN,HRC,rwa_driver_importance,Hairfall,India Indulekha Hair Fall Hair Oil,NW40,Kesh King Hair Oil?,overall opinion color shampoo,NONE,absorbs easily into hair,42.56,India,2021
IN,HRC,rwa_driver_importance,Hairfall,India Indulekha Hair Fall Hair Oil,AR60,Indulekha Hair Oil? Current,overall opinion product,NONE,grows new hair/ improves hair density,1.84,India,2021
IN,HRC,rwa_driver_importance,Hairfall,India Indulekha Hair Fall Hair Oil,AR60,Indulekha Hair Oil? Current,overall opinion product,NONE,is an ayurvedic medicine,2.53,India,2021
IN,HRC,rwa_driver_importance,Hairfall,India Indulekha Hair Fall Hair Oil,AR60,Indulekha Hair Oil? Current,overall opinion product,NONE,is suitable for whole family,1.76,India,2021
IN,HRC,rwa_driver_importance,Hairfall,India Indulekha Hair Fall Hair Oil,AR60,Indulekha Hair Oil? Current,overall opinion product,NONE,is suitable for daily use,4.55,India,2021
IN,HRC,rwa_driver_importance,Hairfall,India Indulekha Hair Fall Hair Oil,AR60,Indulekha Hair Oil? Current,overall opinion product,NONE,has a pleasant fragrance,2.64,India,2021
IN,HRC,rwa_driver_importance,Hairfall,India Indulekha Hair Fall Hair Oil,AR60,Indulekha Hair Oil? Current,overall opinion product,NONE,rinses off easily,3.57,India,2021
IN,HRC,rwa_driver_importance,Hairfall,India Indulekha Hair Fall Hair Oil,AR60,Indulekha Hair Oil? Current,overall opinion product,NONE,has the right amount of stickiness,1.77,India,2021
IN,HRC,rwa_driver_importance,Hairfall,India Indulekha Hair Fall Hair Oil,AR60,Indulekha Hair Oil? Current,overall opinion product,NONE,does not cause irritation or itching to my scalp,8.5,India,2021
IN,HRC,rwa_driver_importance,Hairfall,India Indulekha Hair Fall Hair Oil,AR60,Indulekha Hair Oil? Current,overall opinion product,NONE,absorbs well into the scalp,1.59,India,2021
IN,HRC,rwa_driver_importance,Hairfall,India Indulekha Hair Fall Hair Oil,AR60,Indulekha Hair Oil? Current,overall opinion product,NONE,has effective ingredients,1.53,India,2021
IN,HRC,rwa_driver_importance,Hairfall,India Indulekha Hair Fall Hair Oil,AR60,Indulekha Hair Oil? Current,overall opinion product,NONE,nourishes my scalp,2.81,India,2021
IN,HRC,rwa_driver_importance,Hairfall,India Indulekha Hair Fall Hair Oil,AR60,Indulekha Hair Oil? Current,overall opinion product,NONE,helps hair grow longer,2.84,India,2021
IN,HRC,rwa_driver_importance,Hairfall,India Indulekha Hair Fall Hair Oil,AR60,Indulekha Hair Oil? Current,overall opinion product,NONE,makes hair easy to manage or style,1.51,India,2021
IN,HRC,rwa_driver_importance,Hairfall,India Indulekha Hair Fall Hair Oil,AR60,Indulekha Hair Oil? Current,overall opinion product,NONE,hair looks healthy,6.22,India,2021
IN,HRC,rwa_driver_importance,Hairfall,India Indulekha Hair Fall Hair Oil,AR60,Indulekha Hair Oil? Current,overall opinion product,NONE,hair feels nourished,1.79,India,2021
IN,HRC,rwa_driver_importance,Hairfall,India Indulekha Hair Fall Hair Oil,AR60,Indulekha Hair Oil? Current,overall opinion product,NONE,reduces hair breakage,6.43,India,2021
IN,HRC,rwa_driver_importance,Hairfall,India Indulekha Hair Fall Hair Oil,AR60,Indulekha Hair Oil? Current,overall opinion product,NONE,reduces hair fall from roots,7.58,India,2021
IN,HRC,rwa_driver_importance,Hairfall,India Indulekha Hair Fall Hair Oil,AR60,Indulekha Hair Oil? Current,overall opinion product,NONE,reduces hair fall,2.97,India,2021
IN,HRC,rwa_driver_importance,Hairfall,India Indulekha Hair Fall Hair Oil,AR60,Indulekha Hair Oil? Current,overall opinion product,NONE,makes hair stronger,3.2,India,2021
IN,HRC,rwa_driver_importance,Hairfall,India Indulekha Hair Fall Hair Oil,AR60,Indulekha Hair Oil? Current,overall opinion product,NONE,make my hair easy to comb when wet,2.26,India,2021
IN,HRC,rwa_driver_importance,Hairfall,India Indulekha Hair Fall Hair Oil,AR60,Indulekha Hair Oil? Current,overall opinion product,NONE,does not cause dandruff flakes,3.57,India,2021
IN,HRC,rwa_driver_importance,Hairfall,India Indulekha Hair Fall Hair Oil,AR60,Indulekha Hair Oil? Current,overall opinion product,NONE,absorbs easily into hair,28.53,India,2021
IN,HRC,rwa_driver_importance,Hairfall,India Indulekha Hair Fall Hair Oil,AR60,Indulekha Hair Oil? Current,overall opinion appearance of shampoo,NONE,grows new hair/ improves hair density,2.99,India,2021
IN,HRC,rwa_driver_importance,Hairfall,India Indulekha Hair Fall Hair Oil,AR60,Indulekha Hair Oil? Current,overall opinion appearance of shampoo,NONE,is an ayurvedic medicine,3.85,India,2021
IN,HRC,rwa_driver_importance,Hairfall,India Indulekha Hair Fall Hair Oil,AR60,Indulekha Hair Oil? Current,overall opinion appearance of shampoo,NONE,is suitable for whole family,4.98,India,2021
IN,HRC,rwa_driver_importance,Hairfall,India Indulekha Hair Fall Hair Oil,AR60,Indulekha Hair Oil? Current,overall opinion appearance of shampoo,NONE,is suitable for daily use,3.06,India,2021
IN,HRC,rwa_driver_importance,Hairfall,India Indulekha Hair Fall Hair Oil,AR60,Indulekha Hair Oil? Current,overall opinion appearance of shampoo,NONE,has a pleasant fragrance,8.69,India,2021
IN,HRC,rwa_driver_importance,Hairfall,India Indulekha Hair Fall Hair Oil,AR60,Indulekha Hair Oil? Current,overall opinion appearance of shampoo,NONE,rinses off easily,4.67,India,2021
IN,HRC,rwa_driver_importance,Hairfall,India Indulekha Hair Fall Hair Oil,AR60,Indulekha Hair Oil? Current,overall opinion appearance of shampoo,NONE,has the right amount of stickiness,1.62,India,2021
IN,HRC,rwa_driver_importance,Hairfall,India Indulekha Hair Fall Hair Oil,AR60,Indulekha Hair Oil? Current,overall opinion appearance of shampoo,NONE,does not cause irritation or itching to my scalp,5.69,India,2021
IN,HRC,rwa_driver_importance,Hairfall,India Indulekha Hair Fall Hair Oil,AR60,Indulekha Hair Oil? Current,overall opinion appearance of shampoo,NONE,absorbs well into the scalp,2.13,India,2021
IN,HRC,rwa_driver_importance,Hairfall,India Indulekha Hair Fall Hair Oil,AR60,Indulekha Hair Oil? Current,overall opinion appearance of shampoo,NONE,has effective ingredients,3.79,India,2021
IN,HRC,rwa_driver_importance,Hairfall,India Indulekha Hair Fall Hair Oil,AR60,Indulekha Hair Oil? Current,overall opinion appearance of shampoo,NONE,nourishes my scalp,1.7,India,2021
IN,HRC,rwa_driver_importance,Hairfall,India Indulekha Hair Fall Hair Oil,AR60,Indulekha Hair Oil? Current,overall opinion appearance of shampoo,NONE,helps hair grow longer,5.83,India,2021
IN,HRC,rwa_driver_importance,Hairfall,India Indulekha Hair Fall Hair Oil,AR60,Indulekha Hair Oil? Current,overall opinion appearance of shampoo,NONE,makes hair easy to manage or style,1.51,India,2021
IN,HRC,rwa_driver_importance,Hairfall,India Indulekha Hair Fall Hair Oil,AR60,Indulekha Hair Oil? Current,overall opinion appearance of shampoo,NONE,hair looks healthy,11.23,India,2021
IN,HRC,rwa_driver_importance,Hairfall,India Indulekha Hair Fall Hair Oil,AR60,Indulekha Hair Oil? Current,overall opinion appearance of shampoo,NONE,hair feels nourished,2.14,India,2021
IN,HRC,rwa_driver_importance,Hairfall,India Indulekha Hair Fall Hair Oil,AR60,Indulekha Hair Oil? Current,overall opinion appearance of shampoo,NONE,reduces hair breakage,6.15,India,2021
IN,HRC,rwa_driver_importance,Shine (Colour & Shine),India Sunsilk Blackshine LCS Shampoo South,BN43 or PR71,Competitor Chik Black Shampoo 6ml,overall opinion color shampoo,NONE,easy to comb finger through when wet,3.04,India,2021
IN,HRC,rwa_driver_importance,Shine (Colour & Shine),India Sunsilk Blackshine LCS Shampoo South,BN43 or PR71,Competitor Chik Black Shampoo 6ml,overall opinion color shampoo,NONE,gives my hair a natural movement,1.24,India,2021
IN,HRC,rwa_driver_importance,Shine (Colour & Shine),India Sunsilk Blackshine LCS Shampoo South,BN43 or PR71,Competitor Chik Black Shampoo 6ml,overall opinion color shampoo,NONE,smoother sleeker hair,4.11,India,2021
IN,HRC,rwa_driver_importance,Shine (Colour & Shine),India Sunsilk Blackshine LCS Shampoo South,BN43 or PR71,Competitor Chik Black Shampoo 6ml,overall opinion color shampoo,NONE,enhances the black colour of my hair,0.91,India,2021
IN,HRC,rwa_driver_importance,Shine (Colour & Shine),India Sunsilk Blackshine LCS Shampoo South,BN43 or PR71,Competitor Chik Black Shampoo 6ml,overall opinion color shampoo,NONE,shampoo cleans my hair well,39.3,India,2021
IN,HRC,rwa_driver_importance,Hairfall,SOUTH Clinic Plus Sachet Benchmarking HUT,ST18,Dabur Vatika Re.1 LCS,overall opinion product,NONE,ease of rinsing off shampoo,4.03,India,2019
IN,HRC,rwa_driver_importance,Hairfall,SOUTH Clinic Plus Sachet Benchmarking HUT,ST18,Dabur Vatika Re.1 LCS,overall opinion product,NONE,ease of lathering shampoo,7.72,India,2019
IN,HRC,rwa_driver_importance,Hairfall,SOUTH Clinic Plus Sachet Benchmarking HUT,ST18,Dabur Vatika Re.1 LCS,overall opinion product,NONE,nourishes hair well,5.26,India,2019
IN,HRC,rwa_driver_importance,Hairfall,SOUTH Clinic Plus Sachet Benchmarking HUT,ST18,Dabur Vatika Re.1 LCS,overall opinion product,NONE,makes my hair beautiful,6.25,India,2019
IN,HRC,rwa_driver_importance,Hairfall,SOUTH Clinic Plus Sachet Benchmarking HUT,ST18,Dabur Vatika Re.1 LCS,overall opinion product,NONE,gives me the look i want,3.32,India,2019
IN,HRC,rwa_driver_importance,Hairfall,SOUTH Clinic Plus Sachet Benchmarking HUT,ST18,Dabur Vatika Re.1 LCS,overall opinion product,NONE,is a high quality product,4.23,India,2019
IN,HRC,rwa_driver_importance,Hairfall,SOUTH Clinic Plus Sachet Benchmarking HUT,ST18,Dabur Vatika Re.1 LCS,overall opinion product,NONE,is delightful to use,4.87,India,2019
IN,HRC,rwa_driver_importance,Hairfall,SOUTH Clinic Plus Sachet Benchmarking HUT,ST18,Dabur Vatika Re.1 LCS,overall opinion product,NONE,reduces hair breakage,5.14,India,2019
IN,HRC,rwa_driver_importance,Hairfall,SOUTH Clinic Plus Sachet Benchmarking HUT,ST18,Dabur Vatika Re.1 LCS,overall opinion product,NONE,reduces hair fall,5.08,India,2019
IN,HRC,rwa_driver_importance,Hairfall,SOUTH Clinic Plus Sachet Benchmarking HUT,ST18,Dabur Vatika Re.1 LCS,overall opinion product,NONE,makes hair stronger,4.44,India,2019
IN,HRC,rwa_driver_importance,Hairfall,SOUTH Clinic Plus Sachet Benchmarking HUT,ST18,Dabur Vatika Re.1 LCS,overall opinion product,NONE,prevents hair fall,5.8,India,2019
IN,HRC,rwa_driver_importance,Hairfall,SOUTH Clinic Plus Sachet Benchmarking HUT,ST18,Dabur Vatika Re.1 LCS,overall opinion product,NONE,makes my hair full and thick,7.21,India,2019
IN,HRC,rwa_driver_importance,Hairfall,SOUTH Clinic Plus Sachet Benchmarking HUT,ST18,Dabur Vatika Re.1 LCS,overall opinion product,NONE,does not make my hair limp,4.75,India,2019
IN,HRC,rwa_driver_importance,Hairfall,SOUTH Clinic Plus Sachet Benchmarking HUT,ST18,Dabur Vatika Re.1 LCS,overall opinion product,NONE,makes my hair soft and smooth,4.26,India,2019
IN,HRC,rwa_driver_importance,Hairfall,SOUTH Clinic Plus Sachet Benchmarking HUT,ST18,Dabur Vatika Re.1 LCS,overall opinion product,NONE,make my hair easy to comb when wet,5.65,India,2019
IN,HRC,rwa_driver_importance,Hairfall,SOUTH Clinic Plus Sachet Benchmarking HUT,ST18,Dabur Vatika Re.1 LCS,overall opinion product,NONE,makes my hair stronger,5.08,India,2019
IN,HRC,rwa_driver_importance,Hairfall,SOUTH Clinic Plus Sachet Benchmarking HUT,ST18,Dabur Vatika Re.1 LCS,overall opinion product,NONE,does not cause dandruff flakes,3.71,India,2019
IN,HRC,rwa_driver_importance,Hairfall,SOUTH Clinic Plus Sachet Benchmarking HUT,ST18,Dabur Vatika Re.1 LCS,overall opinion product,NONE,makes scalp healthy,8.17,India,2019
IN,HRC,rwa_driver_importance,Hairfall,SOUTH Clinic Plus Sachet Benchmarking HUT,ST18,Dabur Vatika Re.1 LCS,overall opinion product,NONE,shampoo cleans my hair well,5.03,India,2019
IN,HRC,rwa_driver_importance,Hairfall,SOUTH Clinic Plus Sachet Benchmarking HUT,ST18,Dabur Vatika Re.1 LCS,overall opinion appearance of shampoo,NONE,ease of rinsing off shampoo,16.46,India,2019
IN,HRC,rwa_driver_importance,Hairfall,SOUTH Clinic Plus Sachet Benchmarking HUT,ST18,Dabur Vatika Re.1 LCS,overall opinion appearance of shampoo,NONE,ease of lathering shampoo,16.26,India,2019
IN,HRC,rwa_driver_importance,Hairfall,SOUTH Clinic Plus Sachet Benchmarking HUT,ST18,Dabur Vatika Re.1 LCS,overall opinion appearance of shampoo,NONE,nourishes hair well,3.43,India,2019
IN,HRC,rwa_driver_importance,Hairfall,SOUTH Clinic Plus Sachet Benchmarking HUT,ST18,Dabur Vatika Re.1 LCS,overall opinion appearance of shampoo,NONE,makes my hair beautiful,3.51,India,2019
IN,HRC,rwa_driver_importance,Hairfall,SOUTH Clinic Plus Sachet Benchmarking HUT,ST18,Dabur Vatika Re.1 LCS,overall opinion appearance of shampoo,NONE,gives me the look i want,4.86,India,2019
IN,HRC,rwa_driver_importance,Hairfall,SOUTH Clinic Plus Sachet Benchmarking HUT,ST18,Dabur Vatika Re.1 LCS,overall opinion appearance of shampoo,NONE,is a high quality product,2.9,India,2019
IN,HRC,rwa_driver_importance,Hairfall,SOUTH Clinic Plus Sachet Benchmarking HUT,ST18,Dabur Vatika Re.1 LCS,overall opinion appearance of shampoo,NONE,is delightful to use,3.16,India,2019
IN,HRC,rwa_driver_importance,Hairfall,SOUTH Clinic Plus Sachet Benchmarking HUT,ST18,Dabur Vatika Re.1 LCS,overall opinion appearance of shampoo,NONE,reduces hair breakage,2.69,India,2019
IN,HRC,rwa_driver_importance,Hairfall,SOUTH Clinic Plus Sachet Benchmarking HUT,ST18,Dabur Vatika Re.1 LCS,overall opinion appearance of shampoo,NONE,reduces hair fall,4.44,India,2019
IN,HRC,rwa_driver_importance,Hairfall,SOUTH Clinic Plus Sachet Benchmarking HUT,ST18,Dabur Vatika Re.1 LCS,overall opinion appearance of shampoo,NONE,makes hair stronger,2.46,India,2019
IN,HRC,rwa_driver_importance,Hairfall,SOUTH Clinic Plus Sachet Benchmarking HUT,ST18,Dabur Vatika Re.1 LCS,overall opinion appearance of shampoo,NONE,prevents hair fall,3.41,India,2019
IN,HRC,rwa_driver_importance,Hairfall,SOUTH Clinic Plus Sachet Benchmarking HUT,ST18,Dabur Vatika Re.1 LCS,overall opinion appearance of shampoo,NONE,makes my hair full and thick,2.81,India,2019
IN,HRC,rwa_driver_importance,Hairfall,SOUTH Clinic Plus Sachet Benchmarking HUT,ST18,Dabur Vatika Re.1 LCS,overall opinion appearance of shampoo,NONE,does not make my hair limp,4.54,India,2019
IN,HRC,rwa_driver_importance,Hairfall,SOUTH Clinic Plus Sachet Benchmarking HUT,ST18,Dabur Vatika Re.1 LCS,overall opinion appearance of shampoo,NONE,makes my hair soft and smooth,6.98,India,2019
IN,HRC,rwa_driver_importance,Hairfall,SOUTH Clinic Plus Sachet Benchmarking HUT,ST18,Dabur Vatika Re.1 LCS,overall opinion appearance of shampoo,NONE,make my hair easy to comb when wet,5.71,India,2019
IN,HRC,rwa_driver_importance,Hairfall,SOUTH Clinic Plus Sachet Benchmarking HUT,ST18,Dabur Vatika Re.1 LCS,overall opinion appearance of shampoo,NONE,makes my hair stronger,5.07,India,2019
IN,HRC,rwa_driver_importance,Hairfall,SOUTH Clinic Plus Sachet Benchmarking HUT,ST18,Dabur Vatika Re.1 LCS,overall opinion appearance of shampoo,NONE,does not cause dandruff flakes,3.88,India,2019
IN,HRC,rwa_driver_importance,Hairfall,SOUTH Clinic Plus Sachet Benchmarking HUT,ST18,Dabur Vatika Re.1 LCS,overall opinion appearance of shampoo,NONE,makes scalp healthy,3.36,India,2019
IN,HRC,rwa_driver_importance,Hairfall,SOUTH Clinic Plus Sachet Benchmarking HUT,ST18,Dabur Vatika Re.1 LCS,overall opinion appearance of shampoo,NONE,shampoo cleans my hair well,4.07,India,2019
IN,HRC,rwa_driver_importance,Hairfall,SOUTH Clinic Plus Sachet Benchmarking HUT,ST18,Dabur Vatika Re.1 LCS,overall opinion color shampoo,NONE,ease of rinsing off shampoo,17.21,India,2019
IN,HRC,rwa_driver_importance,Hairfall,SOUTH Clinic Plus Sachet Benchmarking HUT,ST18,Dabur Vatika Re.1 LCS,overall opinion color shampoo,NONE,ease of lathering shampoo,18.19,India,2019
IN,HRC,rwa_driver_importance,Hairfall,SOUTH Clinic Plus Sachet Benchmarking HUT,ST18,Dabur Vatika Re.1 LCS,overall opinion color shampoo,NONE,nourishes hair well,3.29,India,2019
IN,HRC,rwa_driver_importance,Hairfall,SOUTH Clinic Plus Sachet Benchmarking HUT,ST18,Dabur Vatika Re.1 LCS,overall opinion color shampoo,NONE,makes my hair beautiful,3.15,India,2019
IN,HRC,rwa_driver_importance,Hairfall,SOUTH Clinic Plus Sachet Benchmarking HUT,ST18,Dabur Vatika Re.1 LCS,overall opinion color shampoo,NONE,gives me the look i want,2.59,India,2019
IN,HRC,rwa_driver_importance,Hairfall,SOUTH Clinic Plus Sachet Benchmarking HUT,ST18,Dabur Vatika Re.1 LCS,overall opinion color shampoo,NONE,is a high quality product,2.75,India,2019
IN,HRC,rwa_driver_importance,Hairfall,SOUTH Clinic Plus Sachet Benchmarking HUT,ST18,Dabur Vatika Re.1 LCS,overall opinion color shampoo,NONE,is delightful to use,3.44,India,2019
IN,HRC,rwa_driver_importance,Hairfall,SOUTH Clinic Plus Sachet Benchmarking HUT,ST18,Dabur Vatika Re.1 LCS,overall opinion color shampoo,NONE,reduces hair breakage,2.51,India,2019
IN,HRC,rwa_driver_importance,Hairfall,SOUTH Clinic Plus Sachet Benchmarking HUT,ST18,Dabur Vatika Re.1 LCS,overall opinion color shampoo,NONE,reduces hair fall,4.1,India,2019
IN,HRC,rwa_driver_importance,Hairfall,SOUTH Clinic Plus Sachet Benchmarking HUT,ST18,Dabur Vatika Re.1 LCS,overall opinion color shampoo,NONE,makes hair stronger,2.24,India,2019
IN,HRC,rwa_driver_importance,Hairfall,SOUTH Clinic Plus Sachet Benchmarking HUT,ST18,Dabur Vatika Re.1 LCS,overall opinion color shampoo,NONE,prevents hair fall,2.13,India,2019
IN,HRC,rwa_driver_importance,Hairfall,SOUTH Clinic Plus Sachet Benchmarking HUT,ST18,Dabur Vatika Re.1 LCS,overall opinion color shampoo,NONE,makes my hair full and thick,3.07,India,2019
IN,HRC,rwa_driver_importance,Hairfall,SOUTH Clinic Plus Sachet Benchmarking HUT,ST18,Dabur Vatika Re.1 LCS,overall opinion color shampoo,NONE,does not make my hair limp,3.76,India,2019
IN,HRC,rwa_driver_importance,Hairfall,SOUTH Clinic Plus Sachet Benchmarking HUT,ST18,Dabur Vatika Re.1 LCS,overall opinion color shampoo,NONE,makes my hair soft and smooth,6.77,India,2019
IN,HRC,rwa_driver_importance,Hairfall,SOUTH Clinic Plus Sachet Benchmarking HUT,ST18,Dabur Vatika Re.1 LCS,overall opinion color shampoo,NONE,make my hair easy to comb when wet,3.52,India,2019
IN,HRC,rwa_driver_importance,Hairfall,SOUTH Clinic Plus Sachet Benchmarking HUT,ST18,Dabur Vatika Re.1 LCS,overall opinion color shampoo,NONE,makes my hair stronger,4.98,India,2019
IN,HRC,rwa_driver_importance,Hairfall,SOUTH Clinic Plus Sachet Benchmarking HUT,ST18,Dabur Vatika Re.1 LCS,overall opinion color shampoo,NONE,does not cause dandruff flakes,8.59,India,2019
IN,HRC,rwa_driver_importance,Hairfall,SOUTH Clinic Plus Sachet Benchmarking HUT,ST18,Dabur Vatika Re.1 LCS,overall opinion color shampoo,NONE,makes scalp healthy,3.17,India,2019
IN,HRC,rwa_driver_importance,Hairfall,SOUTH Clinic Plus Sachet Benchmarking HUT,ST18,Dabur Vatika Re.1 LCS,overall opinion color shampoo,NONE,shampoo cleans my hair well,4.55,India,2019
IN,HRC,rwa_driver_importance,Hairfall,India Indulekha Hair fall Shampoo Cleanser North,QS20,Pantene Hairfall Shampoo,overall opinion product,NONE,ease of rinsing off shampoo,5.29,India,2021
IN,HRC,rwa_driver_importance,Hairfall,India Indulekha Hair fall Shampoo Cleanser North,QS20,Pantene Hairfall Shampoo,overall opinion product,NONE,ease of lathering shampoo,7.79,India,2021
IN,HRC,rwa_driver_importance,Hairfall,India Indulekha Hair fall Shampoo Cleanser North,QS20,Pantene Hairfall Shampoo,overall opinion product,NONE,is a natural shampoo,1.83,India,2021
IN,HRC,rwa_driver_importance,Hairfall,India Indulekha Hair fall Shampoo Cleanser North,QS20,Pantene Hairfall Shampoo,overall opinion product,NONE,is an herbal shampoo,1.01,India,2021
IN,HRC,rwa_driver_importance,Hairfall,India Indulekha Hair fall Shampoo Cleanser North,QS20,Pantene Hairfall Shampoo,overall opinion product,NONE,"is an ayurvedic shampoo,",3.65,India,2021
IN,HRC,rwa_driver_importance,Hairfall,India Indulekha Hair fall Shampoo Cleanser North,QS20,Pantene Hairfall Shampoo,overall opinion product,NONE,has a natural fragrance,1.32,India,2021
IN,HRC,rwa_driver_importance,Shine (Colour & Shine),CMI_Sunsilk Black LCS_Branded_North,KM47,Competition North - Dabur Vatika Health,overall opinion color shampoo,NONE,is delightful to use,4.15,India,2022
IN,HRC,rwa_driver_importance,Shine (Colour & Shine),CMI_Sunsilk Black LCS_Branded_North,KM47,Competition North - Dabur Vatika Health,overall opinion color shampoo,NONE,gives nourishment to my hair,2.48,India,2022
IN,HRC,rwa_driver_importance,Shine (Colour & Shine),CMI_Sunsilk Black LCS_Branded_North,KM47,Competition North - Dabur Vatika Health,overall opinion color shampoo,NONE,helps you feel fired up,10.78,India,2022
IN,HRC,rwa_driver_importance,Shine (Colour & Shine),CMI_Sunsilk Black LCS_Branded_North,KM47,Competition North - Dabur Vatika Health,overall opinion color shampoo,NONE,gives me hair that is full of life,10.79,India,2022
IN,HRC,rwa_driver_importance,Shine (Colour & Shine),CMI_Sunsilk Black LCS_Branded_North,KM47,Competition North - Dabur Vatika Health,overall opinion color shampoo,NONE,makes my hair look beautiful,2.47,India,2022
IN,HRC,rwa_driver_importance,Shine (Colour & Shine),CMI_Sunsilk Black LCS_Branded_North,KM47,Competition North - Dabur Vatika Health,overall opinion color shampoo,NONE,easy to comb finger through when wet,3.12,India,2022
IN,HRC,rwa_driver_importance,Shine (Colour & Shine),CMI_Sunsilk Black LCS_Branded_North,KM47,Competition North - Dabur Vatika Health,overall opinion color shampoo,NONE,makes hair soft smooth,3.08,India,2022
IN,HRC,rwa_driver_importance,Shine (Colour & Shine),CMI_Sunsilk Black LCS_Branded_North,KM47,Competition North - Dabur Vatika Health,overall opinion color shampoo,NONE,gives my hair a natural movement,1.97,India,2022
IN,HRC,rwa_driver_importance,Shine (Colour & Shine),CMI_Sunsilk Black LCS_Branded_North,KM47,Competition North - Dabur Vatika Health,overall opinion color shampoo,NONE,makes my hair shiny,6.24,India,2022
IN,HRC,rwa_driver_importance,Shine (Colour & Shine),CMI_Sunsilk Black LCS_Branded_North,KM47,Competition North - Dabur Vatika Health,overall opinion color shampoo,NONE,reduces frizz fluff,2.29,India,2022
IN,HRC,rwa_driver_importance,Shine (Colour & Shine),CMI_Sunsilk Black LCS_Branded_North,KM47,Competition North - Dabur Vatika Health,overall opinion color shampoo,NONE,makes my hair stronger,1.64,India,2022
IN,HRC,rwa_driver_importance,Shine (Colour & Shine),CMI_Sunsilk Black LCS_Branded_North,KM47,Competition North - Dabur Vatika Health,overall opinion color shampoo,NONE,smoother sleeker hair,2.08,India,2022
IN,HRC,rwa_driver_importance,Shine (Colour & Shine),Sunsilk BlackShine_Branded_South,LZ83,Competition South - Chik Black Thick & Glossy,overall opinion product,NONE,smoother sleeker hair,1.81,India,2022
IN,HRC,rwa_driver_importance,Shine (Colour & Shine),Sunsilk BlackShine_Branded_South,LZ83,Competition South - Chik Black Thick & Glossy,overall opinion product,NONE,enhances the black colour of my hair,4.11,India,2022
IN,HRC,rwa_driver_importance,Shine (Colour & Shine),CMI_Sunsilk Black LCS_Branded_North,KM47,Competition North - Dabur Vatika Health,overall opinion color shampoo,NONE,enhances the black colour of my hair,0.39,India,2022
IN,HRC,rwa_driver_importance,Shine (Colour & Shine),CMI_Sunsilk Black LCS_Branded_North,KM47,Competition North - Dabur Vatika Health,overall opinion color shampoo,NONE,shampoo rinses off easily,6.7,India,2022
IN,HRC,rwa_driver_importance,Shine (Colour & Shine),CMI_Sunsilk Black LCS_Branded_North,KM47,Competition North - Dabur Vatika Health,overall opinion color shampoo,NONE,shampoo cleans my hair well,7.02,India,2022
IN,HRC,rwa_driver_importance,Shine (Colour & Shine),Sunsilk BlackShine_Branded_South,LZ83,Competition South - Chik Black Thick & Glossy,overall opinion product,NONE,joyful fragrance,1.45,India,2022
IN,HRC,rwa_driver_importance,Shine (Colour & Shine),Sunsilk BlackShine_Branded_South,LZ83,Competition South - Chik Black Thick & Glossy,overall opinion product,NONE,modern trendy fragrance,1.48,India,2022
IN,HRC,rwa_driver_importance,Shine (Colour & Shine),Sunsilk BlackShine_Branded_South,LZ83,Competition South - Chik Black Thick & Glossy,overall opinion product,NONE,long lasting fragrance,2.15,India,2022
IN,HRC,rwa_driver_importance,Shine (Colour & Shine),Sunsilk BlackShine_Branded_South,LZ83,Competition South - Chik Black Thick & Glossy,overall opinion product,NONE,fragrance that i want to smell again and again,1.29,India,2022
IN,HRC,rwa_driver_importance,Shine (Colour & Shine),Sunsilk BlackShine_Branded_South,LZ83,Competition South - Chik Black Thick & Glossy,overall opinion product,NONE,feminine fragrance,4.6,India,2022
IN,HRC,rwa_driver_importance,Shine (Colour & Shine),Sunsilk BlackShine_Branded_South,LZ83,Competition South - Chik Black Thick & Glossy,overall opinion product,NONE,fresh fragrance,11.72,India,2022
IN,HRC,rwa_driver_importance,Shine (Colour & Shine),Sunsilk BlackShine_Branded_South,LZ83,Competition South - Chik Black Thick & Glossy,overall opinion product,NONE,makes my hair manageable,5.57,India,2022
IN,HRC,rwa_driver_importance,Shine (Colour & Shine),Sunsilk BlackShine_Branded_South,LZ83,Competition South - Chik Black Thick & Glossy,overall opinion product,NONE,is delightful to use,3.59,India,2022
IN,HRC,rwa_driver_importance,Shine (Colour & Shine),Sunsilk BlackShine_Branded_South,LZ83,Competition South - Chik Black Thick & Glossy,overall opinion product,NONE,gives nourishment to my hair,3.46,India,2022
IN,HRC,rwa_driver_importance,Shine (Colour & Shine),Sunsilk BlackShine_Branded_South,LZ83,Competition South - Chik Black Thick & Glossy,overall opinion product,NONE,helps you feel fired up,5.62,India,2022
IN,HRC,rwa_driver_importance,Shine (Colour & Shine),Sunsilk BlackShine_Branded_South,LZ83,Competition South - Chik Black Thick & Glossy,overall opinion product,NONE,gives me hair that is full of life,8.96,India,2022
IN,HRC,rwa_driver_importance,Shine (Colour & Shine),Sunsilk BlackShine_Branded_South,LZ83,Competition South - Chik Black Thick & Glossy,overall opinion product,NONE,makes my hair look beautiful,6.09,India,2022
IN,HRC,rwa_driver_importance,Shine (Colour & Shine),Sunsilk BlackShine_Branded_South,LZ83,Competition South - Chik Black Thick & Glossy,overall opinion product,NONE,easy to comb finger through when wet,2.39,India,2022
IN,HRC,rwa_driver_importance,Shine (Colour & Shine),Sunsilk BlackShine_Branded_South,LZ83,Competition South - Chik Black Thick & Glossy,overall opinion product,NONE,makes hair soft smooth,2.48,India,2022
IN,HRC,rwa_driver_importance,Shine (Colour & Shine),Sunsilk BlackShine_Branded_South,LZ83,Competition South - Chik Black Thick & Glossy,overall opinion product,NONE,gives my hair a natural movement,5.6,India,2022
IN,HRC,rwa_driver_importance,Shine (Colour & Shine),Sunsilk BlackShine_Branded_South,LZ83,Competition South - Chik Black Thick & Glossy,overall opinion product,NONE,makes my hair shiny,1.66,India,2022
IN,HRC,rwa_driver_importance,Shine (Colour & Shine),Sunsilk BlackShine_Branded_South,LZ83,Competition South - Chik Black Thick & Glossy,overall opinion product,NONE,reduces frizz fluff,0.56,India,2022
IN,HRC,rwa_driver_importance,Shine (Colour & Shine),Sunsilk BlackShine_Branded_South,LZ83,Competition South - Chik Black Thick & Glossy,overall opinion product,NONE,makes my hair stronger,8.52,India,2022
IN,HRC,rwa_driver_importance,Shine (Colour & Shine),Sunsilk BlackShine_Branded_South,LZ83,Competition South - Chik Black Thick & Glossy,overall opinion product,NONE,shampoo rinses off easily,7.28,India,2022
IN,HRC,rwa_driver_importance,Dry,Dove Intense Repair Blind Test (CTI_Dove_IR_pdt_imp_IN_HV),ZV25,Pantene: Damage Repair (bottle),overall opinion product,NONE,effectively moisturizes hair,9.72,India,2022
IN,HRC,rwa_driver_importance,Shine (Colour & Shine),Sunsilk BlackShine_Branded_South,LZ83,Competition South - Chik Black Thick & Glossy,overall opinion product,NONE,shampoo cleans my hair well,9.61,India,2022
IN,HRC,rwa_driver_importance,Dry,Dove Intense Repair Blind Test (CTI_Dove_IR_pdt_imp_IN_HV),ZV25,Pantene: Damage Repair (bottle),overall opinion product,NONE,makes my hair shiny,2.9,India,2022
IN,HRC,rwa_driver_importance,Shine (Colour & Shine),Sunsilk BlackShine_Branded_South,LZ83,Competition South - Chik Black Thick & Glossy,overall opinion appearance of shampoo,NONE,joyful fragrance,1.62,India,2022
IN,HRC,rwa_driver_importance,Dry,Dove Intense Repair Blind Test (CTI_Dove_IR_pdt_imp_IN_HV),ZV25,Pantene: Damage Repair (bottle),overall opinion product,NONE,makes hair soft and smooth,6.2,India,2022
IN,HRC,rwa_driver_importance,Shine (Colour & Shine),Sunsilk BlackShine_Branded_South,LZ83,Competition South - Chik Black Thick & Glossy,overall opinion appearance of shampoo,NONE,modern trendy fragrance,1.32,India,2022
IN,HRC,rwa_driver_importance,Dry,Dove Intense Repair Blind Test (CTI_Dove_IR_pdt_imp_IN_HV),ZV25,Pantene: Damage Repair (bottle),overall opinion product,NONE,makes my hair strong,1.78,India,2022
IN,HRC,rwa_driver_importance,Shine (Colour & Shine),Sunsilk BlackShine_Branded_South,LZ83,Competition South - Chik Black Thick & Glossy,overall opinion appearance of shampoo,NONE,long lasting fragrance,0.74,India,2022
IN,HRC,rwa_driver_importance,Dry,Dove Intense Repair Blind Test (CTI_Dove_IR_pdt_imp_IN_HV),ZV25,Pantene: Damage Repair (bottle),overall opinion product,NONE,controls reduces fluff or frizz,2.61,India,2022
IN,HRC,rwa_driver_importance,Shine (Colour & Shine),Sunsilk BlackShine_Branded_South,LZ83,Competition South - Chik Black Thick & Glossy,overall opinion appearance of shampoo,NONE,fragrance that i want to smell again and again,1.31,India,2022
IN,HRC,rwa_driver_importance,Dry,Dove Intense Repair Blind Test (CTI_Dove_IR_pdt_imp_IN_HV),ZV25,Pantene: Damage Repair (bottle),overall opinion product,NONE,reduces dry rough ends,7.59,India,2022
IN,HRC,rwa_driver_importance,Shine (Colour & Shine),Sunsilk BlackShine_Branded_South,LZ83,Competition South - Chik Black Thick & Glossy,overall opinion appearance of shampoo,NONE,feminine fragrance,2.55,India,2022
IN,HRC,rwa_driver_importance,Dry,Dove Intense Repair Blind Test (CTI_Dove_IR_pdt_imp_IN_HV),ZV25,Pantene: Damage Repair (bottle),overall opinion product,NONE,repairs damaged hair,5.28,India,2022
IN,HRC,rwa_driver_importance,Shine (Colour & Shine),Sunsilk BlackShine_Branded_South,LZ83,Competition South - Chik Black Thick & Glossy,overall opinion appearance of shampoo,NONE,fresh fragrance,16.11,India,2022
IN,HRC,rwa_driver_importance,Dry,Dove Intense Repair Blind Test (CTI_Dove_IR_pdt_imp_IN_HV),ZV25,Pantene: Damage Repair (bottle),overall opinion product,NONE,reduces hair breakage,5.79,India,2022
IN,HRC,rwa_driver_importance,Shine (Colour & Shine),Sunsilk BlackShine_Branded_South,LZ83,Competition South - Chik Black Thick & Glossy,overall opinion appearance of shampoo,NONE,makes my hair manageable,5.47,India,2022
IN,HRC,rwa_driver_importance,Dry,Dove Intense Repair Blind Test (CTI_Dove_IR_pdt_imp_IN_HV),ZV25,Pantene: Damage Repair (bottle),overall opinion product,NONE,shampoo rinses off easily,2.27,India,2022
IN,HRC,rwa_driver_importance,Shine (Colour & Shine),Sunsilk BlackShine_Branded_South,LZ83,Competition South - Chik Black Thick & Glossy,overall opinion appearance of shampoo,NONE,is delightful to use,3.97,India,2022
IN,HRC,rwa_driver_importance,Dry,Dove Intense Repair Blind Test (CTI_Dove_IR_pdt_imp_IN_HV),ZV25,Pantene: Damage Repair (bottle),overall opinion product,NONE,shampoo cleans my hair well,18.71,India,2022
IN,HRC,rwa_driver_importance,Dry,Dove Intense Repair Blind Test (CTI_Dove_IR_pdt_imp_IN_HV),ZV25,Pantene: Damage Repair (bottle),overall opinion product,NONE,long lasting fragrance,0.83,India,2022
IN,HRC,rwa_driver_importance,Shine (Colour & Shine),Sunsilk BlackShine_Branded_South,LZ83,Competition South - Chik Black Thick & Glossy,overall opinion appearance of shampoo,NONE,gives nourishment to my hair,3.89,India,2022
IN,HRC,rwa_driver_importance,Shine (Colour & Shine),Sunsilk BlackShine_Branded_South,LZ83,Competition South - Chik Black Thick & Glossy,overall opinion appearance of shampoo,NONE,helps you feel fired up,11.11,India,2022
IN,HRC,rwa_driver_importance,Dry,Dove Intense Repair Blind Test (CTI_Dove_IR_pdt_imp_IN_HV),ZV25,Pantene: Damage Repair (bottle),overall opinion product,NONE,fragrance that i want to smell again and again,3.0,India,2022
IN,HRC,rwa_driver_importance,Shine (Colour & Shine),Sunsilk BlackShine_Branded_South,LZ83,Competition South - Chik Black Thick & Glossy,overall opinion appearance of shampoo,NONE,gives me hair that is full of life,2.97,India,2022
IN,HRC,rwa_driver_importance,Dry,Dove Intense Repair Blind Test (CTI_Dove_IR_pdt_imp_IN_HV),ZV25,Pantene: Damage Repair (bottle),overall opinion product,NONE,makes hair healthier,1.46,India,2022
IN,HRC,rwa_driver_importance,Shine (Colour & Shine),Sunsilk BlackShine_Branded_South,LZ83,Competition South - Chik Black Thick & Glossy,overall opinion appearance of shampoo,NONE,makes my hair look beautiful,7.2,India,2022
IN,HRC,rwa_driver_importance,Dry,Dove Intense Repair Blind Test (CTI_Dove_IR_pdt_imp_IN_HV),ZV25,Pantene: Damage Repair (bottle),overall opinion product,NONE,gives healthy looking hair,1.79,India,2022
IN,HRC,rwa_driver_importance,Shine (Colour & Shine),Sunsilk BlackShine_Branded_South,LZ83,Competition South - Chik Black Thick & Glossy,overall opinion appearance of shampoo,NONE,easy to comb finger through when wet,1.33,India,2022
IN,HRC,rwa_driver_importance,Dry,Dove Intense Repair Blind Test (CTI_Dove_IR_pdt_imp_IN_HV),ZV25,Pantene: Damage Repair (bottle),overall opinion product,NONE,easy to finger through comb when wet,6.65,India,2022
IN,HRC,rwa_driver_importance,Shine (Colour & Shine),Sunsilk BlackShine_Branded_South,LZ83,Competition South - Chik Black Thick & Glossy,overall opinion appearance of shampoo,NONE,makes hair soft smooth,1.28,India,2022
IN,HRC,rwa_driver_importance,Dry,Dove Intense Repair Blind Test (CTI_Dove_IR_pdt_imp_IN_HV),ZV25,Pantene: Damage Repair (bottle),overall opinion product,NONE,is pleasurable to use,2.15,India,2022
IN,HRC,rwa_driver_importance,Shine (Colour & Shine),Sunsilk BlackShine_Branded_South,LZ83,Competition South - Chik Black Thick & Glossy,overall opinion appearance of shampoo,NONE,gives my hair a natural movement,1.47,India,2022
IN,HRC,rwa_driver_importance,Dry,Dove Intense Repair Blind Test (CTI_Dove_IR_pdt_imp_IN_HV),ZV25,Pantene: Damage Repair (bottle),overall opinion product,NONE,makes my hair easy to manage,4.4,India,2022
IN,HRC,rwa_driver_importance,Shine (Colour & Shine),Sunsilk BlackShine_Branded_South,LZ83,Competition South - Chik Black Thick & Glossy,overall opinion appearance of shampoo,NONE,makes my hair shiny,4.67,India,2022
IN,HRC,rwa_driver_importance,Dry,Dove Intense Repair Blind Test (CTI_Dove_IR_pdt_imp_IN_HV),ZV25,Pantene: Damage Repair (bottle),overall opinion product,NONE,makes my hair beautiful,1.91,India,2022
IN,HRC,rwa_driver_importance,Shine (Colour & Shine),Sunsilk BlackShine_Branded_South,LZ83,Competition South - Chik Black Thick & Glossy,overall opinion appearance of shampoo,NONE,reduces frizz fluff,0.97,India,2022
IN,HRC,rwa_driver_importance,Dry,Dove Intense Repair Blind Test (CTI_Dove_IR_pdt_imp_IN_HV),ZV25,Pantene: Damage Repair (bottle),overall opinion appearance of shampoo,NONE,long lasting fragrance,11.83,India,2022
IN,HRC,rwa_driver_importance,Shine (Colour & Shine),Sunsilk BlackShine_Branded_South,LZ83,Competition South - Chik Black Thick & Glossy,overall opinion appearance of shampoo,NONE,makes my hair stronger,9.9,India,2022
IN,HRC,rwa_driver_importance,Dry,Dove Intense Repair Blind Test (CTI_Dove_IR_pdt_imp_IN_HV),ZV25,Pantene: Damage Repair (bottle),overall opinion appearance of shampoo,NONE,makes my hair shiny,1.05,India,2022
IN,HRC,rwa_driver_importance,Shine (Colour & Shine),Sunsilk BlackShine_Branded_South,LZ83,Competition South - Chik Black Thick & Glossy,overall opinion color shampoo,NONE,makes my hair manageable,4.7,India,2022
IN,HRC,rwa_driver_importance,Dry,Dove Intense Repair Blind Test (CTI_Dove_IR_pdt_imp_IN_HV),ZV25,Pantene: Damage Repair (bottle),overall opinion appearance of shampoo,NONE,fragrance that i want to smell again and again,17.69,India,2022
IN,HRC,rwa_driver_importance,Shine (Colour & Shine),Sunsilk BlackShine_Branded_South,LZ83,Competition South - Chik Black Thick & Glossy,overall opinion appearance of shampoo,NONE,smoother sleeker hair,4.53,India,2022
IN,HRC,rwa_driver_importance,Dry,Dove Intense Repair Blind Test (CTI_Dove_IR_pdt_imp_IN_HV),ZV25,Pantene: Damage Repair (bottle),overall opinion appearance of shampoo,NONE,makes hair healthier,3.05,India,2022
IN,HRC,rwa_driver_importance,Shine (Colour & Shine),Sunsilk BlackShine_Branded_South,LZ83,Competition South - Chik Black Thick & Glossy,overall opinion appearance of shampoo,NONE,enhances the black colour of my hair,3.92,India,2022
IN,HRC,rwa_driver_importance,Dry,Dove Intense Repair Blind Test (CTI_Dove_IR_pdt_imp_IN_HV),ZV25,Pantene: Damage Repair (bottle),overall opinion appearance of shampoo,NONE,gives healthy looking hair,5.16,India,2022
IN,HRC,rwa_driver_importance,Shine (Colour & Shine),Sunsilk BlackShine_Branded_South,LZ83,Competition South - Chik Black Thick & Glossy,overall opinion appearance of shampoo,NONE,shampoo rinses off easily,4.62,India,2022
IN,HRC,rwa_driver_importance,Dry,Dove Intense Repair Blind Test (CTI_Dove_IR_pdt_imp_IN_HV),ZV25,Pantene: Damage Repair (bottle),overall opinion appearance of shampoo,NONE,easy to finger through comb when wet,11.09,India,2022
IN,HRC,rwa_driver_importance,Shine (Colour & Shine),Sunsilk BlackShine_Branded_South,LZ83,Competition South - Chik Black Thick & Glossy,overall opinion appearance of shampoo,NONE,shampoo cleans my hair well,9.07,India,2022
IN,HRC,rwa_driver_importance,Dry,Dove Intense Repair Blind Test (CTI_Dove_IR_pdt_imp_IN_HV),ZV25,Pantene: Damage Repair (bottle),overall opinion appearance of shampoo,NONE,is pleasurable to use,1.62,India,2022
IN,HRC,rwa_driver_importance,Shine (Colour & Shine),Sunsilk BlackShine_Branded_South,LZ83,Competition South - Chik Black Thick & Glossy,overall opinion color shampoo,NONE,joyful fragrance,3.15,India,2022
IN,HRC,rwa_driver_importance,Dry,Dove Intense Repair Blind Test (CTI_Dove_IR_pdt_imp_IN_HV),ZV25,Pantene: Damage Repair (bottle),overall opinion appearance of shampoo,NONE,makes my hair easy to manage,3.02,India,2022
IN,HRC,rwa_driver_importance,Shine (Colour & Shine),Sunsilk BlackShine_Branded_South,LZ83,Competition South - Chik Black Thick & Glossy,overall opinion color shampoo,NONE,modern trendy fragrance,1.35,India,2022
IN,HRC,rwa_driver_importance,Dry,Dove Intense Repair Blind Test (CTI_Dove_IR_pdt_imp_IN_HV),ZV25,Pantene: Damage Repair (bottle),overall opinion appearance of shampoo,NONE,makes my hair beautiful,8.15,India,2022
IN,HRC,rwa_driver_importance,Shine (Colour & Shine),Sunsilk BlackShine_Branded_South,LZ83,Competition South - Chik Black Thick & Glossy,overall opinion color shampoo,NONE,long lasting fragrance,0.98,India,2022
IN,HRC,rwa_driver_importance,Dry,Dove Intense Repair Blind Test (CTI_Dove_IR_pdt_imp_IN_HV),ZV25,Pantene: Damage Repair (bottle),overall opinion appearance of shampoo,NONE,is a high quality product,2.52,India,2022
IN,HRC,rwa_driver_importance,Shine (Colour & Shine),Sunsilk BlackShine_Branded_South,LZ83,Competition South - Chik Black Thick & Glossy,overall opinion color shampoo,NONE,fragrance that i want to smell again and again,2.25,India,2022
IN,HRC,rwa_driver_importance,Dry,Dove Intense Repair Blind Test (CTI_Dove_IR_pdt_imp_IN_HV),ZV25,Pantene: Damage Repair (bottle),overall opinion appearance of shampoo,NONE,nourishes hair well,4.16,India,2022
IN,HRC,rwa_driver_importance,Shine (Colour & Shine),Sunsilk BlackShine_Branded_South,LZ83,Competition South - Chik Black Thick & Glossy,overall opinion color shampoo,NONE,feminine fragrance,2.37,India,2022
IN,HRC,rwa_driver_importance,Dry,Dove Intense Repair Blind Test (CTI_Dove_IR_pdt_imp_IN_HV),ZV25,Pantene: Damage Repair (bottle),overall opinion appearance of shampoo,NONE,effectively moisturizes hair,3.1,India,2022
IN,HRC,rwa_driver_importance,Shine (Colour & Shine),Sunsilk BlackShine_Branded_South,LZ83,Competition South - Chik Black Thick & Glossy,overall opinion color shampoo,NONE,fresh fragrance,12.15,India,2022
IN,HRC,rwa_driver_importance,Dry,Dove Intense Repair Blind Test (CTI_Dove_IR_pdt_imp_IN_HV),ZV25,Pantene: Damage Repair (bottle),overall opinion appearance of shampoo,NONE,makes hair soft and smooth,1.88,India,2022
IN,HRC,rwa_driver_importance,Shine (Colour & Shine),Sunsilk BlackShine_Branded_South,LZ83,Competition South - Chik Black Thick & Glossy,overall opinion color shampoo,NONE,is delightful to use,1.04,India,2022
IN,HRC,rwa_driver_importance,Dry,Dove Intense Repair Blind Test (CTI_Dove_IR_pdt_imp_IN_HV),ZV25,Pantene: Damage Repair (bottle),overall opinion appearance of shampoo,NONE,makes my hair strong,2.65,India,2022
IN,HRC,rwa_driver_importance,Shine (Colour & Shine),Sunsilk BlackShine_Branded_South,LZ83,Competition South - Chik Black Thick & Glossy,overall opinion color shampoo,NONE,gives nourishment to my hair,3.51,India,2022
IN,HRC,rwa_driver_importance,Dry,Dove Intense Repair Blind Test (CTI_Dove_IR_pdt_imp_IN_HV),ZV25,Pantene: Damage Repair (bottle),overall opinion appearance of shampoo,NONE,controls reduces fluff or frizz,5.92,India,2022
IN,HRC,rwa_driver_importance,Shine (Colour & Shine),Sunsilk BlackShine_Branded_South,LZ83,Competition South - Chik Black Thick & Glossy,overall opinion color shampoo,NONE,helps you feel fired up,10.51,India,2022
IN,HRC,rwa_driver_importance,Dry,Dove Intense Repair Blind Test (CTI_Dove_IR_pdt_imp_IN_HV),ZV25,Pantene: Damage Repair (bottle),overall opinion appearance of shampoo,NONE,reduces dry rough ends,2.05,India,2022
IN,HRC,rwa_driver_importance,Shine (Colour & Shine),Sunsilk BlackShine_Branded_South,LZ83,Competition South - Chik Black Thick & Glossy,overall opinion color shampoo,NONE,gives me hair that is full of life,2.07,India,2022
IN,HRC,rwa_driver_importance,Dry,Dove Intense Repair Blind Test (CTI_Dove_IR_pdt_imp_IN_HV),ZV25,Pantene: Damage Repair (bottle),overall opinion appearance of shampoo,NONE,repairs damaged hair,1.86,India,2022
IN,HRC,rwa_driver_importance,Shine (Colour & Shine),Sunsilk BlackShine_Branded_South,LZ83,Competition South - Chik Black Thick & Glossy,overall opinion color shampoo,NONE,makes my hair look beautiful,7.18,India,2022
IN,HRC,rwa_driver_importance,Dry,Dove Intense Repair Blind Test (CTI_Dove_IR_pdt_imp_IN_HV),ZV25,Pantene: Damage Repair (bottle),overall opinion appearance of shampoo,NONE,reduces hair breakage,2.93,India,2022
IN,HRC,rwa_driver_importance,Dry,Dove Intense Repair Blind Test (CTI_Dove_IR_pdt_imp_IN_HV),ZV25,Pantene: Damage Repair (bottle),overall opinion appearance of shampoo,NONE,shampoo rinses off easily,2.4,India,2022
IN,HRC,rwa_driver_importance,Shine (Colour & Shine),Sunsilk BlackShine_Branded_South,LZ83,Competition South - Chik Black Thick & Glossy,overall opinion color shampoo,NONE,easy to comb finger through when wet,4.29,India,2022
IN,HRC,rwa_driver_importance,Dry,Dove Intense Repair Blind Test (CTI_Dove_IR_pdt_imp_IN_HV),ZV25,Pantene: Damage Repair (bottle),overall opinion appearance of shampoo,NONE,shampoo cleans my hair well,7.87,India,2022
IN,HRC,rwa_driver_importance,Shine (Colour & Shine),Sunsilk BlackShine_Branded_South,LZ83,Competition South - Chik Black Thick & Glossy,overall opinion color shampoo,NONE,makes hair soft smooth,3.92,India,2022
IN,HRC,rwa_driver_importance,Dry,Dove Intense Repair Blind Test (CTI_Dove_IR_pdt_imp_IN_HV),ZV25,Pantene: Damage Repair (bottle),overall opinion color shampoo,NONE,long lasting fragrance,5.04,India,2022
IN,HRC,rwa_driver_importance,Shine (Colour & Shine),Sunsilk BlackShine_Branded_South,LZ83,Competition South - Chik Black Thick & Glossy,overall opinion color shampoo,NONE,gives my hair a natural movement,2.92,India,2022
IN,HRC,rwa_driver_importance,Shine (Colour & Shine),Sunsilk BlackShine_Branded_South,LZ83,Competition South - Chik Black Thick & Glossy,overall opinion color shampoo,NONE,makes my hair shiny,3.46,India,2022
IN,HRC,rwa_driver_importance,Shine (Colour & Shine),Sunsilk BlackShine_Branded_South,LZ83,Competition South - Chik Black Thick & Glossy,overall opinion color shampoo,NONE,reduces frizz fluff,1.4,India,2022
IN,HRC,rwa_driver_importance,Dry,Dove Intense Repair Blind Test (CTI_Dove_IR_pdt_imp_IN_HV),ZV25,Pantene: Damage Repair (bottle),overall opinion color shampoo,NONE,makes hair healthier,6.64,India,2022
IN,HRC,rwa_driver_importance,Dry,Dove Intense Repair Blind Test (CTI_Dove_IR_pdt_imp_IN_HV),ZV25,Pantene: Damage Repair (bottle),overall opinion color shampoo,NONE,fragrance that i want to smell again and again,8.52,India,2022
IN,HRC,rwa_driver_importance,Shine (Colour & Shine),Sunsilk BlackShine_Branded_South,LZ83,Competition South - Chik Black Thick & Glossy,overall opinion color shampoo,NONE,makes my hair stronger,9.86,India,2022
IN,HRC,rwa_driver_importance,Dry,Dove Intense Repair Blind Test (CTI_Dove_IR_pdt_imp_IN_HV),ZV25,Pantene: Damage Repair (bottle),overall opinion color shampoo,NONE,gives healthy looking hair,2.05,India,2022
IN,HRC,rwa_driver_importance,Shine (Colour & Shine),Sunsilk BlackShine_Branded_South,LZ83,Competition South - Chik Black Thick & Glossy,overall opinion color shampoo,NONE,smoother sleeker hair,1.96,India,2022
IN,HRC,rwa_driver_importance,Dry,Dove Intense Repair Blind Test (CTI_Dove_IR_pdt_imp_IN_HV),ZV25,Pantene: Damage Repair (bottle),overall opinion color shampoo,NONE,easy to finger through comb when wet,4.88,India,2022
IN,HRC,rwa_driver_importance,Shine (Colour & Shine),Sunsilk BlackShine_Branded_South,LZ83,Competition South - Chik Black Thick & Glossy,overall opinion color shampoo,NONE,enhances the black colour of my hair,7.1,India,2022
IN,HRC,rwa_driver_importance,Dry,Dove Intense Repair Blind Test (CTI_Dove_IR_pdt_imp_IN_HV),ZV25,Pantene: Damage Repair (bottle),overall opinion color shampoo,NONE,is pleasurable to use,2.78,India,2022
IN,HRC,rwa_driver_importance,Shine (Colour & Shine),Sunsilk BlackShine_Branded_South,LZ83,Competition South - Chik Black Thick & Glossy,overall opinion color shampoo,NONE,shampoo rinses off easily,9.27,India,2022
IN,HRC,rwa_driver_importance,Dry,Dove Intense Repair Blind Test (CTI_Dove_IR_pdt_imp_IN_HV),ZV25,Pantene: Damage Repair (bottle),overall opinion color shampoo,NONE,makes my hair easy to manage,1.49,India,2022
IN,HRC,rwa_driver_importance,Shine (Colour & Shine),Sunsilk BlackShine_Branded_South,LZ83,Competition South - Chik Black Thick & Glossy,overall opinion color shampoo,NONE,shampoo cleans my hair well,4.6,India,2022
IN,HRC,rwa_driver_importance,Dry,Dove Intense Repair Blind Test (CTI_Dove_IR_pdt_imp_IN_HV),ZV25,Pantene: Damage Repair (bottle),overall opinion color shampoo,NONE,makes my hair beautiful,2.02,India,2022
IN,HRC,rwa_driver_importance,Shine (Colour & Shine),India Sunsilk Blackshine LCS Shampoo North,KV67 or LH75,Competitor Dabur Vatika Shampoo 6.5ml,overall opinion product,NONE,long lasting fragrance,15.67,India,2021
IN,HRC,rwa_driver_importance,Dry,Dove Intense Repair Blind Test (CTI_Dove_IR_pdt_imp_IN_HV),ZV25,Pantene: Damage Repair (bottle),overall opinion color shampoo,NONE,is a high quality product,1.16,India,2022
IN,HRC,rwa_driver_importance,Shine (Colour & Shine),India Sunsilk Blackshine LCS Shampoo North,KV67 or LH75,Competitor Dabur Vatika Shampoo 6.5ml,overall opinion product,NONE,fragrance that i want to smell again and again,2.33,India,2021
IN,HRC,rwa_driver_importance,Dry,Dove Intense Repair Blind Test (CTI_Dove_IR_pdt_imp_IN_HV),ZV25,Pantene: Damage Repair (bottle),overall opinion color shampoo,NONE,nourishes hair well,13.69,India,2022
IN,HRC,rwa_driver_importance,Dry,Dove Intense Repair Blind Test (CTI_Dove_IR_pdt_imp_IN_HV),ZV25,Pantene: Damage Repair (bottle),overall opinion color shampoo,NONE,effectively moisturizes hair,4.12,India,2022
IN,HRC,rwa_driver_importance,Dry,Dove Intense Repair Blind Test (CTI_Dove_IR_pdt_imp_IN_HV),ZV25,Pantene: Damage Repair (bottle),overall opinion color shampoo,NONE,makes my hair shiny,5.71,India,2022
IN,HRC,rwa_driver_importance,Dry,Dove Intense Repair Blind Test (CTI_Dove_IR_pdt_imp_IN_HV),ZV25,Pantene: Damage Repair (bottle),overall opinion color shampoo,NONE,makes hair soft and smooth,1.11,India,2022
IN,HRC,rwa_driver_importance,Dry,Dove Intense Repair Blind Test (CTI_Dove_IR_pdt_imp_IN_HV),ZV25,Pantene: Damage Repair (bottle),overall opinion color shampoo,NONE,makes my hair strong,7.92,India,2022
IN,HRC,rwa_driver_importance,Dry,Dove Intense Repair Blind Test (CTI_Dove_IR_pdt_imp_IN_HV),ZV25,Pantene: Damage Repair (bottle),overall opinion color shampoo,NONE,controls reduces fluff or frizz,1.38,India,2022
IN,HRC,rwa_driver_importance,Dry,Dove Intense Repair Blind Test (CTI_Dove_IR_pdt_imp_IN_HV),ZV25,Pantene: Damage Repair (bottle),overall opinion color shampoo,NONE,reduces dry rough ends,1.49,India,2022
IN,HRC,rwa_driver_importance,Dry,Dove Intense Repair Blind Test (CTI_Dove_IR_pdt_imp_IN_HV),ZV25,Pantene: Damage Repair (bottle),overall opinion color shampoo,NONE,repairs damaged hair,1.79,India,2022
IN,HRC,rwa_driver_importance,Dry,Dove Intense Repair Blind Test (CTI_Dove_IR_pdt_imp_IN_HV),ZV25,Pantene: Damage Repair (bottle),overall opinion color shampoo,NONE,reduces hair breakage,7.07,India,2022
IN,HRC,rwa_driver_importance,Dry,Dove Intense Repair Blind Test (CTI_Dove_IR_pdt_imp_IN_HV),ZV25,Pantene: Damage Repair (bottle),overall opinion color shampoo,NONE,shampoo rinses off easily,1.11,India,2022
IN,HRC,rwa_driver_importance,Dry,Dove Intense Repair Blind Test (CTI_Dove_IR_pdt_imp_IN_HV),ZV25,Pantene: Damage Repair (bottle),overall opinion color shampoo,NONE,shampoo cleans my hair well,20.02,India,2022
IN,HRC,rwa_driver_importance,Dry,Dove Intense Repair Blind Test (CTI_Dove_IR_pdt_imp_IN_HV),UD68,Pantene: Damage Repair (sachet),overall opinion product,NONE,long lasting fragrance,5.48,India,2022
IN,HRC,rwa_driver_importance,Dry,Dove Intense Repair Blind Test (CTI_Dove_IR_pdt_imp_IN_HV),UD68,Pantene: Damage Repair (sachet),overall opinion product,NONE,fragrance that i want to smell again and again,23.4,India,2022
IN,HRC,rwa_driver_importance,Dry,Dove Intense Repair Blind Test (CTI_Dove_IR_pdt_imp_IN_HV),UD68,Pantene: Damage Repair (sachet),overall opinion product,NONE,makes hair healthier,1.61,India,2022
IN,HRC,rwa_driver_importance,Dry,Dove Intense Repair Blind Test (CTI_Dove_IR_pdt_imp_IN_HV),UD68,Pantene: Damage Repair (sachet),overall opinion product,NONE,gives healthy looking hair,2.1,India,2022
IN,HRC,rwa_driver_importance,Dry,Dove Intense Repair Blind Test (CTI_Dove_IR_pdt_imp_IN_HV),UD68,Pantene: Damage Repair (sachet),overall opinion product,NONE,easy to finger through comb when wet,1.67,India,2022
IN,HRC,rwa_driver_importance,Dry,Dove Intense Repair Blind Test (CTI_Dove_IR_pdt_imp_IN_HV),UD68,Pantene: Damage Repair (sachet),overall opinion product,NONE,is pleasurable to use,2.8,India,2022
IN,HRC,rwa_driver_importance,Dry,Dove Intense Repair Blind Test (CTI_Dove_IR_pdt_imp_IN_HV),UD68,Pantene: Damage Repair (sachet),overall opinion product,NONE,makes my hair easy to manage,1.13,India,2022
IN,HRC,rwa_driver_importance,Dry,Dove Intense Repair Blind Test (CTI_Dove_IR_pdt_imp_IN_HV),UD68,Pantene: Damage Repair (sachet),overall opinion product,NONE,makes my hair beautiful,0.99,India,2022
IN,HRC,rwa_driver_importance,Dry,Dove Intense Repair Blind Test (CTI_Dove_IR_pdt_imp_IN_HV),UD68,Pantene: Damage Repair (sachet),overall opinion product,NONE,is a high quality product,10.51,India,2022
IN,HRC,rwa_driver_importance,Dry,Dove Intense Repair Blind Test (CTI_Dove_IR_pdt_imp_IN_HV),UD68,Pantene: Damage Repair (sachet),overall opinion product,NONE,nourishes hair well,1.84,India,2022
IN,HRC,rwa_driver_importance,Dry,Dove Intense Repair Blind Test (CTI_Dove_IR_pdt_imp_IN_HV),UD68,Pantene: Damage Repair (sachet),overall opinion product,NONE,effectively moisturizes hair,0.8,India,2022
IN,HRC,rwa_driver_importance,Dry,Dove Intense Repair Blind Test (CTI_Dove_IR_pdt_imp_IN_HV),UD68,Pantene: Damage Repair (sachet),overall opinion product,NONE,makes my hair shiny,1.23,India,2022
IN,HRC,rwa_driver_importance,Dry,Dove Intense Repair Blind Test (CTI_Dove_IR_pdt_imp_IN_HV),UD68,Pantene: Damage Repair (sachet),overall opinion product,NONE,makes hair soft and smooth,8.08,India,2022
IN,HRC,rwa_driver_importance,Dry,Dove Intense Repair Blind Test (CTI_Dove_IR_pdt_imp_IN_HV),UD68,Pantene: Damage Repair (sachet),overall opinion product,NONE,makes my hair strong,3.74,India,2022
IN,HRC,rwa_driver_importance,Dry,Dove Intense Repair Blind Test (CTI_Dove_IR_pdt_imp_IN_HV),UD68,Pantene: Damage Repair (sachet),overall opinion product,NONE,controls reduces fluff or frizz,2.18,India,2022
IN,HRC,rwa_driver_importance,Dry,Dove Intense Repair Blind Test (CTI_Dove_IR_pdt_imp_IN_HV),UD68,Pantene: Damage Repair (sachet),overall opinion product,NONE,reduces dry rough ends,8.01,India,2022
IN,HRC,rwa_driver_importance,Dry,Dove Intense Repair Blind Test (CTI_Dove_IR_pdt_imp_IN_HV),UD68,Pantene: Damage Repair (sachet),overall opinion product,NONE,repairs damaged hair,8.03,India,2022
IN,HRC,rwa_driver_importance,Dry,Dove Intense Repair Blind Test (CTI_Dove_IR_pdt_imp_IN_HV),UD68,Pantene: Damage Repair (sachet),overall opinion product,NONE,reduces hair breakage,5.75,India,2022
IN,HRC,rwa_driver_importance,Dry,Dove Intense Repair Blind Test (CTI_Dove_IR_pdt_imp_IN_HV),UD68,Pantene: Damage Repair (sachet),overall opinion product,NONE,shampoo rinses off easily,1.11,India,2022
IN,HRC,rwa_driver_importance,Dry,Dove Intense Repair Blind Test (CTI_Dove_IR_pdt_imp_IN_HV),UD68,Pantene: Damage Repair (sachet),overall opinion product,NONE,shampoo cleans my hair well,9.56,India,2022
IN,HRC,rwa_driver_importance,Dry,Dove Intense Repair Blind Test (CTI_Dove_IR_pdt_imp_IN_HV),UD68,Pantene: Damage Repair (sachet),overall opinion appearance of shampoo,NONE,long lasting fragrance,10.6,India,2022
IN,HRC,rwa_driver_importance,Dry,Dove Intense Repair Blind Test (CTI_Dove_IR_pdt_imp_IN_HV),UD68,Pantene: Damage Repair (sachet),overall opinion appearance of shampoo,NONE,fragrance that i want to smell again and again,18.71,India,2022
IN,HRC,rwa_driver_importance,Dry,Dove Intense Repair Blind Test (CTI_Dove_IR_pdt_imp_IN_HV),UD68,Pantene: Damage Repair (sachet),overall opinion appearance of shampoo,NONE,makes hair healthier,1.39,India,2022
IN,HRC,rwa_driver_importance,Dry,Dove Intense Repair Blind Test (CTI_Dove_IR_pdt_imp_IN_HV),UD68,Pantene: Damage Repair (sachet),overall opinion appearance of shampoo,NONE,gives healthy looking hair,1.41,India,2022
