id,stage_no,record_type,stage,attr_group,benefit,attribute,attr_low,attr_medium,attr_high,category_code,country_code,stage_group,attribute_rank
1,1,sst_attribute_rank,CLT B7-8,Skin feel IU,Overall opinion,in_absorption,24.29,0,115.0,FC,IN,CLT B7-8 Skin feel IU,1
2197,2,sst_attribute_rank,CLT B9-10,Skin feel IMD,Reduce minimized pores,oily_ft,0.0,0,92.07,FC,IN,CLT B9-10 Skin feel IMD,4
2,1,sst_attribute_rank,CLT B7-8,Skin feel IU,Overall opinion,in_wet,1.79,0,89.79,FC,IN,CLT B7-8 Skin feel IU,2
2198,2,sst_attribute_rank,CLT B9-10,Skin feel IMD,Reduce minimized pores,in_greasy,3.93,0,82.86,FC,IN,CLT B9-10 Skin feel IMD,5
1465,6,sst_attribute_rank,CLT B11-12,CLT Skin Feel 10min,Reduce dark circles,oily_ft,0.0,0,92.07,FC,IN,CLT B11-12 CLT Skin Feel 10min,5
1466,6,sst_attribute_rank,CLT B11-12,CLT Skin Feel 10min,Reduce dark circles,in_greasy_5min,1.71,0,72.36,FC,IN,CLT B11-12 CLT Skin Feel 10min,6
3,1,sst_attribute_rank,CLT B7-8,Skin feel IU,Overall opinion,in_greasy,3.93,0,82.86,FC,IN,CLT B7-8 Skin feel IU,3
4,1,sst_attribute_rank,CLT B7-8,Skin feel IU,Overall opinion,in_cooling,0.0,0,27.93,FC,IN,CLT B7-8 Skin feel IU,4
5,1,sst_attribute_rank,CLT B7-8,Skin feel IU,Overall opinion,ft_peaking,3.57,0,78.27,FC,IN,CLT B7-8 Skin feel IU,5
6,1,sst_attribute_rank,CLT B7-8,Skin feel IU,Overall opinion,ft_stringiness,3.57,0,67.36,FC,IN,CLT B7-8 Skin feel IU,6
7,1,sst_attribute_rank,CLT B7-8,Skin feel IU,Overall opinion,in_creamy,7.0,0,65.33,FC,IN,CLT B7-8 Skin feel IU,7
8,1,sst_attribute_rank,CLT B7-8,Skin feel IU,Overall opinion,oily_ft,0.0,0,92.07,FC,IN,CLT B7-8 Skin feel IU,8
9,1,sst_attribute_rank,CLT B7-8,Skin feel IU,Overall opinion,in_spreadability,35.93,0,95.64,FC,IN,CLT B7-8 Skin feel IU,9
10,1,sst_attribute_rank,CLT B7-8,Skin feel IU,Overall opinion,in_thickness,11.71,0,75.67,FC,IN,CLT B7-8 Skin feel IU,10
11,1,sst_attribute_rank,CLT B7-8,Skin feel IU,Overall opinion,ft_firmness,6.71,0,79.57,FC,IN,CLT B7-8 Skin feel IU,11
12,1,sst_attribute_rank,CLT B7-8,Skin feel IU,Overall opinion,ft_sticky,4.93,0,74.43,FC,IN,CLT B7-8 Skin feel IU,12
13,2,sst_attribute_rank,CLT B9-10,Skin feel IMD,Overall opinion,in_thickness,11.71,0,75.67,FC,IN,CLT B9-10 Skin feel IMD,1
14,2,sst_attribute_rank,CLT B9-10,Skin feel IMD,Overall opinion,in_greasy,3.93,0,82.86,FC,IN,CLT B9-10 Skin feel IMD,2
15,2,sst_attribute_rank,CLT B9-10,Skin feel IMD,Overall opinion,oily_ft,0.0,0,92.07,FC,IN,CLT B9-10 Skin feel IMD,3
16,2,sst_attribute_rank,CLT B9-10,Skin feel IMD,Overall opinion,ft_sticky,4.93,0,74.43,FC,IN,CLT B9-10 Skin feel IMD,4
17,2,sst_attribute_rank,CLT B9-10,Skin feel IMD,Overall opinion,in_wet,1.79,0,89.79,FC,IN,CLT B9-10 Skin feel IMD,5
18,2,sst_attribute_rank,CLT B9-10,Skin feel IMD,Overall opinion,softness_imm,7.29,0,72.86,FC,IN,CLT B9-10 Skin feel IMD,6
19,2,sst_attribute_rank,CLT B9-10,Skin feel IMD,Overall opinion,ft_peaking,3.57,0,78.27,FC,IN,CLT B9-10 Skin feel IMD,7
20,2,sst_attribute_rank,CLT B9-10,Skin feel IMD,Overall opinion,in_absorption,24.29,0,115.0,FC,IN,CLT B9-10 Skin feel IMD,8
21,2,sst_attribute_rank,CLT B9-10,Skin feel IMD,Overall opinion,in_sticky_imm,4.29,0,73.21,FC,IN,CLT B9-10 Skin feel IMD,9
22,2,sst_attribute_rank,CLT B9-10,Skin feel IMD,Overall opinion,ft_firmness,6.71,0,79.57,FC,IN,CLT B9-10 Skin feel IMD,10
23,2,sst_attribute_rank,CLT B9-10,Skin feel IMD,Overall opinion,ft_stringiness,3.57,0,67.36,FC,IN,CLT B9-10 Skin feel IMD,11
24,2,sst_attribute_rank,CLT B9-10,Skin feel IMD,Overall opinion,in_creamy,7.0,0,65.33,FC,IN,CLT B9-10 Skin feel IMD,12
25,2,sst_attribute_rank,CLT B9-10,Skin feel IMD,Overall opinion,in_greasy_imm,2.5,0,79.21,FC,IN,CLT B9-10 Skin feel IMD,13
26,2,sst_attribute_rank,CLT B9-10,Skin feel IMD,Overall opinion,in_oily_imm,0.64,0,79.64,FC,IN,CLT B9-10 Skin feel IMD,14
27,2,sst_attribute_rank,CLT B9-10,Skin feel IMD,Overall opinion,in_cooling_imm,0.0,0,19.29,FC,IN,CLT B9-10 Skin feel IMD,15
28,2,sst_attribute_rank,CLT B9-10,Skin feel IMD,Overall opinion,in_spreadability,35.93,0,95.64,FC,IN,CLT B9-10 Skin feel IMD,16
29,2,sst_attribute_rank,CLT B9-10,Skin feel IMD,Overall opinion,amount_of_residue,22.21,0,93.79,FC,IN,CLT B9-10 Skin feel IMD,17
1831,10,sst_attribute_rank,CLT B15-16,CLT Fingertip,Sun protection,in_drag_imm,7.86,0,79.73,FC,IN,CLT B15-16 CLT Fingertip,7
2563,5,sst_attribute_rank,CLT B5-6,Fragrance In Jar,No patchy look,fr_Fruity,0.0,0,1.0,FC,IN,CLT B5-6 Fragrance In Jar,10
1832,10,sst_attribute_rank,CLT B15-16,CLT Fingertip,Sun protection,in_waxy_imm,5.0,0,31.53,FC,IN,CLT B15-16 CLT Fingertip,8
30,2,sst_attribute_rank,CLT B9-10,Skin feel IMD,Overall opinion,in_drag_imm,7.86,0,79.73,FC,IN,CLT B9-10 Skin feel IMD,18
31,3,sst_attribute_rank,CLT B13-14,CLT Fragrance IMD,Overall opinion,fr_Green,0.0,0,1.0,FC,IN,CLT B13-14 CLT Fragrance IMD,1
32,3,sst_attribute_rank,CLT B13-14,CLT Fragrance IMD,Overall opinion,fr_Aromatic_Herbeaous,0.0,0,1.0,FC,IN,CLT B13-14 CLT Fragrance IMD,2
33,3,sst_attribute_rank,CLT B13-14,CLT Fragrance IMD,Overall opinion,fr_Aldehydic,0.0,0,1.0,FC,IN,CLT B13-14 CLT Fragrance IMD,3
34,3,sst_attribute_rank,CLT B13-14,CLT Fragrance IMD,Overall opinion,fr_Musky,0.0,0,1.0,FC,IN,CLT B13-14 CLT Fragrance IMD,4
35,3,sst_attribute_rank,CLT B13-14,CLT Fragrance IMD,Overall opinion,in_fragrance_5min,15.43,0,64.07,FC,IN,CLT B13-14 CLT Fragrance IMD,5
36,3,sst_attribute_rank,CLT B13-14,CLT Fragrance IMD,Overall opinion,in_fragrance_imm,24.36,0,74.73,FC,IN,CLT B13-14 CLT Fragrance IMD,6
37,3,sst_attribute_rank,CLT B13-14,CLT Fragrance IMD,Overall opinion,fr_Watery_Marine,0.0,0,1.0,FC,IN,CLT B13-14 CLT Fragrance IMD,7
38,3,sst_attribute_rank,CLT B13-14,CLT Fragrance IMD,Overall opinion,fr_Powdery,0.0,0,1.0,FC,IN,CLT B13-14 CLT Fragrance IMD,8
39,3,sst_attribute_rank,CLT B13-14,CLT Fragrance IMD,Overall opinion,fr_Woody,0.0,0,1.0,FC,IN,CLT B13-14 CLT Fragrance IMD,9
1467,6,sst_attribute_rank,CLT B11-12,CLT Skin Feel 10min,Reduce dark circles,in_spreadability,35.93,0,95.64,FC,IN,CLT B11-12 CLT Skin Feel 10min,7
40,3,sst_attribute_rank,CLT B13-14,CLT Fragrance IMD,Overall opinion,fr_Citrus,0.0,0,1.0,FC,IN,CLT B13-14 CLT Fragrance IMD,10
41,3,sst_attribute_rank,CLT B13-14,CLT Fragrance IMD,Overall opinion,fr_Amber,0.0,0,1.0,FC,IN,CLT B13-14 CLT Fragrance IMD,11
1468,6,sst_attribute_rank,CLT B11-12,CLT Skin Feel 10min,Reduce dark circles,ft_stringiness,3.57,0,67.36,FC,IN,CLT B11-12 CLT Skin Feel 10min,8
42,3,sst_attribute_rank,CLT B13-14,CLT Fragrance IMD,Overall opinion,fr_Floral,0.0,0,1.0,FC,IN,CLT B13-14 CLT Fragrance IMD,12
1469,6,sst_attribute_rank,CLT B11-12,CLT Skin Feel 10min,Reduce dark circles,in_oily_5min,0.71,0,73.57,FC,IN,CLT B11-12 CLT Skin Feel 10min,9
43,3,sst_attribute_rank,CLT B13-14,CLT Fragrance IMD,Overall opinion,fr_Fruity,0.0,0,1.0,FC,IN,CLT B13-14 CLT Fragrance IMD,13
1470,6,sst_attribute_rank,CLT B11-12,CLT Skin Feel 10min,Reduce dark circles,in_wet,1.79,0,89.79,FC,IN,CLT B11-12 CLT Skin Feel 10min,10
44,3,sst_attribute_rank,CLT B13-14,CLT Fragrance IMD,Overall opinion,fr_Gourmand,0.0,0,1.0,FC,IN,CLT B13-14 CLT Fragrance IMD,14
1471,6,sst_attribute_rank,CLT B11-12,CLT Skin Feel 10min,Reduce dark circles,ft_peaking,3.57,0,78.27,FC,IN,CLT B11-12 CLT Skin Feel 10min,11
45,4,sst_attribute_rank,CLT B1-2,Skin Look IMD,Overall opinion,in_coverage_imm,4.64,0,70.27,FC,IN,CLT B1-2 Skin Look IMD,1
1472,6,sst_attribute_rank,CLT B11-12,CLT Skin Feel 10min,Reduce dark circles,in_cooling,0.0,0,27.93,FC,IN,CLT B11-12 CLT Skin Feel 10min,12
46,4,sst_attribute_rank,CLT B1-2,Skin Look IMD,Overall opinion,in_fairness_imm,4.33,0,50.21,FC,IN,CLT B1-2 Skin Look IMD,2
1473,6,sst_attribute_rank,CLT B11-12,CLT Skin Feel 10min,Reduce dark circles,ft_sticky,4.93,0,74.43,FC,IN,CLT B11-12 CLT Skin Feel 10min,13
1474,6,sst_attribute_rank,CLT B11-12,CLT Skin Feel 10min,Reduce dark circles,tightness_5min,16.57,0,73.53,FC,IN,CLT B11-12 CLT Skin Feel 10min,14
47,4,sst_attribute_rank,CLT B1-2,Skin Look IMD,Overall opinion,in_fairness_5min,4.33,0,43.21,FC,IN,CLT B1-2 Skin Look IMD,3
1475,6,sst_attribute_rank,CLT B11-12,CLT Skin Feel 10min,Reduce dark circles,ft_firmness,6.71,0,79.57,FC,IN,CLT B11-12 CLT Skin Feel 10min,15
48,4,sst_attribute_rank,CLT B1-2,Skin Look IMD,Overall opinion,in_coverage_5min,4.64,0,67.47,FC,IN,CLT B1-2 Skin Look IMD,4
1476,6,sst_attribute_rank,CLT B11-12,CLT Skin Feel 10min,Reduce dark circles,in_drag_5min,9.5,0,71.4,FC,IN,CLT B11-12 CLT Skin Feel 10min,16
49,4,sst_attribute_rank,CLT B1-2,Skin Look IMD,Overall opinion,in_invisibility_imm,5.43,0,51.33,FC,IN,CLT B1-2 Skin Look IMD,5
1477,6,sst_attribute_rank,CLT B11-12,CLT Skin Feel 10min,Reduce dark circles,in_absorption,24.29,0,115.0,FC,IN,CLT B11-12 CLT Skin Feel 10min,17
50,4,sst_attribute_rank,CLT B1-2,Skin Look IMD,Overall opinion,in_invisibility_5min,4.93,0,50.67,FC,IN,CLT B1-2 Skin Look IMD,6
367,3,sst_attribute_rank,CLT B13-14,CLT Fragrance IMD,Instant glow,fr_Fruity,0.0,0,1.0,FC,IN,CLT B13-14 CLT Fragrance IMD,8
1478,10,sst_attribute_rank,CLT B15-16,CLT Fingertip,Reduce dark circles,in_thickness,11.71,0,75.67,FC,IN,CLT B15-16 CLT Fingertip,1
51,4,sst_attribute_rank,CLT B1-2,Skin Look IMD,Overall opinion,patchy_residue_imm,4.29,0,39.07,FC,IN,CLT B1-2 Skin Look IMD,7
368,3,sst_attribute_rank,CLT B13-14,CLT Fragrance IMD,Instant glow,fr_Citrus,0.0,0,1.0,FC,IN,CLT B13-14 CLT Fragrance IMD,9
1479,10,sst_attribute_rank,CLT B15-16,CLT Fingertip,Reduce dark circles,in_creamy,7.0,0,65.33,FC,IN,CLT B15-16 CLT Fingertip,2
52,4,sst_attribute_rank,CLT B1-2,Skin Look IMD,Overall opinion,in_gloss_imm,4.29,0,82.86,FC,IN,CLT B1-2 Skin Look IMD,8
1480,10,sst_attribute_rank,CLT B15-16,CLT Fingertip,Reduce dark circles,in_greasy,3.93,0,82.86,FC,IN,CLT B15-16 CLT Fingertip,3
53,4,sst_attribute_rank,CLT B1-2,Skin Look IMD,Overall opinion,in_gloss_5min,3.57,0,76.14,FC,IN,CLT B1-2 Skin Look IMD,9
1481,10,sst_attribute_rank,CLT B15-16,CLT Fingertip,Reduce dark circles,oily_ft,0.0,0,92.07,FC,IN,CLT B15-16 CLT Fingertip,4
54,4,sst_attribute_rank,CLT B1-2,Skin Look IMD,Overall opinion,in_powderylook_5min,4.64,0,22.73,FC,IN,CLT B1-2 Skin Look IMD,10
1482,10,sst_attribute_rank,CLT B15-16,CLT Fingertip,Reduce dark circles,in_sticky_imm,4.29,0,73.21,FC,IN,CLT B15-16 CLT Fingertip,5
369,3,sst_attribute_rank,CLT B13-14,CLT Fragrance IMD,Instant glow,fr_Amber,0.0,0,1.0,FC,IN,CLT B13-14 CLT Fragrance IMD,10
1483,10,sst_attribute_rank,CLT B15-16,CLT Fingertip,Reduce dark circles,in_greasy_imm,2.5,0,79.21,FC,IN,CLT B15-16 CLT Fingertip,6
55,4,sst_attribute_rank,CLT B1-2,Skin Look IMD,Overall opinion,patchy_residue_in,7.86,0,79.6,FC,IN,CLT B1-2 Skin Look IMD,11
1484,10,sst_attribute_rank,CLT B15-16,CLT Fingertip,Reduce dark circles,in_wet,1.79,0,89.79,FC,IN,CLT B15-16 CLT Fingertip,7
370,3,sst_attribute_rank,CLT B13-14,CLT Fragrance IMD,Instant glow,fr_Green,0.0,0,1.0,FC,IN,CLT B13-14 CLT Fragrance IMD,11
56,4,sst_attribute_rank,CLT B1-2,Skin Look IMD,Overall opinion,shimmer,0.0,0,58.8,FC,IN,CLT B1-2 Skin Look IMD,12
1485,10,sst_attribute_rank,CLT B15-16,CLT Fingertip,Reduce dark circles,ft_sticky,4.93,0,74.43,FC,IN,CLT B15-16 CLT Fingertip,8
371,3,sst_attribute_rank,CLT B13-14,CLT Fragrance IMD,Instant glow,fr_Floral,0.0,0,1.0,FC,IN,CLT B13-14 CLT Fragrance IMD,12
57,5,sst_attribute_rank,CLT B5-6,Fragrance In Jar,Overall opinion,in_fragrance_imm,24.36,0,74.73,FC,IN,CLT B5-6 Fragrance In Jar,1
1486,10,sst_attribute_rank,CLT B15-16,CLT Fingertip,Reduce dark circles,ft_firmness,6.71,0,79.57,FC,IN,CLT B15-16 CLT Fingertip,9
372,3,sst_attribute_rank,CLT B13-14,CLT Fragrance IMD,Instant glow,fr_Woody,0.0,0,1.0,FC,IN,CLT B13-14 CLT Fragrance IMD,13
58,5,sst_attribute_rank,CLT B5-6,Fragrance In Jar,Overall opinion,in_fragrance_5min,15.43,0,64.07,FC,IN,CLT B5-6 Fragrance In Jar,2
1487,10,sst_attribute_rank,CLT B15-16,CLT Fingertip,Reduce dark circles,in_drag_imm,7.86,0,79.73,FC,IN,CLT B15-16 CLT Fingertip,10
373,3,sst_attribute_rank,CLT B13-14,CLT Fragrance IMD,Instant glow,fr_Gourmand,0.0,0,1.0,FC,IN,CLT B13-14 CLT Fragrance IMD,14
59,5,sst_attribute_rank,CLT B5-6,Fragrance In Jar,Overall opinion,fr_Aromatic_Herbeaous,0.0,0,1.0,FC,IN,CLT B5-6 Fragrance In Jar,3
1488,10,sst_attribute_rank,CLT B15-16,CLT Fingertip,Reduce dark circles,in_oily,0.57,0,82.5,FC,IN,CLT B15-16 CLT Fingertip,11
1833,10,sst_attribute_rank,CLT B15-16,CLT Fingertip,Sun protection,ft_stringiness,3.57,0,67.36,FC,IN,CLT B15-16 CLT Fingertip,9
1834,10,sst_attribute_rank,CLT B15-16,CLT Fingertip,Sun protection,oily_ft,0.0,0,92.07,FC,IN,CLT B15-16 CLT Fingertip,10
1835,10,sst_attribute_rank,CLT B15-16,CLT Fingertip,Sun protection,in_oily,0.57,0,82.5,FC,IN,CLT B15-16 CLT Fingertip,11
1836,10,sst_attribute_rank,CLT B15-16,CLT Fingertip,Sun protection,in_creamy,7.0,0,65.33,FC,IN,CLT B15-16 CLT Fingertip,12
1837,10,sst_attribute_rank,CLT B15-16,CLT Fingertip,Sun protection,in_oily_imm,0.64,0,79.64,FC,IN,CLT B15-16 CLT Fingertip,13
1838,10,sst_attribute_rank,CLT B15-16,CLT Fingertip,Sun protection,in_powdery_imm,5.14,0,80.36,FC,IN,CLT B15-16 CLT Fingertip,14
1839,10,sst_attribute_rank,CLT B15-16,CLT Fingertip,Sun protection,in_spreadability,35.93,0,95.64,FC,IN,CLT B15-16 CLT Fingertip,15
1840,10,sst_attribute_rank,CLT B15-16,CLT Fingertip,Sun protection,in_wet,1.79,0,89.79,FC,IN,CLT B15-16 CLT Fingertip,16
1841,10,sst_attribute_rank,CLT B15-16,CLT Fingertip,Sun protection,ft_sticky,4.93,0,74.43,FC,IN,CLT B15-16 CLT Fingertip,17
1842,10,sst_attribute_rank,CLT B15-16,CLT Fingertip,Sun protection,amount_of_residue,22.21,0,93.79,FC,IN,CLT B15-16 CLT Fingertip,18
1843,10,sst_attribute_rank,CLT B15-16,CLT Fingertip,Sun protection,ft_bounciness,1.14,0,39.64,FC,IN,CLT B15-16 CLT Fingertip,19
1844,10,sst_attribute_rank,CLT B15-16,CLT Fingertip,Sun protection,consistency_rate,10.07,0,89.64,FC,IN,CLT B15-16 CLT Fingertip,20
1845,10,sst_attribute_rank,CLT B15-16,CLT Fingertip,Sun protection,in_silky_imm,9.67,0,61.29,FC,IN,CLT B15-16 CLT Fingertip,21
1846,3,sst_attribute_rank,CLT B13-14,CLT Fragrance IMD,Sun protection,in_fragrance_5min,15.43,0,64.07,FC,IN,CLT B13-14 CLT Fragrance IMD,1
1847,3,sst_attribute_rank,CLT B13-14,CLT Fragrance IMD,Sun protection,in_fragrance_imm,24.36,0,74.73,FC,IN,CLT B13-14 CLT Fragrance IMD,2
1848,3,sst_attribute_rank,CLT B13-14,CLT Fragrance IMD,Sun protection,fr_Aromatic_Herbeaous,0.0,0,1.0,FC,IN,CLT B13-14 CLT Fragrance IMD,3
1849,3,sst_attribute_rank,CLT B13-14,CLT Fragrance IMD,Sun protection,fr_Musky,0.0,0,1.0,FC,IN,CLT B13-14 CLT Fragrance IMD,4
1850,3,sst_attribute_rank,CLT B13-14,CLT Fragrance IMD,Sun protection,fr_Green,0.0,0,1.0,FC,IN,CLT B13-14 CLT Fragrance IMD,5
1851,3,sst_attribute_rank,CLT B13-14,CLT Fragrance IMD,Sun protection,fr_Woody,0.0,0,1.0,FC,IN,CLT B13-14 CLT Fragrance IMD,6
1852,3,sst_attribute_rank,CLT B13-14,CLT Fragrance IMD,Sun protection,fr_Citrus,0.0,0,1.0,FC,IN,CLT B13-14 CLT Fragrance IMD,7
1853,3,sst_attribute_rank,CLT B13-14,CLT Fragrance IMD,Sun protection,fr_Floral,0.0,0,1.0,FC,IN,CLT B13-14 CLT Fragrance IMD,8
1854,3,sst_attribute_rank,CLT B13-14,CLT Fragrance IMD,Sun protection,fr_Aldehydic,0.0,0,1.0,FC,IN,CLT B13-14 CLT Fragrance IMD,9
1855,3,sst_attribute_rank,CLT B13-14,CLT Fragrance IMD,Sun protection,fr_Powdery,0.0,0,1.0,FC,IN,CLT B13-14 CLT Fragrance IMD,10
1856,3,sst_attribute_rank,CLT B13-14,CLT Fragrance IMD,Sun protection,fr_Watery_Marine,0.0,0,1.0,FC,IN,CLT B13-14 CLT Fragrance IMD,11
1857,3,sst_attribute_rank,CLT B13-14,CLT Fragrance IMD,Sun protection,fr_Fruity,0.0,0,1.0,FC,IN,CLT B13-14 CLT Fragrance IMD,12
1858,3,sst_attribute_rank,CLT B13-14,CLT Fragrance IMD,Sun protection,fr_Amber,0.0,0,1.0,FC,IN,CLT B13-14 CLT Fragrance IMD,13
1859,3,sst_attribute_rank,CLT B13-14,CLT Fragrance IMD,Sun protection,fr_Gourmand,0.0,0,1.0,FC,IN,CLT B13-14 CLT Fragrance IMD,14
1860,6,sst_attribute_rank,CLT B11-12,CLT Skin Feel 10min,Sun protection,in_thickness,11.71,0,75.67,FC,IN,CLT B11-12 CLT Skin Feel 10min,1
1861,6,sst_attribute_rank,CLT B11-12,CLT Skin Feel 10min,Sun protection,ft_firmness,6.71,0,79.57,FC,IN,CLT B11-12 CLT Skin Feel 10min,2
1862,6,sst_attribute_rank,CLT B11-12,CLT Skin Feel 10min,Sun protection,in_greasy,3.93,0,82.86,FC,IN,CLT B11-12 CLT Skin Feel 10min,3
1863,6,sst_attribute_rank,CLT B11-12,CLT Skin Feel 10min,Sun protection,ft_sticky,4.93,0,74.43,FC,IN,CLT B11-12 CLT Skin Feel 10min,4
1864,6,sst_attribute_rank,CLT B11-12,CLT Skin Feel 10min,Sun protection,in_sticky_5min,4.64,0,65.43,FC,IN,CLT B11-12 CLT Skin Feel 10min,5
1865,6,sst_attribute_rank,CLT B11-12,CLT Skin Feel 10min,Sun protection,in_oily_5min,0.71,0,73.57,FC,IN,CLT B11-12 CLT Skin Feel 10min,6
1866,6,sst_attribute_rank,CLT B11-12,CLT Skin Feel 10min,Sun protection,oily_ft,0.0,0,92.07,FC,IN,CLT B11-12 CLT Skin Feel 10min,7
1867,6,sst_attribute_rank,CLT B11-12,CLT Skin Feel 10min,Sun protection,in_cooling,0.0,0,27.93,FC,IN,CLT B11-12 CLT Skin Feel 10min,8
1868,6,sst_attribute_rank,CLT B11-12,CLT Skin Feel 10min,Sun protection,ft_peaking,3.57,0,78.27,FC,IN,CLT B11-12 CLT Skin Feel 10min,9
1869,6,sst_attribute_rank,CLT B11-12,CLT Skin Feel 10min,Sun protection,in_cooling_5min,0.0,0,5.36,FC,IN,CLT B11-12 CLT Skin Feel 10min,10
1870,6,sst_attribute_rank,CLT B11-12,CLT Skin Feel 10min,Sun protection,in_spreadability,35.93,0,95.64,FC,IN,CLT B11-12 CLT Skin Feel 10min,11
1871,6,sst_attribute_rank,CLT B11-12,CLT Skin Feel 10min,Sun protection,ft_stringiness,3.57,0,67.36,FC,IN,CLT B11-12 CLT Skin Feel 10min,12
1872,6,sst_attribute_rank,CLT B11-12,CLT Skin Feel 10min,Sun protection,in_drag_5min,9.5,0,71.4,FC,IN,CLT B11-12 CLT Skin Feel 10min,13
1873,6,sst_attribute_rank,CLT B11-12,CLT Skin Feel 10min,Sun protection,in_creamy,7.0,0,65.33,FC,IN,CLT B11-12 CLT Skin Feel 10min,14
1874,6,sst_attribute_rank,CLT B11-12,CLT Skin Feel 10min,Sun protection,tightness_5min,16.57,0,73.53,FC,IN,CLT B11-12 CLT Skin Feel 10min,15
1875,6,sst_attribute_rank,CLT B11-12,CLT Skin Feel 10min,Sun protection,in_absorption,24.29,0,115.0,FC,IN,CLT B11-12 CLT Skin Feel 10min,16
1876,6,sst_attribute_rank,CLT B11-12,CLT Skin Feel 10min,Sun protection,in_wet,1.79,0,89.79,FC,IN,CLT B11-12 CLT Skin Feel 10min,17
1877,6,sst_attribute_rank,CLT B11-12,CLT Skin Feel 10min,Sun protection,in_greasy_5min,1.71,0,72.36,FC,IN,CLT B11-12 CLT Skin Feel 10min,18
1878,7,sst_attribute_rank,CLT B17-18,Fragrance 10min,Sun protection,in_fragrance_imm,24.36,0,74.73,FC,IN,CLT B17-18 Fragrance 10min,1
1879,7,sst_attribute_rank,CLT B17-18,Fragrance 10min,Sun protection,in_fragrance_5min,15.43,0,64.07,FC,IN,CLT B17-18 Fragrance 10min,2
1880,7,sst_attribute_rank,CLT B17-18,Fragrance 10min,Sun protection,fr_Green,0.0,0,1.0,FC,IN,CLT B17-18 Fragrance 10min,3
1881,7,sst_attribute_rank,CLT B17-18,Fragrance 10min,Sun protection,fr_Musky,0.0,0,1.0,FC,IN,CLT B17-18 Fragrance 10min,4
1882,7,sst_attribute_rank,CLT B17-18,Fragrance 10min,Sun protection,fr_Citrus,0.0,0,1.0,FC,IN,CLT B17-18 Fragrance 10min,5
1883,7,sst_attribute_rank,CLT B17-18,Fragrance 10min,Sun protection,fr_Aromatic_Herbeaous,0.0,0,1.0,FC,IN,CLT B17-18 Fragrance 10min,6
1884,9,sst_attribute_rank,CLT B3-4,Skin Look 10min,Sun protection,in_gloss_imm,4.29,0,82.86,FC,IN,CLT B3-4 Skin Look 10min,1
1885,9,sst_attribute_rank,CLT B3-4,Skin Look 10min,Sun protection,in_gloss_5min,3.57,0,76.14,FC,IN,CLT B3-4 Skin Look 10min,2
1886,9,sst_attribute_rank,CLT B3-4,Skin Look 10min,Sun protection,in_invisibility_5min,4.93,0,50.67,FC,IN,CLT B3-4 Skin Look 10min,3
1887,9,sst_attribute_rank,CLT B3-4,Skin Look 10min,Sun protection,patchy_residue_in,7.86,0,79.6,FC,IN,CLT B3-4 Skin Look 10min,4
1888,9,sst_attribute_rank,CLT B3-4,Skin Look 10min,Sun protection,in_invisibility_imm,5.43,0,51.33,FC,IN,CLT B3-4 Skin Look 10min,5
1889,9,sst_attribute_rank,CLT B3-4,Skin Look 10min,Sun protection,patchy_residue_imm,4.29,0,39.07,FC,IN,CLT B3-4 Skin Look 10min,6
1890,9,sst_attribute_rank,CLT B3-4,Skin Look 10min,Sun protection,in_coverage_imm,4.64,0,70.27,FC,IN,CLT B3-4 Skin Look 10min,7
1891,9,sst_attribute_rank,CLT B3-4,Skin Look 10min,Sun protection,in_fairness_imm,4.33,0,50.21,FC,IN,CLT B3-4 Skin Look 10min,8
1892,9,sst_attribute_rank,CLT B3-4,Skin Look 10min,Sun protection,in_fairness_5min,4.33,0,43.21,FC,IN,CLT B3-4 Skin Look 10min,9
1893,9,sst_attribute_rank,CLT B3-4,Skin Look 10min,Sun protection,in_powderylook_imm,4.64,0,41.79,FC,IN,CLT B3-4 Skin Look 10min,10
1894,9,sst_attribute_rank,CLT B3-4,Skin Look 10min,Sun protection,in_powderylook_5min,4.64,0,22.73,FC,IN,CLT B3-4 Skin Look 10min,11
1895,9,sst_attribute_rank,CLT B3-4,Skin Look 10min,Sun protection,in_coverage_5min,4.64,0,67.47,FC,IN,CLT B3-4 Skin Look 10min,12
1896,9,sst_attribute_rank,CLT B3-4,Skin Look 10min,Sun protection,shimmer,0.0,0,58.8,FC,IN,CLT B3-4 Skin Look 10min,13
1897,5,sst_attribute_rank,CLT B5-6,Fragrance In Jar,Sun protection,in_fragrance_5min,15.43,0,64.07,FC,IN,CLT B5-6 Fragrance In Jar,1
1898,5,sst_attribute_rank,CLT B5-6,Fragrance In Jar,Sun protection,in_fragrance_imm,24.36,0,74.73,FC,IN,CLT B5-6 Fragrance In Jar,2
1899,5,sst_attribute_rank,CLT B5-6,Fragrance In Jar,Sun protection,fr_Aromatic_Herbeaous,0.0,0,1.0,FC,IN,CLT B5-6 Fragrance In Jar,3
1900,5,sst_attribute_rank,CLT B5-6,Fragrance In Jar,Sun protection,fr_Green,0.0,0,1.0,FC,IN,CLT B5-6 Fragrance In Jar,4
1901,5,sst_attribute_rank,CLT B5-6,Fragrance In Jar,Sun protection,fr_Aldehydic,0.0,0,1.0,FC,IN,CLT B5-6 Fragrance In Jar,5
1902,5,sst_attribute_rank,CLT B5-6,Fragrance In Jar,Sun protection,fr_Musky,0.0,0,1.0,FC,IN,CLT B5-6 Fragrance In Jar,6
1903,5,sst_attribute_rank,CLT B5-6,Fragrance In Jar,Sun protection,fr_Powdery,0.0,0,1.0,FC,IN,CLT B5-6 Fragrance In Jar,7
1904,5,sst_attribute_rank,CLT B5-6,Fragrance In Jar,Sun protection,fr_Citrus,0.0,0,1.0,FC,IN,CLT B5-6 Fragrance In Jar,8
1905,5,sst_attribute_rank,CLT B5-6,Fragrance In Jar,Sun protection,fr_Floral,0.0,0,1.0,FC,IN,CLT B5-6 Fragrance In Jar,9
1906,5,sst_attribute_rank,CLT B5-6,Fragrance In Jar,Sun protection,fr_Fruity,0.0,0,1.0,FC,IN,CLT B5-6 Fragrance In Jar,10
1907,5,sst_attribute_rank,CLT B5-6,Fragrance In Jar,Sun protection,fr_Watery_Marine,0.0,0,1.0,FC,IN,CLT B5-6 Fragrance In Jar,11
1908,5,sst_attribute_rank,CLT B5-6,Fragrance In Jar,Sun protection,fr_Amber,0.0,0,1.0,FC,IN,CLT B5-6 Fragrance In Jar,12
1909,5,sst_attribute_rank,CLT B5-6,Fragrance In Jar,Sun protection,fr_Gourmand,0.0,0,1.0,FC,IN,CLT B5-6 Fragrance In Jar,13
1910,5,sst_attribute_rank,CLT B5-6,Fragrance In Jar,Sun protection,fr_Woody,0.0,0,1.0,FC,IN,CLT B5-6 Fragrance In Jar,14
1911,1,sst_attribute_rank,CLT B7-8,Skin feel IU,Sun protection,in_thickness,11.71,0,75.67,FC,IN,CLT B7-8 Skin feel IU,1
1912,1,sst_attribute_rank,CLT B7-8,Skin feel IU,Sun protection,in_greasy,3.93,0,82.86,FC,IN,CLT B7-8 Skin feel IU,2
1913,1,sst_attribute_rank,CLT B7-8,Skin feel IU,Sun protection,oily_ft,0.0,0,92.07,FC,IN,CLT B7-8 Skin feel IU,3
1914,1,sst_attribute_rank,CLT B7-8,Skin feel IU,Sun protection,ft_peaking,3.57,0,78.27,FC,IN,CLT B7-8 Skin feel IU,4
1915,1,sst_attribute_rank,CLT B7-8,Skin feel IU,Sun protection,ft_stringiness,3.57,0,67.36,FC,IN,CLT B7-8 Skin feel IU,5
1916,1,sst_attribute_rank,CLT B7-8,Skin feel IU,Sun protection,in_absorption,24.29,0,115.0,FC,IN,CLT B7-8 Skin feel IU,6
1917,1,sst_attribute_rank,CLT B7-8,Skin feel IU,Sun protection,in_creamy,7.0,0,65.33,FC,IN,CLT B7-8 Skin feel IU,7
1918,1,sst_attribute_rank,CLT B7-8,Skin feel IU,Sun protection,in_wet,1.79,0,89.79,FC,IN,CLT B7-8 Skin feel IU,8
1919,1,sst_attribute_rank,CLT B7-8,Skin feel IU,Sun protection,ft_sticky,4.93,0,74.43,FC,IN,CLT B7-8 Skin feel IU,9
1920,1,sst_attribute_rank,CLT B7-8,Skin feel IU,Sun protection,in_cooling,0.0,0,27.93,FC,IN,CLT B7-8 Skin feel IU,10
1921,1,sst_attribute_rank,CLT B7-8,Skin feel IU,Sun protection,in_spreadability,35.93,0,95.64,FC,IN,CLT B7-8 Skin feel IU,11
1922,1,sst_attribute_rank,CLT B7-8,Skin feel IU,Sun protection,ft_firmness,6.71,0,79.57,FC,IN,CLT B7-8 Skin feel IU,12
1923,2,sst_attribute_rank,CLT B9-10,Skin feel IMD,Sun protection,in_thickness,11.71,0,75.67,FC,IN,CLT B9-10 Skin feel IMD,1
1924,2,sst_attribute_rank,CLT B9-10,Skin feel IMD,Sun protection,in_greasy_imm,2.5,0,79.21,FC,IN,CLT B9-10 Skin feel IMD,2
1925,2,sst_attribute_rank,CLT B9-10,Skin feel IMD,Sun protection,oily_ft,0.0,0,92.07,FC,IN,CLT B9-10 Skin feel IMD,3
1926,2,sst_attribute_rank,CLT B9-10,Skin feel IMD,Sun protection,in_greasy,3.93,0,82.86,FC,IN,CLT B9-10 Skin feel IMD,4
1927,2,sst_attribute_rank,CLT B9-10,Skin feel IMD,Sun protection,ft_stringiness,3.57,0,67.36,FC,IN,CLT B9-10 Skin feel IMD,5
1928,2,sst_attribute_rank,CLT B9-10,Skin feel IMD,Sun protection,in_absorption,24.29,0,115.0,FC,IN,CLT B9-10 Skin feel IMD,6
1929,2,sst_attribute_rank,CLT B9-10,Skin feel IMD,Sun protection,ft_sticky,4.93,0,74.43,FC,IN,CLT B9-10 Skin feel IMD,7
1930,2,sst_attribute_rank,CLT B9-10,Skin feel IMD,Sun protection,amount_of_residue,22.21,0,93.79,FC,IN,CLT B9-10 Skin feel IMD,8
1931,2,sst_attribute_rank,CLT B9-10,Skin feel IMD,Sun protection,in_sticky_imm,4.29,0,73.21,FC,IN,CLT B9-10 Skin feel IMD,9
1932,2,sst_attribute_rank,CLT B9-10,Skin feel IMD,Sun protection,in_oily_imm,0.64,0,79.64,FC,IN,CLT B9-10 Skin feel IMD,10
1933,2,sst_attribute_rank,CLT B9-10,Skin feel IMD,Sun protection,in_creamy,7.0,0,65.33,FC,IN,CLT B9-10 Skin feel IMD,11
1934,2,sst_attribute_rank,CLT B9-10,Skin feel IMD,Sun protection,softness_imm,7.29,0,72.86,FC,IN,CLT B9-10 Skin feel IMD,12
1935,2,sst_attribute_rank,CLT B9-10,Skin feel IMD,Sun protection,ft_peaking,3.57,0,78.27,FC,IN,CLT B9-10 Skin feel IMD,13
1936,2,sst_attribute_rank,CLT B9-10,Skin feel IMD,Sun protection,in_wet,1.79,0,89.79,FC,IN,CLT B9-10 Skin feel IMD,14
1937,2,sst_attribute_rank,CLT B9-10,Skin feel IMD,Sun protection,in_cooling,0.0,0,27.93,FC,IN,CLT B9-10 Skin feel IMD,15
1938,2,sst_attribute_rank,CLT B9-10,Skin feel IMD,Sun protection,in_drag_imm,7.86,0,79.73,FC,IN,CLT B9-10 Skin feel IMD,16
1939,2,sst_attribute_rank,CLT B9-10,Skin feel IMD,Sun protection,in_cooling_imm,0.0,0,19.29,FC,IN,CLT B9-10 Skin feel IMD,17
1940,2,sst_attribute_rank,CLT B9-10,Skin feel IMD,Sun protection,in_spreadability,35.93,0,95.64,FC,IN,CLT B9-10 Skin feel IMD,18
1941,8,sst_attribute_rank,CLT M1-2,APPEARANCE,Sun protection,transparency_rate,8.0,0,96.93,FC,IN,CLT M1-2 APPEARANCE,1
1942,8,sst_attribute_rank,CLT M1-2,APPEARANCE,Sun protection,product_b,63.0,0,255.0,FC,IN,CLT M1-2 APPEARANCE,2
1943,8,sst_attribute_rank,CLT M1-2,APPEARANCE,Sun protection,integrity_of_shape_rate,9.86,0,85.73,FC,IN,CLT M1-2 APPEARANCE,3
1944,8,sst_attribute_rank,CLT M1-2,APPEARANCE,Sun protection,lightness_of_color,1.0,0,17.0,FC,IN,CLT M1-2 APPEARANCE,4
1945,8,sst_attribute_rank,CLT M1-2,APPEARANCE,Sun protection,product_g,133.0,0,255.0,FC,IN,CLT M1-2 APPEARANCE,5
1946,8,sst_attribute_rank,CLT M1-2,APPEARANCE,Sun protection,integrity_of_shape_10s_rate,9.86,0,86.2,FC,IN,CLT M1-2 APPEARANCE,6
1947,8,sst_attribute_rank,CLT M1-2,APPEARANCE,Sun protection,size_of_particles,1.0,0,7.0,FC,IN,CLT M1-2 APPEARANCE,7
1948,8,sst_attribute_rank,CLT M1-2,APPEARANCE,Sun protection,ft_firmness,6.71,0,79.57,FC,IN,CLT M1-2 APPEARANCE,8
1949,8,sst_attribute_rank,CLT M1-2,APPEARANCE,Sun protection,gloss_rate,5.36,0,92.21,FC,IN,CLT M1-2 APPEARANCE,9
1950,8,sst_attribute_rank,CLT M1-2,APPEARANCE,Sun protection,product_r,143.0,0,255.0,FC,IN,CLT M1-2 APPEARANCE,10
1951,6,sst_attribute_rank,CLT B11-12,CLT Skin Feel 10min,Natural Product,in_thickness,11.71,0,75.67,FC,IN,CLT B11-12 CLT Skin Feel 10min,1
1952,6,sst_attribute_rank,CLT B11-12,CLT Skin Feel 10min,Natural Product,ft_firmness,6.71,0,79.57,FC,IN,CLT B11-12 CLT Skin Feel 10min,2
1953,6,sst_attribute_rank,CLT B11-12,CLT Skin Feel 10min,Natural Product,in_greasy,3.93,0,82.86,FC,IN,CLT B11-12 CLT Skin Feel 10min,3
1954,6,sst_attribute_rank,CLT B11-12,CLT Skin Feel 10min,Natural Product,in_sticky_5min,4.64,0,65.43,FC,IN,CLT B11-12 CLT Skin Feel 10min,4
1955,6,sst_attribute_rank,CLT B11-12,CLT Skin Feel 10min,Natural Product,in_oily_5min,0.71,0,73.57,FC,IN,CLT B11-12 CLT Skin Feel 10min,5
1956,6,sst_attribute_rank,CLT B11-12,CLT Skin Feel 10min,Natural Product,in_spreadability,35.93,0,95.64,FC,IN,CLT B11-12 CLT Skin Feel 10min,6
1957,6,sst_attribute_rank,CLT B11-12,CLT Skin Feel 10min,Natural Product,in_creamy,7.0,0,65.33,FC,IN,CLT B11-12 CLT Skin Feel 10min,7
1958,6,sst_attribute_rank,CLT B11-12,CLT Skin Feel 10min,Natural Product,oily_ft,0.0,0,92.07,FC,IN,CLT B11-12 CLT Skin Feel 10min,8
1959,6,sst_attribute_rank,CLT B11-12,CLT Skin Feel 10min,Natural Product,ft_sticky,4.93,0,74.43,FC,IN,CLT B11-12 CLT Skin Feel 10min,9
1960,6,sst_attribute_rank,CLT B11-12,CLT Skin Feel 10min,Natural Product,ft_stringiness,3.57,0,67.36,FC,IN,CLT B11-12 CLT Skin Feel 10min,10
1961,6,sst_attribute_rank,CLT B11-12,CLT Skin Feel 10min,Natural Product,in_drag_5min,9.5,0,71.4,FC,IN,CLT B11-12 CLT Skin Feel 10min,11
1962,6,sst_attribute_rank,CLT B11-12,CLT Skin Feel 10min,Natural Product,in_cooling,0.0,0,27.93,FC,IN,CLT B11-12 CLT Skin Feel 10min,12
1963,6,sst_attribute_rank,CLT B11-12,CLT Skin Feel 10min,Natural Product,in_absorption,24.29,0,115.0,FC,IN,CLT B11-12 CLT Skin Feel 10min,13
1964,6,sst_attribute_rank,CLT B11-12,CLT Skin Feel 10min,Natural Product,in_cooling_5min,0.0,0,5.36,FC,IN,CLT B11-12 CLT Skin Feel 10min,14
1965,6,sst_attribute_rank,CLT B11-12,CLT Skin Feel 10min,Natural Product,ft_peaking,3.57,0,78.27,FC,IN,CLT B11-12 CLT Skin Feel 10min,15
1966,6,sst_attribute_rank,CLT B11-12,CLT Skin Feel 10min,Natural Product,in_wet,1.79,0,89.79,FC,IN,CLT B11-12 CLT Skin Feel 10min,16
1967,6,sst_attribute_rank,CLT B11-12,CLT Skin Feel 10min,Natural Product,tightness_5min,16.57,0,73.53,FC,IN,CLT B11-12 CLT Skin Feel 10min,17
1968,6,sst_attribute_rank,CLT B11-12,CLT Skin Feel 10min,Natural Product,in_greasy_5min,1.71,0,72.36,FC,IN,CLT B11-12 CLT Skin Feel 10min,18
1969,7,sst_attribute_rank,CLT B17-18,Fragrance 10min,Natural Product,in_fragrance_imm,24.36,0,74.73,FC,IN,CLT B17-18 Fragrance 10min,1
1970,7,sst_attribute_rank,CLT B17-18,Fragrance 10min,Natural Product,in_fragrance_5min,15.43,0,64.07,FC,IN,CLT B17-18 Fragrance 10min,2
1971,7,sst_attribute_rank,CLT B17-18,Fragrance 10min,Natural Product,fr_Green,0.0,0,1.0,FC,IN,CLT B17-18 Fragrance 10min,3
1972,7,sst_attribute_rank,CLT B17-18,Fragrance 10min,Natural Product,fr_Musky,0.0,0,1.0,FC,IN,CLT B17-18 Fragrance 10min,4
1973,7,sst_attribute_rank,CLT B17-18,Fragrance 10min,Natural Product,fr_Aromatic_Herbeaous,0.0,0,1.0,FC,IN,CLT B17-18 Fragrance 10min,5
1974,7,sst_attribute_rank,CLT B17-18,Fragrance 10min,Natural Product,fr_Citrus,0.0,0,1.0,FC,IN,CLT B17-18 Fragrance 10min,6
1975,7,sst_attribute_rank,CLT B17-18,Fragrance 10min,Natural Product,fr_Floral,0.0,0,1.0,FC,IN,CLT B17-18 Fragrance 10min,7
1976,4,sst_attribute_rank,CLT B1-2,Skin Look IMD,Natural Product,in_gloss_5min,3.57,0,76.14,FC,IN,CLT B1-2 Skin Look IMD,1
1977,4,sst_attribute_rank,CLT B1-2,Skin Look IMD,Natural Product,in_gloss_imm,4.29,0,82.86,FC,IN,CLT B1-2 Skin Look IMD,2
1978,4,sst_attribute_rank,CLT B1-2,Skin Look IMD,Natural Product,patchy_residue_imm,4.29,0,39.07,FC,IN,CLT B1-2 Skin Look IMD,3
1979,4,sst_attribute_rank,CLT B1-2,Skin Look IMD,Natural Product,patchy_residue_in,7.86,0,79.6,FC,IN,CLT B1-2 Skin Look IMD,4
1980,4,sst_attribute_rank,CLT B1-2,Skin Look IMD,Natural Product,in_powderylook_5min,4.64,0,22.73,FC,IN,CLT B1-2 Skin Look IMD,5
1981,4,sst_attribute_rank,CLT B1-2,Skin Look IMD,Natural Product,in_invisibility_5min,4.93,0,50.67,FC,IN,CLT B1-2 Skin Look IMD,6
1982,4,sst_attribute_rank,CLT B1-2,Skin Look IMD,Natural Product,in_powderylook_imm,4.64,0,41.79,FC,IN,CLT B1-2 Skin Look IMD,7
1983,4,sst_attribute_rank,CLT B1-2,Skin Look IMD,Natural Product,in_coverage_imm,4.64,0,70.27,FC,IN,CLT B1-2 Skin Look IMD,8
1984,4,sst_attribute_rank,CLT B1-2,Skin Look IMD,Natural Product,in_invisibility_imm,5.43,0,51.33,FC,IN,CLT B1-2 Skin Look IMD,9
1985,4,sst_attribute_rank,CLT B1-2,Skin Look IMD,Natural Product,in_coverage_5min,4.64,0,67.47,FC,IN,CLT B1-2 Skin Look IMD,10
1986,4,sst_attribute_rank,CLT B1-2,Skin Look IMD,Natural Product,in_fairness_imm,4.33,0,50.21,FC,IN,CLT B1-2 Skin Look IMD,11
1987,4,sst_attribute_rank,CLT B1-2,Skin Look IMD,Natural Product,in_fairness_5min,4.33,0,43.21,FC,IN,CLT B1-2 Skin Look IMD,12
1988,4,sst_attribute_rank,CLT B1-2,Skin Look IMD,Natural Product,shimmer,0.0,0,58.8,FC,IN,CLT B1-2 Skin Look IMD,13
1989,3,sst_attribute_rank,CLT B13-14,CLT Fragrance IMD,Natural Product,in_fragrance_imm,24.36,0,74.73,FC,IN,CLT B13-14 CLT Fragrance IMD,1
1990,3,sst_attribute_rank,CLT B13-14,CLT Fragrance IMD,Natural Product,in_fragrance_5min,15.43,0,64.07,FC,IN,CLT B13-14 CLT Fragrance IMD,2
1991,3,sst_attribute_rank,CLT B13-14,CLT Fragrance IMD,Natural Product,fr_Green,0.0,0,1.0,FC,IN,CLT B13-14 CLT Fragrance IMD,3
1992,3,sst_attribute_rank,CLT B13-14,CLT Fragrance IMD,Natural Product,fr_Floral,0.0,0,1.0,FC,IN,CLT B13-14 CLT Fragrance IMD,4
1993,3,sst_attribute_rank,CLT B13-14,CLT Fragrance IMD,Natural Product,fr_Aromatic_Herbeaous,0.0,0,1.0,FC,IN,CLT B13-14 CLT Fragrance IMD,5
1994,3,sst_attribute_rank,CLT B13-14,CLT Fragrance IMD,Natural Product,fr_Musky,0.0,0,1.0,FC,IN,CLT B13-14 CLT Fragrance IMD,6
1995,3,sst_attribute_rank,CLT B13-14,CLT Fragrance IMD,Natural Product,fr_Amber,0.0,0,1.0,FC,IN,CLT B13-14 CLT Fragrance IMD,7
1996,3,sst_attribute_rank,CLT B13-14,CLT Fragrance IMD,Natural Product,fr_Citrus,0.0,0,1.0,FC,IN,CLT B13-14 CLT Fragrance IMD,8
1997,3,sst_attribute_rank,CLT B13-14,CLT Fragrance IMD,Natural Product,fr_Aldehydic,0.0,0,1.0,FC,IN,CLT B13-14 CLT Fragrance IMD,9
1998,3,sst_attribute_rank,CLT B13-14,CLT Fragrance IMD,Natural Product,fr_Powdery,0.0,0,1.0,FC,IN,CLT B13-14 CLT Fragrance IMD,10
1999,3,sst_attribute_rank,CLT B13-14,CLT Fragrance IMD,Natural Product,fr_Fruity,0.0,0,1.0,FC,IN,CLT B13-14 CLT Fragrance IMD,11
2000,3,sst_attribute_rank,CLT B13-14,CLT Fragrance IMD,Natural Product,fr_Watery_Marine,0.0,0,1.0,FC,IN,CLT B13-14 CLT Fragrance IMD,12
2001,3,sst_attribute_rank,CLT B13-14,CLT Fragrance IMD,Natural Product,fr_Gourmand,0.0,0,1.0,FC,IN,CLT B13-14 CLT Fragrance IMD,13
2002,3,sst_attribute_rank,CLT B13-14,CLT Fragrance IMD,Natural Product,fr_Woody,0.0,0,1.0,FC,IN,CLT B13-14 CLT Fragrance IMD,14
2003,2,sst_attribute_rank,CLT B9-10,Skin feel IMD,Natural Product,in_greasy,3.93,0,82.86,FC,IN,CLT B9-10 Skin feel IMD,1
2004,2,sst_attribute_rank,CLT B9-10,Skin feel IMD,Natural Product,in_thickness,11.71,0,75.67,FC,IN,CLT B9-10 Skin feel IMD,2
2005,2,sst_attribute_rank,CLT B9-10,Skin feel IMD,Natural Product,oily_ft,0.0,0,92.07,FC,IN,CLT B9-10 Skin feel IMD,3
2006,2,sst_attribute_rank,CLT B9-10,Skin feel IMD,Natural Product,softness_imm,7.29,0,72.86,FC,IN,CLT B9-10 Skin feel IMD,4
2007,2,sst_attribute_rank,CLT B9-10,Skin feel IMD,Natural Product,ft_peaking,3.57,0,78.27,FC,IN,CLT B9-10 Skin feel IMD,5
2008,2,sst_attribute_rank,CLT B9-10,Skin feel IMD,Natural Product,in_wet,1.79,0,89.79,FC,IN,CLT B9-10 Skin feel IMD,6
2009,2,sst_attribute_rank,CLT B9-10,Skin feel IMD,Natural Product,in_oily_imm,0.64,0,79.64,FC,IN,CLT B9-10 Skin feel IMD,7
2010,2,sst_attribute_rank,CLT B9-10,Skin feel IMD,Natural Product,ft_stringiness,3.57,0,67.36,FC,IN,CLT B9-10 Skin feel IMD,8
2011,2,sst_attribute_rank,CLT B9-10,Skin feel IMD,Natural Product,in_sticky_imm,4.29,0,73.21,FC,IN,CLT B9-10 Skin feel IMD,9
2012,2,sst_attribute_rank,CLT B9-10,Skin feel IMD,Natural Product,in_absorption,24.29,0,115.0,FC,IN,CLT B9-10 Skin feel IMD,10
2013,2,sst_attribute_rank,CLT B9-10,Skin feel IMD,Natural Product,in_drag_imm,7.86,0,79.73,FC,IN,CLT B9-10 Skin feel IMD,11
2014,2,sst_attribute_rank,CLT B9-10,Skin feel IMD,Natural Product,in_spreadability,35.93,0,95.64,FC,IN,CLT B9-10 Skin feel IMD,12
2015,2,sst_attribute_rank,CLT B9-10,Skin feel IMD,Natural Product,ft_sticky,4.93,0,74.43,FC,IN,CLT B9-10 Skin feel IMD,13
2016,2,sst_attribute_rank,CLT B9-10,Skin feel IMD,Natural Product,amount_of_residue,22.21,0,93.79,FC,IN,CLT B9-10 Skin feel IMD,14
2017,2,sst_attribute_rank,CLT B9-10,Skin feel IMD,Natural Product,in_cooling_imm,0.0,0,19.29,FC,IN,CLT B9-10 Skin feel IMD,15
2018,2,sst_attribute_rank,CLT B9-10,Skin feel IMD,Natural Product,in_creamy,7.0,0,65.33,FC,IN,CLT B9-10 Skin feel IMD,16
2019,2,sst_attribute_rank,CLT B9-10,Skin feel IMD,Natural Product,in_cooling,0.0,0,27.93,FC,IN,CLT B9-10 Skin feel IMD,17
2020,2,sst_attribute_rank,CLT B9-10,Skin feel IMD,Natural Product,in_greasy_imm,2.5,0,79.21,FC,IN,CLT B9-10 Skin feel IMD,18
2021,9,sst_attribute_rank,CLT B3-4,Skin Look 10min,Natural Product,in_gloss_5min,3.57,0,76.14,FC,IN,CLT B3-4 Skin Look 10min,1
2022,9,sst_attribute_rank,CLT B3-4,Skin Look 10min,Natural Product,patchy_residue_in,7.86,0,79.6,FC,IN,CLT B3-4 Skin Look 10min,2
2023,9,sst_attribute_rank,CLT B3-4,Skin Look 10min,Natural Product,in_coverage_imm,4.64,0,70.27,FC,IN,CLT B3-4 Skin Look 10min,3
2024,9,sst_attribute_rank,CLT B3-4,Skin Look 10min,Natural Product,patchy_residue_imm,4.29,0,39.07,FC,IN,CLT B3-4 Skin Look 10min,4
2025,9,sst_attribute_rank,CLT B3-4,Skin Look 10min,Natural Product,in_gloss_imm,4.29,0,82.86,FC,IN,CLT B3-4 Skin Look 10min,5
2026,9,sst_attribute_rank,CLT B3-4,Skin Look 10min,Natural Product,in_coverage_5min,4.64,0,67.47,FC,IN,CLT B3-4 Skin Look 10min,6
2027,9,sst_attribute_rank,CLT B3-4,Skin Look 10min,Natural Product,in_powderylook_imm,4.64,0,41.79,FC,IN,CLT B3-4 Skin Look 10min,7
2028,9,sst_attribute_rank,CLT B3-4,Skin Look 10min,Natural Product,in_invisibility_imm,5.43,0,51.33,FC,IN,CLT B3-4 Skin Look 10min,8
2029,9,sst_attribute_rank,CLT B3-4,Skin Look 10min,Natural Product,in_fairness_5min,4.33,0,43.21,FC,IN,CLT B3-4 Skin Look 10min,9
2030,9,sst_attribute_rank,CLT B3-4,Skin Look 10min,Natural Product,in_fairness_imm,4.33,0,50.21,FC,IN,CLT B3-4 Skin Look 10min,10
2031,9,sst_attribute_rank,CLT B3-4,Skin Look 10min,Natural Product,in_invisibility_5min,4.93,0,50.67,FC,IN,CLT B3-4 Skin Look 10min,11
2032,9,sst_attribute_rank,CLT B3-4,Skin Look 10min,Natural Product,in_powderylook_5min,4.64,0,22.73,FC,IN,CLT B3-4 Skin Look 10min,12
2033,9,sst_attribute_rank,CLT B3-4,Skin Look 10min,Natural Product,shimmer,0.0,0,58.8,FC,IN,CLT B3-4 Skin Look 10min,13
2034,8,sst_attribute_rank,CLT M1-2,APPEARANCE,Natural Product,product_b,63.0,0,255.0,FC,IN,CLT M1-2 APPEARANCE,1
2035,8,sst_attribute_rank,CLT M1-2,APPEARANCE,Natural Product,product_g,133.0,0,255.0,FC,IN,CLT M1-2 APPEARANCE,2
2036,8,sst_attribute_rank,CLT M1-2,APPEARANCE,Natural Product,gloss_rate,5.36,0,92.21,FC,IN,CLT M1-2 APPEARANCE,3
2037,8,sst_attribute_rank,CLT M1-2,APPEARANCE,Natural Product,integrity_of_shape_rate,9.86,0,85.73,FC,IN,CLT M1-2 APPEARANCE,4
2038,8,sst_attribute_rank,CLT M1-2,APPEARANCE,Natural Product,transparency_rate,8.0,0,96.93,FC,IN,CLT M1-2 APPEARANCE,5
2039,8,sst_attribute_rank,CLT M1-2,APPEARANCE,Natural Product,integrity_of_shape_10s_rate,9.86,0,86.2,FC,IN,CLT M1-2 APPEARANCE,6
2040,8,sst_attribute_rank,CLT M1-2,APPEARANCE,Natural Product,ft_firmness,6.71,0,79.57,FC,IN,CLT M1-2 APPEARANCE,7
2041,8,sst_attribute_rank,CLT M1-2,APPEARANCE,Natural Product,product_r,143.0,0,255.0,FC,IN,CLT M1-2 APPEARANCE,8
2042,8,sst_attribute_rank,CLT M1-2,APPEARANCE,Natural Product,lightness_of_color,1.0,0,17.0,FC,IN,CLT M1-2 APPEARANCE,9
2043,8,sst_attribute_rank,CLT M1-2,APPEARANCE,Natural Product,amount_of_particles,1.0,0,6.0,FC,IN,CLT M1-2 APPEARANCE,10
2044,8,sst_attribute_rank,CLT M1-2,APPEARANCE,Natural Product,size_of_particles,1.0,0,7.0,FC,IN,CLT M1-2 APPEARANCE,11
2045,8,sst_attribute_rank,CLT M1-2,APPEARANCE,Natural Product,pearlescence_rate,0.0,0,1.0,FC,IN,CLT M1-2 APPEARANCE,12
2046,10,sst_attribute_rank,CLT B15-16,CLT Fingertip,Natural Product,in_thickness,11.71,0,75.67,FC,IN,CLT B15-16 CLT Fingertip,1
2047,10,sst_attribute_rank,CLT B15-16,CLT Fingertip,Natural Product,in_greasy_imm,2.5,0,79.21,FC,IN,CLT B15-16 CLT Fingertip,2
2048,10,sst_attribute_rank,CLT B15-16,CLT Fingertip,Natural Product,in_greasy,3.93,0,82.86,FC,IN,CLT B15-16 CLT Fingertip,3
2049,10,sst_attribute_rank,CLT B15-16,CLT Fingertip,Natural Product,ft_firmness,6.71,0,79.57,FC,IN,CLT B15-16 CLT Fingertip,4
2050,10,sst_attribute_rank,CLT B15-16,CLT Fingertip,Natural Product,in_sticky_imm,4.29,0,73.21,FC,IN,CLT B15-16 CLT Fingertip,5
2051,10,sst_attribute_rank,CLT B15-16,CLT Fingertip,Natural Product,oily_ft,0.0,0,92.07,FC,IN,CLT B15-16 CLT Fingertip,6
2052,10,sst_attribute_rank,CLT B15-16,CLT Fingertip,Natural Product,in_oily,0.57,0,82.5,FC,IN,CLT B15-16 CLT Fingertip,7
2053,10,sst_attribute_rank,CLT B15-16,CLT Fingertip,Natural Product,ft_peaking,3.57,0,78.27,FC,IN,CLT B15-16 CLT Fingertip,8
2054,10,sst_attribute_rank,CLT B15-16,CLT Fingertip,Natural Product,ft_stringiness,3.57,0,67.36,FC,IN,CLT B15-16 CLT Fingertip,9
2055,10,sst_attribute_rank,CLT B15-16,CLT Fingertip,Natural Product,in_creamy,7.0,0,65.33,FC,IN,CLT B15-16 CLT Fingertip,10
2056,10,sst_attribute_rank,CLT B15-16,CLT Fingertip,Natural Product,in_spreadability,35.93,0,95.64,FC,IN,CLT B15-16 CLT Fingertip,11
2057,10,sst_attribute_rank,CLT B15-16,CLT Fingertip,Natural Product,in_drag_imm,7.86,0,79.73,FC,IN,CLT B15-16 CLT Fingertip,12
2058,10,sst_attribute_rank,CLT B15-16,CLT Fingertip,Natural Product,in_silky_imm,9.67,0,61.29,FC,IN,CLT B15-16 CLT Fingertip,13
2059,10,sst_attribute_rank,CLT B15-16,CLT Fingertip,Natural Product,in_powdery_imm,5.14,0,80.36,FC,IN,CLT B15-16 CLT Fingertip,14
2060,10,sst_attribute_rank,CLT B15-16,CLT Fingertip,Natural Product,consistency_rate,10.07,0,89.64,FC,IN,CLT B15-16 CLT Fingertip,15
2061,10,sst_attribute_rank,CLT B15-16,CLT Fingertip,Natural Product,ft_bounciness,1.14,0,39.64,FC,IN,CLT B15-16 CLT Fingertip,16
2062,10,sst_attribute_rank,CLT B15-16,CLT Fingertip,Natural Product,in_wet,1.79,0,89.79,FC,IN,CLT B15-16 CLT Fingertip,17
2063,10,sst_attribute_rank,CLT B15-16,CLT Fingertip,Natural Product,ft_sticky,4.93,0,74.43,FC,IN,CLT B15-16 CLT Fingertip,18
2064,10,sst_attribute_rank,CLT B15-16,CLT Fingertip,Natural Product,amount_of_residue,22.21,0,93.79,FC,IN,CLT B15-16 CLT Fingertip,19
2065,10,sst_attribute_rank,CLT B15-16,CLT Fingertip,Natural Product,in_oily_imm,0.64,0,79.64,FC,IN,CLT B15-16 CLT Fingertip,20
2066,5,sst_attribute_rank,CLT B5-6,Fragrance In Jar,Natural Product,in_fragrance_5min,15.43,0,64.07,FC,IN,CLT B5-6 Fragrance In Jar,1
2067,5,sst_attribute_rank,CLT B5-6,Fragrance In Jar,Natural Product,in_fragrance_imm,24.36,0,74.73,FC,IN,CLT B5-6 Fragrance In Jar,2
2068,5,sst_attribute_rank,CLT B5-6,Fragrance In Jar,Natural Product,fr_Floral,0.0,0,1.0,FC,IN,CLT B5-6 Fragrance In Jar,3
2069,5,sst_attribute_rank,CLT B5-6,Fragrance In Jar,Natural Product,fr_Musky,0.0,0,1.0,FC,IN,CLT B5-6 Fragrance In Jar,4
2070,5,sst_attribute_rank,CLT B5-6,Fragrance In Jar,Natural Product,fr_Citrus,0.0,0,1.0,FC,IN,CLT B5-6 Fragrance In Jar,5
2071,5,sst_attribute_rank,CLT B5-6,Fragrance In Jar,Natural Product,fr_Powdery,0.0,0,1.0,FC,IN,CLT B5-6 Fragrance In Jar,6
2072,5,sst_attribute_rank,CLT B5-6,Fragrance In Jar,Natural Product,fr_Watery_Marine,0.0,0,1.0,FC,IN,CLT B5-6 Fragrance In Jar,7
2073,5,sst_attribute_rank,CLT B5-6,Fragrance In Jar,Natural Product,fr_Green,0.0,0,1.0,FC,IN,CLT B5-6 Fragrance In Jar,8
2074,5,sst_attribute_rank,CLT B5-6,Fragrance In Jar,Natural Product,fr_Aromatic_Herbeaous,0.0,0,1.0,FC,IN,CLT B5-6 Fragrance In Jar,9
2075,5,sst_attribute_rank,CLT B5-6,Fragrance In Jar,Natural Product,fr_Fruity,0.0,0,1.0,FC,IN,CLT B5-6 Fragrance In Jar,10
2076,5,sst_attribute_rank,CLT B5-6,Fragrance In Jar,Natural Product,fr_Aldehydic,0.0,0,1.0,FC,IN,CLT B5-6 Fragrance In Jar,11
2077,5,sst_attribute_rank,CLT B5-6,Fragrance In Jar,Natural Product,fr_Woody,0.0,0,1.0,FC,IN,CLT B5-6 Fragrance In Jar,12
2078,5,sst_attribute_rank,CLT B5-6,Fragrance In Jar,Natural Product,fr_Gourmand,0.0,0,1.0,FC,IN,CLT B5-6 Fragrance In Jar,13
2079,5,sst_attribute_rank,CLT B5-6,Fragrance In Jar,Natural Product,fr_Amber,0.0,0,1.0,FC,IN,CLT B5-6 Fragrance In Jar,14
2080,1,sst_attribute_rank,CLT B7-8,Skin feel IU,Natural Product,in_absorption,24.29,0,115.0,FC,IN,CLT B7-8 Skin feel IU,1
2081,1,sst_attribute_rank,CLT B7-8,Skin feel IU,Natural Product,in_cooling,0.0,0,27.93,FC,IN,CLT B7-8 Skin feel IU,2
2082,1,sst_attribute_rank,CLT B7-8,Skin feel IU,Natural Product,ft_peaking,3.57,0,78.27,FC,IN,CLT B7-8 Skin feel IU,3
2083,1,sst_attribute_rank,CLT B7-8,Skin feel IU,Natural Product,in_creamy,7.0,0,65.33,FC,IN,CLT B7-8 Skin feel IU,4
2084,1,sst_attribute_rank,CLT B7-8,Skin feel IU,Natural Product,oily_ft,0.0,0,92.07,FC,IN,CLT B7-8 Skin feel IU,5
2085,1,sst_attribute_rank,CLT B7-8,Skin feel IU,Natural Product,in_greasy,3.93,0,82.86,FC,IN,CLT B7-8 Skin feel IU,6
2086,1,sst_attribute_rank,CLT B7-8,Skin feel IU,Natural Product,ft_stringiness,3.57,0,67.36,FC,IN,CLT B7-8 Skin feel IU,7
2087,1,sst_attribute_rank,CLT B7-8,Skin feel IU,Natural Product,in_wet,1.79,0,89.79,FC,IN,CLT B7-8 Skin feel IU,8
2088,1,sst_attribute_rank,CLT B7-8,Skin feel IU,Natural Product,in_spreadability,35.93,0,95.64,FC,IN,CLT B7-8 Skin feel IU,9
2089,1,sst_attribute_rank,CLT B7-8,Skin feel IU,Natural Product,ft_firmness,6.71,0,79.57,FC,IN,CLT B7-8 Skin feel IU,10
2090,1,sst_attribute_rank,CLT B7-8,Skin feel IU,Natural Product,ft_sticky,4.93,0,74.43,FC,IN,CLT B7-8 Skin feel IU,11
2091,1,sst_attribute_rank,CLT B7-8,Skin feel IU,Natural Product,in_thickness,11.71,0,75.67,FC,IN,CLT B7-8 Skin feel IU,12
2092,4,sst_attribute_rank,CLT B1-2,Skin Look IMD,Reduce minimized pores,in_powderylook_5min,4.64,0,22.73,FC,IN,CLT B1-2 Skin Look IMD,1
2093,4,sst_attribute_rank,CLT B1-2,Skin Look IMD,Reduce minimized pores,in_coverage_imm,4.64,0,70.27,FC,IN,CLT B1-2 Skin Look IMD,2
2094,4,sst_attribute_rank,CLT B1-2,Skin Look IMD,Reduce minimized pores,in_fairness_imm,4.33,0,50.21,FC,IN,CLT B1-2 Skin Look IMD,3
2095,4,sst_attribute_rank,CLT B1-2,Skin Look IMD,Reduce minimized pores,in_powderylook_imm,4.64,0,41.79,FC,IN,CLT B1-2 Skin Look IMD,4
2096,4,sst_attribute_rank,CLT B1-2,Skin Look IMD,Reduce minimized pores,patchy_residue_imm,4.29,0,39.07,FC,IN,CLT B1-2 Skin Look IMD,5
2097,4,sst_attribute_rank,CLT B1-2,Skin Look IMD,Reduce minimized pores,patchy_residue_in,7.86,0,79.6,FC,IN,CLT B1-2 Skin Look IMD,6
2098,4,sst_attribute_rank,CLT B1-2,Skin Look IMD,Reduce minimized pores,in_gloss_5min,3.57,0,76.14,FC,IN,CLT B1-2 Skin Look IMD,7
2099,4,sst_attribute_rank,CLT B1-2,Skin Look IMD,Reduce minimized pores,in_invisibility_5min,4.93,0,50.67,FC,IN,CLT B1-2 Skin Look IMD,8
2100,4,sst_attribute_rank,CLT B1-2,Skin Look IMD,Reduce minimized pores,in_coverage_5min,4.64,0,67.47,FC,IN,CLT B1-2 Skin Look IMD,9
2101,4,sst_attribute_rank,CLT B1-2,Skin Look IMD,Reduce minimized pores,in_gloss_imm,4.29,0,82.86,FC,IN,CLT B1-2 Skin Look IMD,10
2102,4,sst_attribute_rank,CLT B1-2,Skin Look IMD,Reduce minimized pores,shimmer,0.0,0,58.8,FC,IN,CLT B1-2 Skin Look IMD,11
2103,3,sst_attribute_rank,CLT B13-14,CLT Fragrance IMD,Reduce minimized pores,in_fragrance_imm,24.36,0,74.73,FC,IN,CLT B13-14 CLT Fragrance IMD,1
2104,3,sst_attribute_rank,CLT B13-14,CLT Fragrance IMD,Reduce minimized pores,fr_Green,0.0,0,1.0,FC,IN,CLT B13-14 CLT Fragrance IMD,2
2105,3,sst_attribute_rank,CLT B13-14,CLT Fragrance IMD,Reduce minimized pores,fr_Aromatic_Herbeaous,0.0,0,1.0,FC,IN,CLT B13-14 CLT Fragrance IMD,3
2106,3,sst_attribute_rank,CLT B13-14,CLT Fragrance IMD,Reduce minimized pores,fr_Aldehydic,0.0,0,1.0,FC,IN,CLT B13-14 CLT Fragrance IMD,4
2107,3,sst_attribute_rank,CLT B13-14,CLT Fragrance IMD,Reduce minimized pores,fr_Musky,0.0,0,1.0,FC,IN,CLT B13-14 CLT Fragrance IMD,5
2108,3,sst_attribute_rank,CLT B13-14,CLT Fragrance IMD,Reduce minimized pores,fr_Citrus,0.0,0,1.0,FC,IN,CLT B13-14 CLT Fragrance IMD,6
2109,3,sst_attribute_rank,CLT B13-14,CLT Fragrance IMD,Reduce minimized pores,fr_Floral,0.0,0,1.0,FC,IN,CLT B13-14 CLT Fragrance IMD,7
2110,7,sst_attribute_rank,CLT B17-18,Fragrance 10min,Reduce minimized pores,fr_Green,0.0,0,1.0,FC,IN,CLT B17-18 Fragrance 10min,1
2111,7,sst_attribute_rank,CLT B17-18,Fragrance 10min,Reduce minimized pores,in_fragrance_imm,24.36,0,74.73,FC,IN,CLT B17-18 Fragrance 10min,2
2112,7,sst_attribute_rank,CLT B17-18,Fragrance 10min,Reduce minimized pores,fr_Aldehydic,0.0,0,1.0,FC,IN,CLT B17-18 Fragrance 10min,3
2113,7,sst_attribute_rank,CLT B17-18,Fragrance 10min,Reduce minimized pores,fr_Aromatic_Herbeaous,0.0,0,1.0,FC,IN,CLT B17-18 Fragrance 10min,4
2114,7,sst_attribute_rank,CLT B17-18,Fragrance 10min,Reduce minimized pores,fr_Musky,0.0,0,1.0,FC,IN,CLT B17-18 Fragrance 10min,5
2115,7,sst_attribute_rank,CLT B17-18,Fragrance 10min,Reduce minimized pores,fr_Floral,0.0,0,1.0,FC,IN,CLT B17-18 Fragrance 10min,6
2116,1,sst_attribute_rank,CLT B7-8,Skin feel IU,Reduce minimized pores,in_absorption,24.29,0,115.0,FC,IN,CLT B7-8 Skin feel IU,1
2117,1,sst_attribute_rank,CLT B7-8,Skin feel IU,Reduce minimized pores,in_cooling,0.0,0,27.93,FC,IN,CLT B7-8 Skin feel IU,2
2118,1,sst_attribute_rank,CLT B7-8,Skin feel IU,Reduce minimized pores,oily_ft,0.0,0,92.07,FC,IN,CLT B7-8 Skin feel IU,3
2119,1,sst_attribute_rank,CLT B7-8,Skin feel IU,Reduce minimized pores,in_greasy,3.93,0,82.86,FC,IN,CLT B7-8 Skin feel IU,4
2120,1,sst_attribute_rank,CLT B7-8,Skin feel IU,Reduce minimized pores,ft_peaking,3.57,0,78.27,FC,IN,CLT B7-8 Skin feel IU,5
2121,1,sst_attribute_rank,CLT B7-8,Skin feel IU,Reduce minimized pores,in_creamy,7.0,0,65.33,FC,IN,CLT B7-8 Skin feel IU,6
2122,1,sst_attribute_rank,CLT B7-8,Skin feel IU,Reduce minimized pores,in_wet,1.79,0,89.79,FC,IN,CLT B7-8 Skin feel IU,7
2123,1,sst_attribute_rank,CLT B7-8,Skin feel IU,Reduce minimized pores,ft_stringiness,3.57,0,67.36,FC,IN,CLT B7-8 Skin feel IU,8
2124,1,sst_attribute_rank,CLT B7-8,Skin feel IU,Reduce minimized pores,in_spreadability,35.93,0,95.64,FC,IN,CLT B7-8 Skin feel IU,9
2125,1,sst_attribute_rank,CLT B7-8,Skin feel IU,Reduce minimized pores,ft_sticky,4.93,0,74.43,FC,IN,CLT B7-8 Skin feel IU,10
2126,1,sst_attribute_rank,CLT B7-8,Skin feel IU,Reduce minimized pores,ft_firmness,6.71,0,79.57,FC,IN,CLT B7-8 Skin feel IU,11
2127,1,sst_attribute_rank,CLT B7-8,Skin feel IU,Reduce minimized pores,in_thickness,11.71,0,75.67,FC,IN,CLT B7-8 Skin feel IU,12
2128,5,sst_attribute_rank,CLT B5-6,Fragrance In Jar,Reduce minimized pores,in_fragrance_imm,24.36,0,74.73,FC,IN,CLT B5-6 Fragrance In Jar,1
2129,5,sst_attribute_rank,CLT B5-6,Fragrance In Jar,Reduce minimized pores,in_fragrance_5min,15.43,0,64.07,FC,IN,CLT B5-6 Fragrance In Jar,2
2130,5,sst_attribute_rank,CLT B5-6,Fragrance In Jar,Reduce minimized pores,fr_Musky,0.0,0,1.0,FC,IN,CLT B5-6 Fragrance In Jar,3
2131,5,sst_attribute_rank,CLT B5-6,Fragrance In Jar,Reduce minimized pores,fr_Floral,0.0,0,1.0,FC,IN,CLT B5-6 Fragrance In Jar,4
2132,5,sst_attribute_rank,CLT B5-6,Fragrance In Jar,Reduce minimized pores,fr_Citrus,0.0,0,1.0,FC,IN,CLT B5-6 Fragrance In Jar,5
2133,5,sst_attribute_rank,CLT B5-6,Fragrance In Jar,Reduce minimized pores,fr_Aromatic_Herbeaous,0.0,0,1.0,FC,IN,CLT B5-6 Fragrance In Jar,6
2134,5,sst_attribute_rank,CLT B5-6,Fragrance In Jar,Reduce minimized pores,fr_Green,0.0,0,1.0,FC,IN,CLT B5-6 Fragrance In Jar,7
2135,5,sst_attribute_rank,CLT B5-6,Fragrance In Jar,Reduce minimized pores,fr_Aldehydic,0.0,0,1.0,FC,IN,CLT B5-6 Fragrance In Jar,8
2136,5,sst_attribute_rank,CLT B5-6,Fragrance In Jar,Reduce minimized pores,fr_Watery_Marine,0.0,0,1.0,FC,IN,CLT B5-6 Fragrance In Jar,9
2137,5,sst_attribute_rank,CLT B5-6,Fragrance In Jar,Reduce minimized pores,fr_Powdery,0.0,0,1.0,FC,IN,CLT B5-6 Fragrance In Jar,10
2138,5,sst_attribute_rank,CLT B5-6,Fragrance In Jar,Reduce minimized pores,fr_Fruity,0.0,0,1.0,FC,IN,CLT B5-6 Fragrance In Jar,11
2139,5,sst_attribute_rank,CLT B5-6,Fragrance In Jar,Reduce minimized pores,fr_Amber,0.0,0,1.0,FC,IN,CLT B5-6 Fragrance In Jar,12
2140,5,sst_attribute_rank,CLT B5-6,Fragrance In Jar,Reduce minimized pores,fr_Woody,0.0,0,1.0,FC,IN,CLT B5-6 Fragrance In Jar,13
2141,5,sst_attribute_rank,CLT B5-6,Fragrance In Jar,Reduce minimized pores,fr_Gourmand,0.0,0,1.0,FC,IN,CLT B5-6 Fragrance In Jar,14
2142,10,sst_attribute_rank,CLT B15-16,CLT Fingertip,Reduce minimized pores,in_thickness,11.71,0,75.67,FC,IN,CLT B15-16 CLT Fingertip,1
2143,10,sst_attribute_rank,CLT B15-16,CLT Fingertip,Reduce minimized pores,ft_firmness,6.71,0,79.57,FC,IN,CLT B15-16 CLT Fingertip,2
2144,10,sst_attribute_rank,CLT B15-16,CLT Fingertip,Reduce minimized pores,in_greasy,3.93,0,82.86,FC,IN,CLT B15-16 CLT Fingertip,3
2145,10,sst_attribute_rank,CLT B15-16,CLT Fingertip,Reduce minimized pores,in_sticky_imm,4.29,0,73.21,FC,IN,CLT B15-16 CLT Fingertip,4
2146,10,sst_attribute_rank,CLT B15-16,CLT Fingertip,Reduce minimized pores,oily_ft,0.0,0,92.07,FC,IN,CLT B15-16 CLT Fingertip,5
2147,10,sst_attribute_rank,CLT B15-16,CLT Fingertip,Reduce minimized pores,ft_stringiness,3.57,0,67.36,FC,IN,CLT B15-16 CLT Fingertip,6
2148,10,sst_attribute_rank,CLT B15-16,CLT Fingertip,Reduce minimized pores,ft_peaking,3.57,0,78.27,FC,IN,CLT B15-16 CLT Fingertip,7
2149,10,sst_attribute_rank,CLT B15-16,CLT Fingertip,Reduce minimized pores,in_oily,0.57,0,82.5,FC,IN,CLT B15-16 CLT Fingertip,8
2150,10,sst_attribute_rank,CLT B15-16,CLT Fingertip,Reduce minimized pores,in_creamy,7.0,0,65.33,FC,IN,CLT B15-16 CLT Fingertip,9
2151,10,sst_attribute_rank,CLT B15-16,CLT Fingertip,Reduce minimized pores,in_wet,1.79,0,89.79,FC,IN,CLT B15-16 CLT Fingertip,10
2152,10,sst_attribute_rank,CLT B15-16,CLT Fingertip,Reduce minimized pores,in_spreadability,35.93,0,95.64,FC,IN,CLT B15-16 CLT Fingertip,11
2153,10,sst_attribute_rank,CLT B15-16,CLT Fingertip,Reduce minimized pores,in_drag_imm,7.86,0,79.73,FC,IN,CLT B15-16 CLT Fingertip,12
2154,10,sst_attribute_rank,CLT B15-16,CLT Fingertip,Reduce minimized pores,in_waxy_imm,5.0,0,31.53,FC,IN,CLT B15-16 CLT Fingertip,13
2155,10,sst_attribute_rank,CLT B15-16,CLT Fingertip,Reduce minimized pores,in_greasy_imm,2.5,0,79.21,FC,IN,CLT B15-16 CLT Fingertip,14
2156,10,sst_attribute_rank,CLT B15-16,CLT Fingertip,Reduce minimized pores,ft_bounciness,1.14,0,39.64,FC,IN,CLT B15-16 CLT Fingertip,15
2157,10,sst_attribute_rank,CLT B15-16,CLT Fingertip,Reduce minimized pores,amount_of_residue,22.21,0,93.79,FC,IN,CLT B15-16 CLT Fingertip,16
2158,10,sst_attribute_rank,CLT B15-16,CLT Fingertip,Reduce minimized pores,consistency_rate,10.07,0,89.64,FC,IN,CLT B15-16 CLT Fingertip,17
2159,10,sst_attribute_rank,CLT B15-16,CLT Fingertip,Reduce minimized pores,in_powdery_imm,5.14,0,80.36,FC,IN,CLT B15-16 CLT Fingertip,18
2160,10,sst_attribute_rank,CLT B15-16,CLT Fingertip,Reduce minimized pores,in_oily_imm,0.64,0,79.64,FC,IN,CLT B15-16 CLT Fingertip,19
2161,10,sst_attribute_rank,CLT B15-16,CLT Fingertip,Reduce minimized pores,in_silky_imm,9.67,0,61.29,FC,IN,CLT B15-16 CLT Fingertip,20
2162,10,sst_attribute_rank,CLT B15-16,CLT Fingertip,Reduce minimized pores,ft_sticky,4.93,0,74.43,FC,IN,CLT B15-16 CLT Fingertip,21
2163,6,sst_attribute_rank,CLT B11-12,CLT Skin Feel 10min,Reduce minimized pores,in_thickness,11.71,0,75.67,FC,IN,CLT B11-12 CLT Skin Feel 10min,1
2164,6,sst_attribute_rank,CLT B11-12,CLT Skin Feel 10min,Reduce minimized pores,ft_firmness,6.71,0,79.57,FC,IN,CLT B11-12 CLT Skin Feel 10min,2
2165,6,sst_attribute_rank,CLT B11-12,CLT Skin Feel 10min,Reduce minimized pores,in_greasy,3.93,0,82.86,FC,IN,CLT B11-12 CLT Skin Feel 10min,3
2166,6,sst_attribute_rank,CLT B11-12,CLT Skin Feel 10min,Reduce minimized pores,oily_ft,0.0,0,92.07,FC,IN,CLT B11-12 CLT Skin Feel 10min,4
2167,6,sst_attribute_rank,CLT B11-12,CLT Skin Feel 10min,Reduce minimized pores,in_oily_5min,0.71,0,73.57,FC,IN,CLT B11-12 CLT Skin Feel 10min,5
2168,6,sst_attribute_rank,CLT B11-12,CLT Skin Feel 10min,Reduce minimized pores,ft_sticky,4.93,0,74.43,FC,IN,CLT B11-12 CLT Skin Feel 10min,6
2169,6,sst_attribute_rank,CLT B11-12,CLT Skin Feel 10min,Reduce minimized pores,in_sticky_5min,4.64,0,65.43,FC,IN,CLT B11-12 CLT Skin Feel 10min,7
2170,6,sst_attribute_rank,CLT B11-12,CLT Skin Feel 10min,Reduce minimized pores,in_spreadability,35.93,0,95.64,FC,IN,CLT B11-12 CLT Skin Feel 10min,8
2171,6,sst_attribute_rank,CLT B11-12,CLT Skin Feel 10min,Reduce minimized pores,in_creamy,7.0,0,65.33,FC,IN,CLT B11-12 CLT Skin Feel 10min,9
2172,6,sst_attribute_rank,CLT B11-12,CLT Skin Feel 10min,Reduce minimized pores,in_drag_5min,9.5,0,71.4,FC,IN,CLT B11-12 CLT Skin Feel 10min,10
2173,6,sst_attribute_rank,CLT B11-12,CLT Skin Feel 10min,Reduce minimized pores,in_cooling,0.0,0,27.93,FC,IN,CLT B11-12 CLT Skin Feel 10min,11
1099,9,sst_attribute_rank,CLT B3-4,Skin Look 10min,Reduce blemishes and dark spots,in_coverage_5min,4.64,0,67.47,FC,IN,CLT B3-4 Skin Look 10min,12
2174,6,sst_attribute_rank,CLT B11-12,CLT Skin Feel 10min,Reduce minimized pores,in_cooling_5min,0.0,0,5.36,FC,IN,CLT B11-12 CLT Skin Feel 10min,12
2175,6,sst_attribute_rank,CLT B11-12,CLT Skin Feel 10min,Reduce minimized pores,ft_stringiness,3.57,0,67.36,FC,IN,CLT B11-12 CLT Skin Feel 10min,13
2176,6,sst_attribute_rank,CLT B11-12,CLT Skin Feel 10min,Reduce minimized pores,ft_peaking,3.57,0,78.27,FC,IN,CLT B11-12 CLT Skin Feel 10min,14
2177,6,sst_attribute_rank,CLT B11-12,CLT Skin Feel 10min,Reduce minimized pores,tightness_5min,16.57,0,73.53,FC,IN,CLT B11-12 CLT Skin Feel 10min,15
2178,6,sst_attribute_rank,CLT B11-12,CLT Skin Feel 10min,Reduce minimized pores,in_wet,1.79,0,89.79,FC,IN,CLT B11-12 CLT Skin Feel 10min,16
2179,6,sst_attribute_rank,CLT B11-12,CLT Skin Feel 10min,Reduce minimized pores,in_greasy_5min,1.71,0,72.36,FC,IN,CLT B11-12 CLT Skin Feel 10min,17
2180,6,sst_attribute_rank,CLT B11-12,CLT Skin Feel 10min,Reduce minimized pores,in_absorption,24.29,0,115.0,FC,IN,CLT B11-12 CLT Skin Feel 10min,18
2181,9,sst_attribute_rank,CLT B3-4,Skin Look 10min,Reduce minimized pores,in_coverage_imm,4.64,0,70.27,FC,IN,CLT B3-4 Skin Look 10min,1
2182,9,sst_attribute_rank,CLT B3-4,Skin Look 10min,Reduce minimized pores,patchy_residue_in,7.86,0,79.6,FC,IN,CLT B3-4 Skin Look 10min,2
2183,9,sst_attribute_rank,CLT B3-4,Skin Look 10min,Reduce minimized pores,in_gloss_5min,3.57,0,76.14,FC,IN,CLT B3-4 Skin Look 10min,3
2184,9,sst_attribute_rank,CLT B3-4,Skin Look 10min,Reduce minimized pores,in_coverage_5min,4.64,0,67.47,FC,IN,CLT B3-4 Skin Look 10min,4
2185,9,sst_attribute_rank,CLT B3-4,Skin Look 10min,Reduce minimized pores,in_gloss_imm,4.29,0,82.86,FC,IN,CLT B3-4 Skin Look 10min,5
2186,9,sst_attribute_rank,CLT B3-4,Skin Look 10min,Reduce minimized pores,in_invisibility_imm,5.43,0,51.33,FC,IN,CLT B3-4 Skin Look 10min,6
2187,9,sst_attribute_rank,CLT B3-4,Skin Look 10min,Reduce minimized pores,in_invisibility_5min,4.93,0,50.67,FC,IN,CLT B3-4 Skin Look 10min,7
2188,9,sst_attribute_rank,CLT B3-4,Skin Look 10min,Reduce minimized pores,patchy_residue_imm,4.29,0,39.07,FC,IN,CLT B3-4 Skin Look 10min,8
2189,9,sst_attribute_rank,CLT B3-4,Skin Look 10min,Reduce minimized pores,in_powderylook_5min,4.64,0,22.73,FC,IN,CLT B3-4 Skin Look 10min,9
2190,9,sst_attribute_rank,CLT B3-4,Skin Look 10min,Reduce minimized pores,in_powderylook_imm,4.64,0,41.79,FC,IN,CLT B3-4 Skin Look 10min,10
2191,9,sst_attribute_rank,CLT B3-4,Skin Look 10min,Reduce minimized pores,in_fairness_imm,4.33,0,50.21,FC,IN,CLT B3-4 Skin Look 10min,11
2192,9,sst_attribute_rank,CLT B3-4,Skin Look 10min,Reduce minimized pores,in_fairness_5min,4.33,0,43.21,FC,IN,CLT B3-4 Skin Look 10min,12
2193,9,sst_attribute_rank,CLT B3-4,Skin Look 10min,Reduce minimized pores,shimmer,0.0,0,58.8,FC,IN,CLT B3-4 Skin Look 10min,13
2194,2,sst_attribute_rank,CLT B9-10,Skin feel IMD,Reduce minimized pores,in_thickness,11.71,0,75.67,FC,IN,CLT B9-10 Skin feel IMD,1
2195,2,sst_attribute_rank,CLT B9-10,Skin feel IMD,Reduce minimized pores,in_greasy_imm,2.5,0,79.21,FC,IN,CLT B9-10 Skin feel IMD,2
2196,2,sst_attribute_rank,CLT B9-10,Skin feel IMD,Reduce minimized pores,ft_sticky,4.93,0,74.43,FC,IN,CLT B9-10 Skin feel IMD,3
2564,5,sst_attribute_rank,CLT B5-6,Fragrance In Jar,No patchy look,fr_Watery_Marine,0.0,0,1.0,FC,IN,CLT B5-6 Fragrance In Jar,11
1100,5,sst_attribute_rank,CLT B5-6,Fragrance In Jar,Reduce blemishes and dark spots,fr_Green,0.0,0,1.0,FC,IN,CLT B5-6 Fragrance In Jar,1
2565,5,sst_attribute_rank,CLT B5-6,Fragrance In Jar,No patchy look,fr_Gourmand,0.0,0,1.0,FC,IN,CLT B5-6 Fragrance In Jar,12
2566,5,sst_attribute_rank,CLT B5-6,Fragrance In Jar,No patchy look,fr_Amber,0.0,0,1.0,FC,IN,CLT B5-6 Fragrance In Jar,13
2567,5,sst_attribute_rank,CLT B5-6,Fragrance In Jar,No patchy look,fr_Woody,0.0,0,1.0,FC,IN,CLT B5-6 Fragrance In Jar,14
2199,2,sst_attribute_rank,CLT B9-10,Skin feel IMD,Reduce minimized pores,in_absorption,24.29,0,115.0,FC,IN,CLT B9-10 Skin feel IMD,6
2200,2,sst_attribute_rank,CLT B9-10,Skin feel IMD,Reduce minimized pores,in_creamy,7.0,0,65.33,FC,IN,CLT B9-10 Skin feel IMD,7
2201,2,sst_attribute_rank,CLT B9-10,Skin feel IMD,Reduce minimized pores,ft_peaking,3.57,0,78.27,FC,IN,CLT B9-10 Skin feel IMD,8
2202,2,sst_attribute_rank,CLT B9-10,Skin feel IMD,Reduce minimized pores,softness_imm,7.29,0,72.86,FC,IN,CLT B9-10 Skin feel IMD,9
2203,2,sst_attribute_rank,CLT B9-10,Skin feel IMD,Reduce minimized pores,in_sticky_imm,4.29,0,73.21,FC,IN,CLT B9-10 Skin feel IMD,10
2204,2,sst_attribute_rank,CLT B9-10,Skin feel IMD,Reduce minimized pores,ft_firmness,6.71,0,79.57,FC,IN,CLT B9-10 Skin feel IMD,11
2205,2,sst_attribute_rank,CLT B9-10,Skin feel IMD,Reduce minimized pores,amount_of_residue,22.21,0,93.79,FC,IN,CLT B9-10 Skin feel IMD,12
2206,2,sst_attribute_rank,CLT B9-10,Skin feel IMD,Reduce minimized pores,ft_stringiness,3.57,0,67.36,FC,IN,CLT B9-10 Skin feel IMD,13
2207,2,sst_attribute_rank,CLT B9-10,Skin feel IMD,Reduce minimized pores,in_cooling,0.0,0,27.93,FC,IN,CLT B9-10 Skin feel IMD,14
2208,2,sst_attribute_rank,CLT B9-10,Skin feel IMD,Reduce minimized pores,in_spreadability,35.93,0,95.64,FC,IN,CLT B9-10 Skin feel IMD,15
2209,2,sst_attribute_rank,CLT B9-10,Skin feel IMD,Reduce minimized pores,in_oily_imm,0.64,0,79.64,FC,IN,CLT B9-10 Skin feel IMD,16
2210,2,sst_attribute_rank,CLT B9-10,Skin feel IMD,Reduce minimized pores,in_drag_imm,7.86,0,79.73,FC,IN,CLT B9-10 Skin feel IMD,17
2211,2,sst_attribute_rank,CLT B9-10,Skin feel IMD,Reduce minimized pores,in_wet,1.79,0,89.79,FC,IN,CLT B9-10 Skin feel IMD,18
2212,8,sst_attribute_rank,CLT M1-2,APPEARANCE,Reduce minimized pores,transparency_rate,8.0,0,96.93,FC,IN,CLT M1-2 APPEARANCE,1
2213,8,sst_attribute_rank,CLT M1-2,APPEARANCE,Reduce minimized pores,integrity_of_shape_rate,9.86,0,85.73,FC,IN,CLT M1-2 APPEARANCE,2
2214,8,sst_attribute_rank,CLT M1-2,APPEARANCE,Reduce minimized pores,ft_firmness,6.71,0,79.57,FC,IN,CLT M1-2 APPEARANCE,3
2215,8,sst_attribute_rank,CLT M1-2,APPEARANCE,Reduce minimized pores,gloss_rate,5.36,0,92.21,FC,IN,CLT M1-2 APPEARANCE,4
2216,8,sst_attribute_rank,CLT M1-2,APPEARANCE,Reduce minimized pores,integrity_of_shape_10s_rate,9.86,0,86.2,FC,IN,CLT M1-2 APPEARANCE,5
2217,8,sst_attribute_rank,CLT M1-2,APPEARANCE,Reduce minimized pores,product_b,63.0,0,255.0,FC,IN,CLT M1-2 APPEARANCE,6
2218,8,sst_attribute_rank,CLT M1-2,APPEARANCE,Reduce minimized pores,lightness_of_color,1.0,0,17.0,FC,IN,CLT M1-2 APPEARANCE,7
2219,8,sst_attribute_rank,CLT M1-2,APPEARANCE,Reduce minimized pores,product_r,143.0,0,255.0,FC,IN,CLT M1-2 APPEARANCE,8
2220,8,sst_attribute_rank,CLT M1-2,APPEARANCE,Reduce minimized pores,product_g,133.0,0,255.0,FC,IN,CLT M1-2 APPEARANCE,9
2221,8,sst_attribute_rank,CLT M1-2,APPEARANCE,Reduce minimized pores,size_of_particles,1.0,0,7.0,FC,IN,CLT M1-2 APPEARANCE,10
2222,8,sst_attribute_rank,CLT M1-2,APPEARANCE,Reduce minimized pores,amount_of_particles,1.0,0,6.0,FC,IN,CLT M1-2 APPEARANCE,11
2223,8,sst_attribute_rank,CLT M1-2,APPEARANCE,Reduce minimized pores,pearlescence_rate,0.0,0,1.0,FC,IN,CLT M1-2 APPEARANCE,12
2224,5,sst_attribute_rank,CLT B5-6,Fragrance In Jar,No unwanted oiliness,fr_Green,0.0,0,1.0,FC,IN,CLT B5-6 Fragrance In Jar,1
2225,5,sst_attribute_rank,CLT B5-6,Fragrance In Jar,No unwanted oiliness,fr_Aldehydic,0.0,0,1.0,FC,IN,CLT B5-6 Fragrance In Jar,2
2226,5,sst_attribute_rank,CLT B5-6,Fragrance In Jar,No unwanted oiliness,fr_Musky,0.0,0,1.0,FC,IN,CLT B5-6 Fragrance In Jar,3
2227,5,sst_attribute_rank,CLT B5-6,Fragrance In Jar,No unwanted oiliness,in_fragrance_5min,15.43,0,64.07,FC,IN,CLT B5-6 Fragrance In Jar,4
2228,5,sst_attribute_rank,CLT B5-6,Fragrance In Jar,No unwanted oiliness,fr_Powdery,0.0,0,1.0,FC,IN,CLT B5-6 Fragrance In Jar,5
2229,5,sst_attribute_rank,CLT B5-6,Fragrance In Jar,No unwanted oiliness,in_fragrance_imm,24.36,0,74.73,FC,IN,CLT B5-6 Fragrance In Jar,6
2230,5,sst_attribute_rank,CLT B5-6,Fragrance In Jar,No unwanted oiliness,fr_Aromatic_Herbeaous,0.0,0,1.0,FC,IN,CLT B5-6 Fragrance In Jar,7
2231,5,sst_attribute_rank,CLT B5-6,Fragrance In Jar,No unwanted oiliness,fr_Floral,0.0,0,1.0,FC,IN,CLT B5-6 Fragrance In Jar,8
2232,5,sst_attribute_rank,CLT B5-6,Fragrance In Jar,No unwanted oiliness,fr_Watery_Marine,0.0,0,1.0,FC,IN,CLT B5-6 Fragrance In Jar,9
2233,5,sst_attribute_rank,CLT B5-6,Fragrance In Jar,No unwanted oiliness,fr_Citrus,0.0,0,1.0,FC,IN,CLT B5-6 Fragrance In Jar,10
2234,5,sst_attribute_rank,CLT B5-6,Fragrance In Jar,No unwanted oiliness,fr_Gourmand,0.0,0,1.0,FC,IN,CLT B5-6 Fragrance In Jar,11
2235,5,sst_attribute_rank,CLT B5-6,Fragrance In Jar,No unwanted oiliness,fr_Fruity,0.0,0,1.0,FC,IN,CLT B5-6 Fragrance In Jar,12
2236,5,sst_attribute_rank,CLT B5-6,Fragrance In Jar,No unwanted oiliness,fr_Woody,0.0,0,1.0,FC,IN,CLT B5-6 Fragrance In Jar,13
2237,5,sst_attribute_rank,CLT B5-6,Fragrance In Jar,No unwanted oiliness,fr_Amber,0.0,0,1.0,FC,IN,CLT B5-6 Fragrance In Jar,14
2238,3,sst_attribute_rank,CLT B13-14,CLT Fragrance IMD,No unwanted oiliness,in_fragrance_5min,15.43,0,64.07,FC,IN,CLT B13-14 CLT Fragrance IMD,1
2239,3,sst_attribute_rank,CLT B13-14,CLT Fragrance IMD,No unwanted oiliness,in_fragrance_imm,24.36,0,74.73,FC,IN,CLT B13-14 CLT Fragrance IMD,2
2240,3,sst_attribute_rank,CLT B13-14,CLT Fragrance IMD,No unwanted oiliness,fr_Green,0.0,0,1.0,FC,IN,CLT B13-14 CLT Fragrance IMD,3
2241,3,sst_attribute_rank,CLT B13-14,CLT Fragrance IMD,No unwanted oiliness,fr_Aromatic_Herbeaous,0.0,0,1.0,FC,IN,CLT B13-14 CLT Fragrance IMD,4
2242,3,sst_attribute_rank,CLT B13-14,CLT Fragrance IMD,No unwanted oiliness,fr_Floral,0.0,0,1.0,FC,IN,CLT B13-14 CLT Fragrance IMD,5
2243,3,sst_attribute_rank,CLT B13-14,CLT Fragrance IMD,No unwanted oiliness,fr_Citrus,0.0,0,1.0,FC,IN,CLT B13-14 CLT Fragrance IMD,6
2244,3,sst_attribute_rank,CLT B13-14,CLT Fragrance IMD,No unwanted oiliness,fr_Musky,0.0,0,1.0,FC,IN,CLT B13-14 CLT Fragrance IMD,7
2245,3,sst_attribute_rank,CLT B13-14,CLT Fragrance IMD,No unwanted oiliness,fr_Aldehydic,0.0,0,1.0,FC,IN,CLT B13-14 CLT Fragrance IMD,8
2246,3,sst_attribute_rank,CLT B13-14,CLT Fragrance IMD,No unwanted oiliness,fr_Amber,0.0,0,1.0,FC,IN,CLT B13-14 CLT Fragrance IMD,9
2247,3,sst_attribute_rank,CLT B13-14,CLT Fragrance IMD,No unwanted oiliness,fr_Fruity,0.0,0,1.0,FC,IN,CLT B13-14 CLT Fragrance IMD,10
2248,3,sst_attribute_rank,CLT B13-14,CLT Fragrance IMD,No unwanted oiliness,fr_Powdery,0.0,0,1.0,FC,IN,CLT B13-14 CLT Fragrance IMD,11
2249,3,sst_attribute_rank,CLT B13-14,CLT Fragrance IMD,No unwanted oiliness,fr_Watery_Marine,0.0,0,1.0,FC,IN,CLT B13-14 CLT Fragrance IMD,12
2250,3,sst_attribute_rank,CLT B13-14,CLT Fragrance IMD,No unwanted oiliness,fr_Woody,0.0,0,1.0,FC,IN,CLT B13-14 CLT Fragrance IMD,13
2251,3,sst_attribute_rank,CLT B13-14,CLT Fragrance IMD,No unwanted oiliness,fr_Gourmand,0.0,0,1.0,FC,IN,CLT B13-14 CLT Fragrance IMD,14
2252,8,sst_attribute_rank,CLT M1-2,APPEARANCE,No unwanted oiliness,integrity_of_shape_rate,9.86,0,85.73,FC,IN,CLT M1-2 APPEARANCE,1
2253,8,sst_attribute_rank,CLT M1-2,APPEARANCE,No unwanted oiliness,integrity_of_shape_10s_rate,9.86,0,86.2,FC,IN,CLT M1-2 APPEARANCE,2
2254,8,sst_attribute_rank,CLT M1-2,APPEARANCE,No unwanted oiliness,transparency_rate,8.0,0,96.93,FC,IN,CLT M1-2 APPEARANCE,3
2255,8,sst_attribute_rank,CLT M1-2,APPEARANCE,No unwanted oiliness,product_b,63.0,0,255.0,FC,IN,CLT M1-2 APPEARANCE,4
2256,8,sst_attribute_rank,CLT M1-2,APPEARANCE,No unwanted oiliness,ft_firmness,6.71,0,79.57,FC,IN,CLT M1-2 APPEARANCE,5
2257,8,sst_attribute_rank,CLT M1-2,APPEARANCE,No unwanted oiliness,lightness_of_color,1.0,0,17.0,FC,IN,CLT M1-2 APPEARANCE,6
2258,8,sst_attribute_rank,CLT M1-2,APPEARANCE,No unwanted oiliness,size_of_particles,1.0,0,7.0,FC,IN,CLT M1-2 APPEARANCE,7
2259,8,sst_attribute_rank,CLT M1-2,APPEARANCE,No unwanted oiliness,gloss_rate,5.36,0,92.21,FC,IN,CLT M1-2 APPEARANCE,8
2260,8,sst_attribute_rank,CLT M1-2,APPEARANCE,No unwanted oiliness,product_g,133.0,0,255.0,FC,IN,CLT M1-2 APPEARANCE,9
2261,8,sst_attribute_rank,CLT M1-2,APPEARANCE,No unwanted oiliness,product_r,143.0,0,255.0,FC,IN,CLT M1-2 APPEARANCE,10
2262,10,sst_attribute_rank,CLT B15-16,CLT Fingertip,No unwanted oiliness,in_thickness,11.71,0,75.67,FC,IN,CLT B15-16 CLT Fingertip,1
2263,10,sst_attribute_rank,CLT B15-16,CLT Fingertip,No unwanted oiliness,in_greasy_imm,2.5,0,79.21,FC,IN,CLT B15-16 CLT Fingertip,2
2264,10,sst_attribute_rank,CLT B15-16,CLT Fingertip,No unwanted oiliness,in_oily,0.57,0,82.5,FC,IN,CLT B15-16 CLT Fingertip,3
2265,10,sst_attribute_rank,CLT B15-16,CLT Fingertip,No unwanted oiliness,ft_firmness,6.71,0,79.57,FC,IN,CLT B15-16 CLT Fingertip,4
2266,10,sst_attribute_rank,CLT B15-16,CLT Fingertip,No unwanted oiliness,ft_sticky,4.93,0,74.43,FC,IN,CLT B15-16 CLT Fingertip,5
2267,10,sst_attribute_rank,CLT B15-16,CLT Fingertip,No unwanted oiliness,in_powdery_imm,5.14,0,80.36,FC,IN,CLT B15-16 CLT Fingertip,6
2268,10,sst_attribute_rank,CLT B15-16,CLT Fingertip,No unwanted oiliness,in_oily_imm,0.64,0,79.64,FC,IN,CLT B15-16 CLT Fingertip,7
2269,10,sst_attribute_rank,CLT B15-16,CLT Fingertip,No unwanted oiliness,in_sticky_imm,4.29,0,73.21,FC,IN,CLT B15-16 CLT Fingertip,8
2270,10,sst_attribute_rank,CLT B15-16,CLT Fingertip,No unwanted oiliness,oily_ft,0.0,0,92.07,FC,IN,CLT B15-16 CLT Fingertip,9
2271,10,sst_attribute_rank,CLT B15-16,CLT Fingertip,No unwanted oiliness,ft_peaking,3.57,0,78.27,FC,IN,CLT B15-16 CLT Fingertip,10
2272,10,sst_attribute_rank,CLT B15-16,CLT Fingertip,No unwanted oiliness,in_wet,1.79,0,89.79,FC,IN,CLT B15-16 CLT Fingertip,11
2273,10,sst_attribute_rank,CLT B15-16,CLT Fingertip,No unwanted oiliness,in_silky_imm,9.67,0,61.29,FC,IN,CLT B15-16 CLT Fingertip,12
2274,10,sst_attribute_rank,CLT B15-16,CLT Fingertip,No unwanted oiliness,in_drag_imm,7.86,0,79.73,FC,IN,CLT B15-16 CLT Fingertip,13
2275,10,sst_attribute_rank,CLT B15-16,CLT Fingertip,No unwanted oiliness,ft_bounciness,1.14,0,39.64,FC,IN,CLT B15-16 CLT Fingertip,14
2276,10,sst_attribute_rank,CLT B15-16,CLT Fingertip,No unwanted oiliness,in_creamy,7.0,0,65.33,FC,IN,CLT B15-16 CLT Fingertip,15
2277,10,sst_attribute_rank,CLT B15-16,CLT Fingertip,No unwanted oiliness,consistency_rate,10.07,0,89.64,FC,IN,CLT B15-16 CLT Fingertip,16
2278,10,sst_attribute_rank,CLT B15-16,CLT Fingertip,No unwanted oiliness,in_greasy,3.93,0,82.86,FC,IN,CLT B15-16 CLT Fingertip,17
2279,10,sst_attribute_rank,CLT B15-16,CLT Fingertip,No unwanted oiliness,amount_of_residue,22.21,0,93.79,FC,IN,CLT B15-16 CLT Fingertip,18
2280,10,sst_attribute_rank,CLT B15-16,CLT Fingertip,No unwanted oiliness,in_spreadability,35.93,0,95.64,FC,IN,CLT B15-16 CLT Fingertip,19
2281,10,sst_attribute_rank,CLT B15-16,CLT Fingertip,No unwanted oiliness,ft_stringiness,3.57,0,67.36,FC,IN,CLT B15-16 CLT Fingertip,20
2282,7,sst_attribute_rank,CLT B17-18,Fragrance 10min,No unwanted oiliness,fr_Green,0.0,0,1.0,FC,IN,CLT B17-18 Fragrance 10min,1
2283,7,sst_attribute_rank,CLT B17-18,Fragrance 10min,No unwanted oiliness,in_fragrance_imm,24.36,0,74.73,FC,IN,CLT B17-18 Fragrance 10min,2
2284,7,sst_attribute_rank,CLT B17-18,Fragrance 10min,No unwanted oiliness,fr_Aldehydic,0.0,0,1.0,FC,IN,CLT B17-18 Fragrance 10min,3
2285,7,sst_attribute_rank,CLT B17-18,Fragrance 10min,No unwanted oiliness,fr_Aromatic_Herbeaous,0.0,0,1.0,FC,IN,CLT B17-18 Fragrance 10min,4
2286,7,sst_attribute_rank,CLT B17-18,Fragrance 10min,No unwanted oiliness,fr_Musky,0.0,0,1.0,FC,IN,CLT B17-18 Fragrance 10min,5
2287,7,sst_attribute_rank,CLT B17-18,Fragrance 10min,No unwanted oiliness,fr_Floral,0.0,0,1.0,FC,IN,CLT B17-18 Fragrance 10min,6
2288,2,sst_attribute_rank,CLT B9-10,Skin feel IMD,No unwanted oiliness,in_greasy_imm,2.5,0,79.21,FC,IN,CLT B9-10 Skin feel IMD,1
2289,2,sst_attribute_rank,CLT B9-10,Skin feel IMD,No unwanted oiliness,in_thickness,11.71,0,75.67,FC,IN,CLT B9-10 Skin feel IMD,2
2290,2,sst_attribute_rank,CLT B9-10,Skin feel IMD,No unwanted oiliness,oily_ft,0.0,0,92.07,FC,IN,CLT B9-10 Skin feel IMD,3
2291,2,sst_attribute_rank,CLT B9-10,Skin feel IMD,No unwanted oiliness,ft_sticky,4.93,0,74.43,FC,IN,CLT B9-10 Skin feel IMD,4
2292,2,sst_attribute_rank,CLT B9-10,Skin feel IMD,No unwanted oiliness,in_creamy,7.0,0,65.33,FC,IN,CLT B9-10 Skin feel IMD,5
2293,2,sst_attribute_rank,CLT B9-10,Skin feel IMD,No unwanted oiliness,in_absorption,24.29,0,115.0,FC,IN,CLT B9-10 Skin feel IMD,6
2294,2,sst_attribute_rank,CLT B9-10,Skin feel IMD,No unwanted oiliness,in_greasy,3.93,0,82.86,FC,IN,CLT B9-10 Skin feel IMD,7
2295,2,sst_attribute_rank,CLT B9-10,Skin feel IMD,No unwanted oiliness,ft_peaking,3.57,0,78.27,FC,IN,CLT B9-10 Skin feel IMD,8
2296,2,sst_attribute_rank,CLT B9-10,Skin feel IMD,No unwanted oiliness,ft_stringiness,3.57,0,67.36,FC,IN,CLT B9-10 Skin feel IMD,9
2297,2,sst_attribute_rank,CLT B9-10,Skin feel IMD,No unwanted oiliness,amount_of_residue,22.21,0,93.79,FC,IN,CLT B9-10 Skin feel IMD,10
2298,2,sst_attribute_rank,CLT B9-10,Skin feel IMD,No unwanted oiliness,ft_firmness,6.71,0,79.57,FC,IN,CLT B9-10 Skin feel IMD,11
2299,2,sst_attribute_rank,CLT B9-10,Skin feel IMD,No unwanted oiliness,in_cooling,0.0,0,27.93,FC,IN,CLT B9-10 Skin feel IMD,12
2300,2,sst_attribute_rank,CLT B9-10,Skin feel IMD,No unwanted oiliness,softness_imm,7.29,0,72.86,FC,IN,CLT B9-10 Skin feel IMD,13
2301,2,sst_attribute_rank,CLT B9-10,Skin feel IMD,No unwanted oiliness,in_spreadability,35.93,0,95.64,FC,IN,CLT B9-10 Skin feel IMD,14
2302,2,sst_attribute_rank,CLT B9-10,Skin feel IMD,No unwanted oiliness,in_wet,1.79,0,89.79,FC,IN,CLT B9-10 Skin feel IMD,15
2303,2,sst_attribute_rank,CLT B9-10,Skin feel IMD,No unwanted oiliness,in_sticky_imm,4.29,0,73.21,FC,IN,CLT B9-10 Skin feel IMD,16
2304,2,sst_attribute_rank,CLT B9-10,Skin feel IMD,No unwanted oiliness,in_oily_imm,0.64,0,79.64,FC,IN,CLT B9-10 Skin feel IMD,17
2305,2,sst_attribute_rank,CLT B9-10,Skin feel IMD,No unwanted oiliness,in_drag_imm,7.86,0,79.73,FC,IN,CLT B9-10 Skin feel IMD,18
2306,4,sst_attribute_rank,CLT B1-2,Skin Look IMD,No unwanted oiliness,patchy_residue_imm,4.29,0,39.07,FC,IN,CLT B1-2 Skin Look IMD,1
2307,4,sst_attribute_rank,CLT B1-2,Skin Look IMD,No unwanted oiliness,patchy_residue_in,7.86,0,79.6,FC,IN,CLT B1-2 Skin Look IMD,2
2308,4,sst_attribute_rank,CLT B1-2,Skin Look IMD,No unwanted oiliness,in_gloss_5min,3.57,0,76.14,FC,IN,CLT B1-2 Skin Look IMD,3
2309,4,sst_attribute_rank,CLT B1-2,Skin Look IMD,No unwanted oiliness,in_invisibility_5min,4.93,0,50.67,FC,IN,CLT B1-2 Skin Look IMD,4
2310,4,sst_attribute_rank,CLT B1-2,Skin Look IMD,No unwanted oiliness,in_gloss_imm,4.29,0,82.86,FC,IN,CLT B1-2 Skin Look IMD,5
2311,4,sst_attribute_rank,CLT B1-2,Skin Look IMD,No unwanted oiliness,in_invisibility_imm,5.43,0,51.33,FC,IN,CLT B1-2 Skin Look IMD,6
2312,4,sst_attribute_rank,CLT B1-2,Skin Look IMD,No unwanted oiliness,in_coverage_imm,4.64,0,70.27,FC,IN,CLT B1-2 Skin Look IMD,7
2313,4,sst_attribute_rank,CLT B1-2,Skin Look IMD,No unwanted oiliness,in_powderylook_imm,4.64,0,41.79,FC,IN,CLT B1-2 Skin Look IMD,8
2314,4,sst_attribute_rank,CLT B1-2,Skin Look IMD,No unwanted oiliness,in_powderylook_5min,4.64,0,22.73,FC,IN,CLT B1-2 Skin Look IMD,9
2315,4,sst_attribute_rank,CLT B1-2,Skin Look IMD,No unwanted oiliness,in_coverage_5min,4.64,0,67.47,FC,IN,CLT B1-2 Skin Look IMD,10
2316,4,sst_attribute_rank,CLT B1-2,Skin Look IMD,No unwanted oiliness,in_fairness_imm,4.33,0,50.21,FC,IN,CLT B1-2 Skin Look IMD,11
2317,4,sst_attribute_rank,CLT B1-2,Skin Look IMD,No unwanted oiliness,in_fairness_5min,4.33,0,43.21,FC,IN,CLT B1-2 Skin Look IMD,12
2318,4,sst_attribute_rank,CLT B1-2,Skin Look IMD,No unwanted oiliness,shimmer,0.0,0,58.8,FC,IN,CLT B1-2 Skin Look IMD,13
2319,6,sst_attribute_rank,CLT B11-12,CLT Skin Feel 10min,No unwanted oiliness,in_thickness,11.71,0,75.67,FC,IN,CLT B11-12 CLT Skin Feel 10min,1
2320,6,sst_attribute_rank,CLT B11-12,CLT Skin Feel 10min,No unwanted oiliness,in_greasy,3.93,0,82.86,FC,IN,CLT B11-12 CLT Skin Feel 10min,2
2321,6,sst_attribute_rank,CLT B11-12,CLT Skin Feel 10min,No unwanted oiliness,ft_peaking,3.57,0,78.27,FC,IN,CLT B11-12 CLT Skin Feel 10min,3
2322,6,sst_attribute_rank,CLT B11-12,CLT Skin Feel 10min,No unwanted oiliness,in_oily_5min,0.71,0,73.57,FC,IN,CLT B11-12 CLT Skin Feel 10min,4
2323,6,sst_attribute_rank,CLT B11-12,CLT Skin Feel 10min,No unwanted oiliness,tightness_5min,16.57,0,73.53,FC,IN,CLT B11-12 CLT Skin Feel 10min,5
2324,6,sst_attribute_rank,CLT B11-12,CLT Skin Feel 10min,No unwanted oiliness,ft_stringiness,3.57,0,67.36,FC,IN,CLT B11-12 CLT Skin Feel 10min,6
2325,6,sst_attribute_rank,CLT B11-12,CLT Skin Feel 10min,No unwanted oiliness,in_sticky_5min,4.64,0,65.43,FC,IN,CLT B11-12 CLT Skin Feel 10min,7
2326,6,sst_attribute_rank,CLT B11-12,CLT Skin Feel 10min,No unwanted oiliness,oily_ft,0.0,0,92.07,FC,IN,CLT B11-12 CLT Skin Feel 10min,8
2327,6,sst_attribute_rank,CLT B11-12,CLT Skin Feel 10min,No unwanted oiliness,in_wet,1.79,0,89.79,FC,IN,CLT B11-12 CLT Skin Feel 10min,9
2328,6,sst_attribute_rank,CLT B11-12,CLT Skin Feel 10min,No unwanted oiliness,in_drag_5min,9.5,0,71.4,FC,IN,CLT B11-12 CLT Skin Feel 10min,10
2329,6,sst_attribute_rank,CLT B11-12,CLT Skin Feel 10min,No unwanted oiliness,in_creamy,7.0,0,65.33,FC,IN,CLT B11-12 CLT Skin Feel 10min,11
2330,6,sst_attribute_rank,CLT B11-12,CLT Skin Feel 10min,No unwanted oiliness,ft_sticky,4.93,0,74.43,FC,IN,CLT B11-12 CLT Skin Feel 10min,12
2331,6,sst_attribute_rank,CLT B11-12,CLT Skin Feel 10min,No unwanted oiliness,in_spreadability,35.93,0,95.64,FC,IN,CLT B11-12 CLT Skin Feel 10min,13
2332,6,sst_attribute_rank,CLT B11-12,CLT Skin Feel 10min,No unwanted oiliness,in_cooling,0.0,0,27.93,FC,IN,CLT B11-12 CLT Skin Feel 10min,14
2333,6,sst_attribute_rank,CLT B11-12,CLT Skin Feel 10min,No unwanted oiliness,in_greasy_5min,1.71,0,72.36,FC,IN,CLT B11-12 CLT Skin Feel 10min,15
2334,6,sst_attribute_rank,CLT B11-12,CLT Skin Feel 10min,No unwanted oiliness,in_absorption,24.29,0,115.0,FC,IN,CLT B11-12 CLT Skin Feel 10min,16
2335,9,sst_attribute_rank,CLT B3-4,Skin Look 10min,No unwanted oiliness,patchy_residue_in,7.86,0,79.6,FC,IN,CLT B3-4 Skin Look 10min,1
2336,9,sst_attribute_rank,CLT B3-4,Skin Look 10min,No unwanted oiliness,patchy_residue_imm,4.29,0,39.07,FC,IN,CLT B3-4 Skin Look 10min,2
2337,9,sst_attribute_rank,CLT B3-4,Skin Look 10min,No unwanted oiliness,in_gloss_5min,3.57,0,76.14,FC,IN,CLT B3-4 Skin Look 10min,3
2338,9,sst_attribute_rank,CLT B3-4,Skin Look 10min,No unwanted oiliness,in_gloss_imm,4.29,0,82.86,FC,IN,CLT B3-4 Skin Look 10min,4
2339,9,sst_attribute_rank,CLT B3-4,Skin Look 10min,No unwanted oiliness,in_invisibility_5min,4.93,0,50.67,FC,IN,CLT B3-4 Skin Look 10min,5
2340,9,sst_attribute_rank,CLT B3-4,Skin Look 10min,No unwanted oiliness,in_invisibility_imm,5.43,0,51.33,FC,IN,CLT B3-4 Skin Look 10min,6
2341,9,sst_attribute_rank,CLT B3-4,Skin Look 10min,No unwanted oiliness,in_powderylook_5min,4.64,0,22.73,FC,IN,CLT B3-4 Skin Look 10min,7
2342,9,sst_attribute_rank,CLT B3-4,Skin Look 10min,No unwanted oiliness,in_powderylook_imm,4.64,0,41.79,FC,IN,CLT B3-4 Skin Look 10min,8
2343,9,sst_attribute_rank,CLT B3-4,Skin Look 10min,No unwanted oiliness,in_fairness_5min,4.33,0,43.21,FC,IN,CLT B3-4 Skin Look 10min,9
2344,9,sst_attribute_rank,CLT B3-4,Skin Look 10min,No unwanted oiliness,in_coverage_imm,4.64,0,70.27,FC,IN,CLT B3-4 Skin Look 10min,10
2345,9,sst_attribute_rank,CLT B3-4,Skin Look 10min,No unwanted oiliness,in_fairness_imm,4.33,0,50.21,FC,IN,CLT B3-4 Skin Look 10min,11
2346,9,sst_attribute_rank,CLT B3-4,Skin Look 10min,No unwanted oiliness,in_coverage_5min,4.64,0,67.47,FC,IN,CLT B3-4 Skin Look 10min,12
2347,9,sst_attribute_rank,CLT B3-4,Skin Look 10min,No unwanted oiliness,shimmer,0.0,0,58.8,FC,IN,CLT B3-4 Skin Look 10min,13
2348,1,sst_attribute_rank,CLT B7-8,Skin feel IU,No unwanted oiliness,in_cooling,0.0,0,27.93,FC,IN,CLT B7-8 Skin feel IU,1
733,7,sst_attribute_rank,CLT B17-18,Fragrance 10min,Fairness over time,in_fragrance_imm,24.36,0,74.73,FC,IN,CLT B17-18 Fragrance 10min,1
2349,1,sst_attribute_rank,CLT B7-8,Skin feel IU,No unwanted oiliness,in_greasy,3.93,0,82.86,FC,IN,CLT B7-8 Skin feel IU,2
2350,1,sst_attribute_rank,CLT B7-8,Skin feel IU,No unwanted oiliness,oily_ft,0.0,0,92.07,FC,IN,CLT B7-8 Skin feel IU,3
2351,1,sst_attribute_rank,CLT B7-8,Skin feel IU,No unwanted oiliness,ft_stringiness,3.57,0,67.36,FC,IN,CLT B7-8 Skin feel IU,4
2352,1,sst_attribute_rank,CLT B7-8,Skin feel IU,No unwanted oiliness,in_creamy,7.0,0,65.33,FC,IN,CLT B7-8 Skin feel IU,5
2353,1,sst_attribute_rank,CLT B7-8,Skin feel IU,No unwanted oiliness,in_absorption,24.29,0,115.0,FC,IN,CLT B7-8 Skin feel IU,6
2354,1,sst_attribute_rank,CLT B7-8,Skin feel IU,No unwanted oiliness,ft_firmness,6.71,0,79.57,FC,IN,CLT B7-8 Skin feel IU,7
2355,1,sst_attribute_rank,CLT B7-8,Skin feel IU,No unwanted oiliness,ft_peaking,3.57,0,78.27,FC,IN,CLT B7-8 Skin feel IU,8
2356,1,sst_attribute_rank,CLT B7-8,Skin feel IU,No unwanted oiliness,ft_sticky,4.93,0,74.43,FC,IN,CLT B7-8 Skin feel IU,9
2357,1,sst_attribute_rank,CLT B7-8,Skin feel IU,No unwanted oiliness,in_wet,1.79,0,89.79,FC,IN,CLT B7-8 Skin feel IU,10
2358,1,sst_attribute_rank,CLT B7-8,Skin feel IU,No unwanted oiliness,in_thickness,11.71,0,75.67,FC,IN,CLT B7-8 Skin feel IU,11
2359,1,sst_attribute_rank,CLT B7-8,Skin feel IU,No unwanted oiliness,in_spreadability,35.93,0,95.64,FC,IN,CLT B7-8 Skin feel IU,12
2360,5,sst_attribute_rank,CLT B5-6,Fragrance In Jar,No sweating during the day,fr_Green,0.0,0,1.0,FC,IN,CLT B5-6 Fragrance In Jar,1
2361,5,sst_attribute_rank,CLT B5-6,Fragrance In Jar,No sweating during the day,fr_Aldehydic,0.0,0,1.0,FC,IN,CLT B5-6 Fragrance In Jar,2
2362,5,sst_attribute_rank,CLT B5-6,Fragrance In Jar,No sweating during the day,in_fragrance_5min,15.43,0,64.07,FC,IN,CLT B5-6 Fragrance In Jar,3
2363,5,sst_attribute_rank,CLT B5-6,Fragrance In Jar,No sweating during the day,in_fragrance_imm,24.36,0,74.73,FC,IN,CLT B5-6 Fragrance In Jar,4
2364,5,sst_attribute_rank,CLT B5-6,Fragrance In Jar,No sweating during the day,fr_Powdery,0.0,0,1.0,FC,IN,CLT B5-6 Fragrance In Jar,5
2365,5,sst_attribute_rank,CLT B5-6,Fragrance In Jar,No sweating during the day,fr_Musky,0.0,0,1.0,FC,IN,CLT B5-6 Fragrance In Jar,6
2366,5,sst_attribute_rank,CLT B5-6,Fragrance In Jar,No sweating during the day,fr_Aromatic_Herbeaous,0.0,0,1.0,FC,IN,CLT B5-6 Fragrance In Jar,7
2367,5,sst_attribute_rank,CLT B5-6,Fragrance In Jar,No sweating during the day,fr_Floral,0.0,0,1.0,FC,IN,CLT B5-6 Fragrance In Jar,8
2368,5,sst_attribute_rank,CLT B5-6,Fragrance In Jar,No sweating during the day,fr_Citrus,0.0,0,1.0,FC,IN,CLT B5-6 Fragrance In Jar,9
2369,5,sst_attribute_rank,CLT B5-6,Fragrance In Jar,No sweating during the day,fr_Watery_Marine,0.0,0,1.0,FC,IN,CLT B5-6 Fragrance In Jar,10
2370,5,sst_attribute_rank,CLT B5-6,Fragrance In Jar,No sweating during the day,fr_Gourmand,0.0,0,1.0,FC,IN,CLT B5-6 Fragrance In Jar,11
2371,5,sst_attribute_rank,CLT B5-6,Fragrance In Jar,No sweating during the day,fr_Fruity,0.0,0,1.0,FC,IN,CLT B5-6 Fragrance In Jar,12
2372,5,sst_attribute_rank,CLT B5-6,Fragrance In Jar,No sweating during the day,fr_Amber,0.0,0,1.0,FC,IN,CLT B5-6 Fragrance In Jar,13
2373,5,sst_attribute_rank,CLT B5-6,Fragrance In Jar,No sweating during the day,fr_Woody,0.0,0,1.0,FC,IN,CLT B5-6 Fragrance In Jar,14
2374,2,sst_attribute_rank,CLT B9-10,Skin feel IMD,No sweating during the day,ft_peaking,3.57,0,78.27,FC,IN,CLT B9-10 Skin feel IMD,1
2375,2,sst_attribute_rank,CLT B9-10,Skin feel IMD,No sweating during the day,ft_sticky,4.93,0,74.43,FC,IN,CLT B9-10 Skin feel IMD,2
2376,2,sst_attribute_rank,CLT B9-10,Skin feel IMD,No sweating during the day,oily_ft,0.0,0,92.07,FC,IN,CLT B9-10 Skin feel IMD,3
2377,2,sst_attribute_rank,CLT B9-10,Skin feel IMD,No sweating during the day,in_greasy,3.93,0,82.86,FC,IN,CLT B9-10 Skin feel IMD,4
2378,2,sst_attribute_rank,CLT B9-10,Skin feel IMD,No sweating during the day,in_wet,1.79,0,89.79,FC,IN,CLT B9-10 Skin feel IMD,5
2379,2,sst_attribute_rank,CLT B9-10,Skin feel IMD,No sweating during the day,softness_imm,7.29,0,72.86,FC,IN,CLT B9-10 Skin feel IMD,6
2380,2,sst_attribute_rank,CLT B9-10,Skin feel IMD,No sweating during the day,in_thickness,11.71,0,75.67,FC,IN,CLT B9-10 Skin feel IMD,7
2381,2,sst_attribute_rank,CLT B9-10,Skin feel IMD,No sweating during the day,in_absorption,24.29,0,115.0,FC,IN,CLT B9-10 Skin feel IMD,8
2382,2,sst_attribute_rank,CLT B9-10,Skin feel IMD,No sweating during the day,in_oily_imm,0.64,0,79.64,FC,IN,CLT B9-10 Skin feel IMD,9
2383,2,sst_attribute_rank,CLT B9-10,Skin feel IMD,No sweating during the day,in_sticky_imm,4.29,0,73.21,FC,IN,CLT B9-10 Skin feel IMD,10
2384,2,sst_attribute_rank,CLT B9-10,Skin feel IMD,No sweating during the day,in_spreadability,35.93,0,95.64,FC,IN,CLT B9-10 Skin feel IMD,11
2385,2,sst_attribute_rank,CLT B9-10,Skin feel IMD,No sweating during the day,in_drag_imm,7.86,0,79.73,FC,IN,CLT B9-10 Skin feel IMD,12
2386,2,sst_attribute_rank,CLT B9-10,Skin feel IMD,No sweating during the day,in_creamy,7.0,0,65.33,FC,IN,CLT B9-10 Skin feel IMD,13
2387,2,sst_attribute_rank,CLT B9-10,Skin feel IMD,No sweating during the day,in_cooling_imm,0.0,0,19.29,FC,IN,CLT B9-10 Skin feel IMD,14
2388,2,sst_attribute_rank,CLT B9-10,Skin feel IMD,No sweating during the day,amount_of_residue,22.21,0,93.79,FC,IN,CLT B9-10 Skin feel IMD,15
2389,2,sst_attribute_rank,CLT B9-10,Skin feel IMD,No sweating during the day,in_greasy_imm,2.5,0,79.21,FC,IN,CLT B9-10 Skin feel IMD,16
2390,2,sst_attribute_rank,CLT B9-10,Skin feel IMD,No sweating during the day,ft_firmness,6.71,0,79.57,FC,IN,CLT B9-10 Skin feel IMD,17
2391,3,sst_attribute_rank,CLT B13-14,CLT Fragrance IMD,No sweating during the day,fr_Green,0.0,0,1.0,FC,IN,CLT B13-14 CLT Fragrance IMD,1
2392,3,sst_attribute_rank,CLT B13-14,CLT Fragrance IMD,No sweating during the day,fr_Powdery,0.0,0,1.0,FC,IN,CLT B13-14 CLT Fragrance IMD,2
2393,3,sst_attribute_rank,CLT B13-14,CLT Fragrance IMD,No sweating during the day,fr_Aldehydic,0.0,0,1.0,FC,IN,CLT B13-14 CLT Fragrance IMD,3
2394,3,sst_attribute_rank,CLT B13-14,CLT Fragrance IMD,No sweating during the day,fr_Aromatic_Herbeaous,0.0,0,1.0,FC,IN,CLT B13-14 CLT Fragrance IMD,4
2395,3,sst_attribute_rank,CLT B13-14,CLT Fragrance IMD,No sweating during the day,fr_Musky,0.0,0,1.0,FC,IN,CLT B13-14 CLT Fragrance IMD,5
2396,3,sst_attribute_rank,CLT B13-14,CLT Fragrance IMD,No sweating during the day,in_fragrance_imm,24.36,0,74.73,FC,IN,CLT B13-14 CLT Fragrance IMD,6
2397,3,sst_attribute_rank,CLT B13-14,CLT Fragrance IMD,No sweating during the day,fr_Amber,0.0,0,1.0,FC,IN,CLT B13-14 CLT Fragrance IMD,7
2398,3,sst_attribute_rank,CLT B13-14,CLT Fragrance IMD,No sweating during the day,in_fragrance_5min,15.43,0,64.07,FC,IN,CLT B13-14 CLT Fragrance IMD,8
2399,3,sst_attribute_rank,CLT B13-14,CLT Fragrance IMD,No sweating during the day,fr_Floral,0.0,0,1.0,FC,IN,CLT B13-14 CLT Fragrance IMD,9
2400,3,sst_attribute_rank,CLT B13-14,CLT Fragrance IMD,No sweating during the day,fr_Watery_Marine,0.0,0,1.0,FC,IN,CLT B13-14 CLT Fragrance IMD,10
2401,3,sst_attribute_rank,CLT B13-14,CLT Fragrance IMD,No sweating during the day,fr_Gourmand,0.0,0,1.0,FC,IN,CLT B13-14 CLT Fragrance IMD,11
2402,3,sst_attribute_rank,CLT B13-14,CLT Fragrance IMD,No sweating during the day,fr_Citrus,0.0,0,1.0,FC,IN,CLT B13-14 CLT Fragrance IMD,12
2403,3,sst_attribute_rank,CLT B13-14,CLT Fragrance IMD,No sweating during the day,fr_Woody,0.0,0,1.0,FC,IN,CLT B13-14 CLT Fragrance IMD,13
2404,3,sst_attribute_rank,CLT B13-14,CLT Fragrance IMD,No sweating during the day,fr_Fruity,0.0,0,1.0,FC,IN,CLT B13-14 CLT Fragrance IMD,14
2405,8,sst_attribute_rank,CLT M1-2,APPEARANCE,No sweating during the day,product_b,63.0,0,255.0,FC,IN,CLT M1-2 APPEARANCE,1
2406,8,sst_attribute_rank,CLT M1-2,APPEARANCE,No sweating during the day,product_g,133.0,0,255.0,FC,IN,CLT M1-2 APPEARANCE,2
2407,8,sst_attribute_rank,CLT M1-2,APPEARANCE,No sweating during the day,gloss_rate,5.36,0,92.21,FC,IN,CLT M1-2 APPEARANCE,3
2408,8,sst_attribute_rank,CLT M1-2,APPEARANCE,No sweating during the day,product_r,143.0,0,255.0,FC,IN,CLT M1-2 APPEARANCE,4
2409,8,sst_attribute_rank,CLT M1-2,APPEARANCE,No sweating during the day,transparency_rate,8.0,0,96.93,FC,IN,CLT M1-2 APPEARANCE,5
2410,8,sst_attribute_rank,CLT M1-2,APPEARANCE,No sweating during the day,integrity_of_shape_rate,9.86,0,85.73,FC,IN,CLT M1-2 APPEARANCE,6
2411,8,sst_attribute_rank,CLT M1-2,APPEARANCE,No sweating during the day,ft_firmness,6.71,0,79.57,FC,IN,CLT M1-2 APPEARANCE,7
2412,8,sst_attribute_rank,CLT M1-2,APPEARANCE,No sweating during the day,amount_of_particles,1.0,0,6.0,FC,IN,CLT M1-2 APPEARANCE,8
2413,8,sst_attribute_rank,CLT M1-2,APPEARANCE,No sweating during the day,size_of_particles,1.0,0,7.0,FC,IN,CLT M1-2 APPEARANCE,9
2414,8,sst_attribute_rank,CLT M1-2,APPEARANCE,No sweating during the day,integrity_of_shape_10s_rate,9.86,0,86.2,FC,IN,CLT M1-2 APPEARANCE,10
2415,8,sst_attribute_rank,CLT M1-2,APPEARANCE,No sweating during the day,lightness_of_color,1.0,0,17.0,FC,IN,CLT M1-2 APPEARANCE,11
2416,8,sst_attribute_rank,CLT M1-2,APPEARANCE,No sweating during the day,pearlescence_rate,0.0,0,1.0,FC,IN,CLT M1-2 APPEARANCE,12
2417,7,sst_attribute_rank,CLT B17-18,Fragrance 10min,No sweating during the day,fr_Green,0.0,0,1.0,FC,IN,CLT B17-18 Fragrance 10min,1
2418,7,sst_attribute_rank,CLT B17-18,Fragrance 10min,No sweating during the day,in_fragrance_imm,24.36,0,74.73,FC,IN,CLT B17-18 Fragrance 10min,2
2419,7,sst_attribute_rank,CLT B17-18,Fragrance 10min,No sweating during the day,fr_Aldehydic,0.0,0,1.0,FC,IN,CLT B17-18 Fragrance 10min,3
2420,7,sst_attribute_rank,CLT B17-18,Fragrance 10min,No sweating during the day,in_fragrance_5min,15.43,0,64.07,FC,IN,CLT B17-18 Fragrance 10min,4
2421,6,sst_attribute_rank,CLT B11-12,CLT Skin Feel 10min,No sweating during the day,ft_sticky,4.93,0,74.43,FC,IN,CLT B11-12 CLT Skin Feel 10min,1
2422,6,sst_attribute_rank,CLT B11-12,CLT Skin Feel 10min,No sweating during the day,ft_peaking,3.57,0,78.27,FC,IN,CLT B11-12 CLT Skin Feel 10min,2
2423,6,sst_attribute_rank,CLT B11-12,CLT Skin Feel 10min,No sweating during the day,ft_firmness,6.71,0,79.57,FC,IN,CLT B11-12 CLT Skin Feel 10min,3
2424,6,sst_attribute_rank,CLT B11-12,CLT Skin Feel 10min,No sweating during the day,in_cooling,0.0,0,27.93,FC,IN,CLT B11-12 CLT Skin Feel 10min,4
2425,6,sst_attribute_rank,CLT B11-12,CLT Skin Feel 10min,No sweating during the day,in_cooling_5min,0.0,0,5.36,FC,IN,CLT B11-12 CLT Skin Feel 10min,5
2426,6,sst_attribute_rank,CLT B11-12,CLT Skin Feel 10min,No sweating during the day,in_spreadability,35.93,0,95.64,FC,IN,CLT B11-12 CLT Skin Feel 10min,6
2427,6,sst_attribute_rank,CLT B11-12,CLT Skin Feel 10min,No sweating during the day,in_creamy,7.0,0,65.33,FC,IN,CLT B11-12 CLT Skin Feel 10min,7
2428,6,sst_attribute_rank,CLT B11-12,CLT Skin Feel 10min,No sweating during the day,in_wet,1.79,0,89.79,FC,IN,CLT B11-12 CLT Skin Feel 10min,8
2429,6,sst_attribute_rank,CLT B11-12,CLT Skin Feel 10min,No sweating during the day,ft_stringiness,3.57,0,67.36,FC,IN,CLT B11-12 CLT Skin Feel 10min,9
2430,6,sst_attribute_rank,CLT B11-12,CLT Skin Feel 10min,No sweating during the day,in_sticky_5min,4.64,0,65.43,FC,IN,CLT B11-12 CLT Skin Feel 10min,10
2431,6,sst_attribute_rank,CLT B11-12,CLT Skin Feel 10min,No sweating during the day,in_thickness,11.71,0,75.67,FC,IN,CLT B11-12 CLT Skin Feel 10min,11
2432,6,sst_attribute_rank,CLT B11-12,CLT Skin Feel 10min,No sweating during the day,in_absorption,24.29,0,115.0,FC,IN,CLT B11-12 CLT Skin Feel 10min,12
2433,6,sst_attribute_rank,CLT B11-12,CLT Skin Feel 10min,No sweating during the day,in_oily_5min,0.71,0,73.57,FC,IN,CLT B11-12 CLT Skin Feel 10min,13
2434,6,sst_attribute_rank,CLT B11-12,CLT Skin Feel 10min,No sweating during the day,in_drag_5min,9.5,0,71.4,FC,IN,CLT B11-12 CLT Skin Feel 10min,14
2435,6,sst_attribute_rank,CLT B11-12,CLT Skin Feel 10min,No sweating during the day,in_greasy_5min,1.71,0,72.36,FC,IN,CLT B11-12 CLT Skin Feel 10min,15
2436,6,sst_attribute_rank,CLT B11-12,CLT Skin Feel 10min,No sweating during the day,oily_ft,0.0,0,92.07,FC,IN,CLT B11-12 CLT Skin Feel 10min,16
2437,6,sst_attribute_rank,CLT B11-12,CLT Skin Feel 10min,No sweating during the day,in_greasy,3.93,0,82.86,FC,IN,CLT B11-12 CLT Skin Feel 10min,17
2438,6,sst_attribute_rank,CLT B11-12,CLT Skin Feel 10min,No sweating during the day,tightness_5min,16.57,0,73.53,FC,IN,CLT B11-12 CLT Skin Feel 10min,18
2439,10,sst_attribute_rank,CLT B15-16,CLT Fingertip,No sweating during the day,in_thickness,11.71,0,75.67,FC,IN,CLT B15-16 CLT Fingertip,1
2440,10,sst_attribute_rank,CLT B15-16,CLT Fingertip,No sweating during the day,ft_firmness,6.71,0,79.57,FC,IN,CLT B15-16 CLT Fingertip,2
2441,10,sst_attribute_rank,CLT B15-16,CLT Fingertip,No sweating during the day,ft_peaking,3.57,0,78.27,FC,IN,CLT B15-16 CLT Fingertip,3
2442,10,sst_attribute_rank,CLT B15-16,CLT Fingertip,No sweating during the day,in_greasy,3.93,0,82.86,FC,IN,CLT B15-16 CLT Fingertip,4
2443,10,sst_attribute_rank,CLT B15-16,CLT Fingertip,No sweating during the day,in_greasy_imm,2.5,0,79.21,FC,IN,CLT B15-16 CLT Fingertip,5
2444,10,sst_attribute_rank,CLT B15-16,CLT Fingertip,No sweating during the day,oily_ft,0.0,0,92.07,FC,IN,CLT B15-16 CLT Fingertip,6
2445,10,sst_attribute_rank,CLT B15-16,CLT Fingertip,No sweating during the day,in_sticky_imm,4.29,0,73.21,FC,IN,CLT B15-16 CLT Fingertip,7
2446,10,sst_attribute_rank,CLT B15-16,CLT Fingertip,No sweating during the day,ft_stringiness,3.57,0,67.36,FC,IN,CLT B15-16 CLT Fingertip,8
2447,10,sst_attribute_rank,CLT B15-16,CLT Fingertip,No sweating during the day,ft_sticky,4.93,0,74.43,FC,IN,CLT B15-16 CLT Fingertip,9
2448,10,sst_attribute_rank,CLT B15-16,CLT Fingertip,No sweating during the day,in_drag_imm,7.86,0,79.73,FC,IN,CLT B15-16 CLT Fingertip,10
2449,10,sst_attribute_rank,CLT B15-16,CLT Fingertip,No sweating during the day,in_spreadability,35.93,0,95.64,FC,IN,CLT B15-16 CLT Fingertip,11
2450,10,sst_attribute_rank,CLT B15-16,CLT Fingertip,No sweating during the day,in_oily_imm,0.64,0,79.64,FC,IN,CLT B15-16 CLT Fingertip,12
2451,10,sst_attribute_rank,CLT B15-16,CLT Fingertip,No sweating during the day,in_waxy_imm,5.0,0,31.53,FC,IN,CLT B15-16 CLT Fingertip,13
2452,10,sst_attribute_rank,CLT B15-16,CLT Fingertip,No sweating during the day,amount_of_residue,22.21,0,93.79,FC,IN,CLT B15-16 CLT Fingertip,14
2453,10,sst_attribute_rank,CLT B15-16,CLT Fingertip,No sweating during the day,in_wet,1.79,0,89.79,FC,IN,CLT B15-16 CLT Fingertip,15
2454,10,sst_attribute_rank,CLT B15-16,CLT Fingertip,No sweating during the day,in_oily,0.57,0,82.5,FC,IN,CLT B15-16 CLT Fingertip,16
2455,10,sst_attribute_rank,CLT B15-16,CLT Fingertip,No sweating during the day,ft_bounciness,1.14,0,39.64,FC,IN,CLT B15-16 CLT Fingertip,17
2456,10,sst_attribute_rank,CLT B15-16,CLT Fingertip,No sweating during the day,in_powdery_imm,5.14,0,80.36,FC,IN,CLT B15-16 CLT Fingertip,18
2457,10,sst_attribute_rank,CLT B15-16,CLT Fingertip,No sweating during the day,consistency_rate,10.07,0,89.64,FC,IN,CLT B15-16 CLT Fingertip,19
2458,10,sst_attribute_rank,CLT B15-16,CLT Fingertip,No sweating during the day,in_silky_imm,9.67,0,61.29,FC,IN,CLT B15-16 CLT Fingertip,20
2459,1,sst_attribute_rank,CLT B7-8,Skin feel IU,No sweating during the day,in_absorption,24.29,0,115.0,FC,IN,CLT B7-8 Skin feel IU,1
2460,1,sst_attribute_rank,CLT B7-8,Skin feel IU,No sweating during the day,in_cooling,0.0,0,27.93,FC,IN,CLT B7-8 Skin feel IU,2
2461,1,sst_attribute_rank,CLT B7-8,Skin feel IU,No sweating during the day,in_greasy,3.93,0,82.86,FC,IN,CLT B7-8 Skin feel IU,3
2462,1,sst_attribute_rank,CLT B7-8,Skin feel IU,No sweating during the day,in_wet,1.79,0,89.79,FC,IN,CLT B7-8 Skin feel IU,4
734,7,sst_attribute_rank,CLT B17-18,Fragrance 10min,Fairness over time,fr_Green,0.0,0,1.0,FC,IN,CLT B17-18 Fragrance 10min,2
2568,4,sst_attribute_rank,CLT B1-2,Skin Look IMD,No patchy look,in_gloss_5min,3.57,0,76.14,FC,IN,CLT B1-2 Skin Look IMD,1
2569,4,sst_attribute_rank,CLT B1-2,Skin Look IMD,No patchy look,in_gloss_imm,4.29,0,82.86,FC,IN,CLT B1-2 Skin Look IMD,2
2570,4,sst_attribute_rank,CLT B1-2,Skin Look IMD,No patchy look,in_coverage_5min,4.64,0,67.47,FC,IN,CLT B1-2 Skin Look IMD,3
2571,4,sst_attribute_rank,CLT B1-2,Skin Look IMD,No patchy look,in_coverage_imm,4.64,0,70.27,FC,IN,CLT B1-2 Skin Look IMD,4
2572,4,sst_attribute_rank,CLT B1-2,Skin Look IMD,No patchy look,in_invisibility_imm,5.43,0,51.33,FC,IN,CLT B1-2 Skin Look IMD,5
2573,4,sst_attribute_rank,CLT B1-2,Skin Look IMD,No patchy look,in_powderylook_5min,4.64,0,22.73,FC,IN,CLT B1-2 Skin Look IMD,6
2574,4,sst_attribute_rank,CLT B1-2,Skin Look IMD,No patchy look,in_invisibility_5min,4.93,0,50.67,FC,IN,CLT B1-2 Skin Look IMD,7
2575,4,sst_attribute_rank,CLT B1-2,Skin Look IMD,No patchy look,in_powderylook_imm,4.64,0,41.79,FC,IN,CLT B1-2 Skin Look IMD,8
2576,4,sst_attribute_rank,CLT B1-2,Skin Look IMD,No patchy look,patchy_residue_imm,4.29,0,39.07,FC,IN,CLT B1-2 Skin Look IMD,9
2577,4,sst_attribute_rank,CLT B1-2,Skin Look IMD,No patchy look,in_fairness_imm,4.33,0,50.21,FC,IN,CLT B1-2 Skin Look IMD,10
2578,4,sst_attribute_rank,CLT B1-2,Skin Look IMD,No patchy look,in_fairness_5min,4.33,0,43.21,FC,IN,CLT B1-2 Skin Look IMD,11
2579,4,sst_attribute_rank,CLT B1-2,Skin Look IMD,No patchy look,patchy_residue_in,7.86,0,79.6,FC,IN,CLT B1-2 Skin Look IMD,12
2580,4,sst_attribute_rank,CLT B1-2,Skin Look IMD,No patchy look,shimmer,0.0,0,58.8,FC,IN,CLT B1-2 Skin Look IMD,13
2581,7,sst_attribute_rank,CLT B17-18,Fragrance 10min,No patchy look,in_fragrance_5min,15.43,0,64.07,FC,IN,CLT B17-18 Fragrance 10min,1
2582,7,sst_attribute_rank,CLT B17-18,Fragrance 10min,No patchy look,in_fragrance_imm,24.36,0,74.73,FC,IN,CLT B17-18 Fragrance 10min,2
2583,7,sst_attribute_rank,CLT B17-18,Fragrance 10min,No patchy look,fr_Aromatic_Herbeaous,0.0,0,1.0,FC,IN,CLT B17-18 Fragrance 10min,3
2584,7,sst_attribute_rank,CLT B17-18,Fragrance 10min,No patchy look,fr_Green,0.0,0,1.0,FC,IN,CLT B17-18 Fragrance 10min,4
2585,7,sst_attribute_rank,CLT B17-18,Fragrance 10min,No patchy look,fr_Citrus,0.0,0,1.0,FC,IN,CLT B17-18 Fragrance 10min,5
2586,7,sst_attribute_rank,CLT B17-18,Fragrance 10min,No patchy look,fr_Musky,0.0,0,1.0,FC,IN,CLT B17-18 Fragrance 10min,6
2587,7,sst_attribute_rank,CLT B17-18,Fragrance 10min,No patchy look,fr_Watery_Marine,0.0,0,1.0,FC,IN,CLT B17-18 Fragrance 10min,7
2588,7,sst_attribute_rank,CLT B17-18,Fragrance 10min,No patchy look,fr_Floral,0.0,0,1.0,FC,IN,CLT B17-18 Fragrance 10min,8
2589,7,sst_attribute_rank,CLT B17-18,Fragrance 10min,No patchy look,fr_Aldehydic,0.0,0,1.0,FC,IN,CLT B17-18 Fragrance 10min,9
2590,7,sst_attribute_rank,CLT B17-18,Fragrance 10min,No patchy look,fr_Fruity,0.0,0,1.0,FC,IN,CLT B17-18 Fragrance 10min,10
2591,7,sst_attribute_rank,CLT B17-18,Fragrance 10min,No patchy look,fr_Powdery,0.0,0,1.0,FC,IN,CLT B17-18 Fragrance 10min,11
2592,7,sst_attribute_rank,CLT B17-18,Fragrance 10min,No patchy look,fr_Amber,0.0,0,1.0,FC,IN,CLT B17-18 Fragrance 10min,12
2593,7,sst_attribute_rank,CLT B17-18,Fragrance 10min,No patchy look,fr_Woody,0.0,0,1.0,FC,IN,CLT B17-18 Fragrance 10min,13
2594,7,sst_attribute_rank,CLT B17-18,Fragrance 10min,No patchy look,fr_Gourmand,0.0,0,1.0,FC,IN,CLT B17-18 Fragrance 10min,14
2595,8,sst_attribute_rank,CLT M1-2,APPEARANCE,No patchy look,integrity_of_shape_rate,9.86,0,85.73,FC,IN,CLT M1-2 APPEARANCE,1
2596,8,sst_attribute_rank,CLT M1-2,APPEARANCE,No patchy look,product_b,63.0,0,255.0,FC,IN,CLT M1-2 APPEARANCE,2
2597,8,sst_attribute_rank,CLT M1-2,APPEARANCE,No patchy look,gloss_rate,5.36,0,92.21,FC,IN,CLT M1-2 APPEARANCE,3
2598,8,sst_attribute_rank,CLT M1-2,APPEARANCE,No patchy look,product_r,143.0,0,255.0,FC,IN,CLT M1-2 APPEARANCE,4
2599,8,sst_attribute_rank,CLT M1-2,APPEARANCE,No patchy look,transparency_rate,8.0,0,96.93,FC,IN,CLT M1-2 APPEARANCE,5
2600,8,sst_attribute_rank,CLT M1-2,APPEARANCE,No patchy look,ft_firmness,6.71,0,79.57,FC,IN,CLT M1-2 APPEARANCE,6
2601,8,sst_attribute_rank,CLT M1-2,APPEARANCE,No patchy look,product_g,133.0,0,255.0,FC,IN,CLT M1-2 APPEARANCE,7
2602,8,sst_attribute_rank,CLT M1-2,APPEARANCE,No patchy look,integrity_of_shape_10s_rate,9.86,0,86.2,FC,IN,CLT M1-2 APPEARANCE,8
2603,8,sst_attribute_rank,CLT M1-2,APPEARANCE,No patchy look,lightness_of_color,1.0,0,17.0,FC,IN,CLT M1-2 APPEARANCE,9
2604,8,sst_attribute_rank,CLT M1-2,APPEARANCE,No patchy look,size_of_particles,1.0,0,7.0,FC,IN,CLT M1-2 APPEARANCE,10
2605,8,sst_attribute_rank,CLT M1-2,APPEARANCE,No patchy look,amount_of_particles,1.0,0,6.0,FC,IN,CLT M1-2 APPEARANCE,11
2606,8,sst_attribute_rank,CLT M1-2,APPEARANCE,No patchy look,pearlescence_rate,0.0,0,1.0,FC,IN,CLT M1-2 APPEARANCE,12
2607,10,sst_attribute_rank,CLT B15-16,CLT Fingertip,No patchy look,in_thickness,11.71,0,75.67,FC,IN,CLT B15-16 CLT Fingertip,1
2608,10,sst_attribute_rank,CLT B15-16,CLT Fingertip,No patchy look,in_greasy_imm,2.5,0,79.21,FC,IN,CLT B15-16 CLT Fingertip,2
2609,10,sst_attribute_rank,CLT B15-16,CLT Fingertip,No patchy look,oily_ft,0.0,0,92.07,FC,IN,CLT B15-16 CLT Fingertip,3
2610,10,sst_attribute_rank,CLT B15-16,CLT Fingertip,No patchy look,in_sticky_imm,4.29,0,73.21,FC,IN,CLT B15-16 CLT Fingertip,4
2611,10,sst_attribute_rank,CLT B15-16,CLT Fingertip,No patchy look,in_wet,1.79,0,89.79,FC,IN,CLT B15-16 CLT Fingertip,5
2612,10,sst_attribute_rank,CLT B15-16,CLT Fingertip,No patchy look,ft_firmness,6.71,0,79.57,FC,IN,CLT B15-16 CLT Fingertip,6
2613,10,sst_attribute_rank,CLT B15-16,CLT Fingertip,No patchy look,ft_sticky,4.93,0,74.43,FC,IN,CLT B15-16 CLT Fingertip,7
2614,10,sst_attribute_rank,CLT B15-16,CLT Fingertip,No patchy look,in_powdery_imm,5.14,0,80.36,FC,IN,CLT B15-16 CLT Fingertip,8
2615,10,sst_attribute_rank,CLT B15-16,CLT Fingertip,No patchy look,in_creamy,7.0,0,65.33,FC,IN,CLT B15-16 CLT Fingertip,9
2616,10,sst_attribute_rank,CLT B15-16,CLT Fingertip,No patchy look,in_spreadability,35.93,0,95.64,FC,IN,CLT B15-16 CLT Fingertip,10
2617,10,sst_attribute_rank,CLT B15-16,CLT Fingertip,No patchy look,in_oily,0.57,0,82.5,FC,IN,CLT B15-16 CLT Fingertip,11
2618,10,sst_attribute_rank,CLT B15-16,CLT Fingertip,No patchy look,in_drag_imm,7.86,0,79.73,FC,IN,CLT B15-16 CLT Fingertip,12
2619,10,sst_attribute_rank,CLT B15-16,CLT Fingertip,No patchy look,ft_peaking,3.57,0,78.27,FC,IN,CLT B15-16 CLT Fingertip,13
2620,10,sst_attribute_rank,CLT B15-16,CLT Fingertip,No patchy look,in_silky_imm,9.67,0,61.29,FC,IN,CLT B15-16 CLT Fingertip,14
2621,10,sst_attribute_rank,CLT B15-16,CLT Fingertip,No patchy look,consistency_rate,10.07,0,89.64,FC,IN,CLT B15-16 CLT Fingertip,15
2622,10,sst_attribute_rank,CLT B15-16,CLT Fingertip,No patchy look,amount_of_residue,22.21,0,93.79,FC,IN,CLT B15-16 CLT Fingertip,16
2623,10,sst_attribute_rank,CLT B15-16,CLT Fingertip,No patchy look,in_greasy,3.93,0,82.86,FC,IN,CLT B15-16 CLT Fingertip,17
2624,10,sst_attribute_rank,CLT B15-16,CLT Fingertip,No patchy look,ft_bounciness,1.14,0,39.64,FC,IN,CLT B15-16 CLT Fingertip,18
2625,10,sst_attribute_rank,CLT B15-16,CLT Fingertip,No patchy look,in_oily_imm,0.64,0,79.64,FC,IN,CLT B15-16 CLT Fingertip,19
2626,10,sst_attribute_rank,CLT B15-16,CLT Fingertip,No patchy look,ft_stringiness,3.57,0,67.36,FC,IN,CLT B15-16 CLT Fingertip,20
2627,6,sst_attribute_rank,CLT B11-12,CLT Skin Feel 10min,No patchy look,in_cooling,0.0,0,27.93,FC,IN,CLT B11-12 CLT Skin Feel 10min,1
2628,6,sst_attribute_rank,CLT B11-12,CLT Skin Feel 10min,No patchy look,in_absorption,24.29,0,115.0,FC,IN,CLT B11-12 CLT Skin Feel 10min,2
2629,6,sst_attribute_rank,CLT B11-12,CLT Skin Feel 10min,No patchy look,in_sticky_5min,4.64,0,65.43,FC,IN,CLT B11-12 CLT Skin Feel 10min,3
2630,6,sst_attribute_rank,CLT B11-12,CLT Skin Feel 10min,No patchy look,in_oily_5min,0.71,0,73.57,FC,IN,CLT B11-12 CLT Skin Feel 10min,4
2631,6,sst_attribute_rank,CLT B11-12,CLT Skin Feel 10min,No patchy look,in_thickness,11.71,0,75.67,FC,IN,CLT B11-12 CLT Skin Feel 10min,5
2632,6,sst_attribute_rank,CLT B11-12,CLT Skin Feel 10min,No patchy look,in_greasy_5min,1.71,0,72.36,FC,IN,CLT B11-12 CLT Skin Feel 10min,6
2633,6,sst_attribute_rank,CLT B11-12,CLT Skin Feel 10min,No patchy look,ft_stringiness,3.57,0,67.36,FC,IN,CLT B11-12 CLT Skin Feel 10min,7
2634,6,sst_attribute_rank,CLT B11-12,CLT Skin Feel 10min,No patchy look,in_greasy,3.93,0,82.86,FC,IN,CLT B11-12 CLT Skin Feel 10min,8
2635,6,sst_attribute_rank,CLT B11-12,CLT Skin Feel 10min,No patchy look,ft_peaking,3.57,0,78.27,FC,IN,CLT B11-12 CLT Skin Feel 10min,9
2636,6,sst_attribute_rank,CLT B11-12,CLT Skin Feel 10min,No patchy look,in_creamy,7.0,0,65.33,FC,IN,CLT B11-12 CLT Skin Feel 10min,10
60,5,sst_attribute_rank,CLT B5-6,Fragrance In Jar,Overall opinion,fr_Musky,0.0,0,1.0,FC,IN,CLT B5-6 Fragrance In Jar,4
61,5,sst_attribute_rank,CLT B5-6,Fragrance In Jar,Overall opinion,fr_Floral,0.0,0,1.0,FC,IN,CLT B5-6 Fragrance In Jar,5
1489,10,sst_attribute_rank,CLT B15-16,CLT Fingertip,Reduce dark circles,in_spreadability,35.93,0,95.64,FC,IN,CLT B15-16 CLT Fingertip,12
62,5,sst_attribute_rank,CLT B5-6,Fragrance In Jar,Overall opinion,fr_Citrus,0.0,0,1.0,FC,IN,CLT B5-6 Fragrance In Jar,6
1490,10,sst_attribute_rank,CLT B15-16,CLT Fingertip,Reduce dark circles,ft_peaking,3.57,0,78.27,FC,IN,CLT B15-16 CLT Fingertip,13
63,5,sst_attribute_rank,CLT B5-6,Fragrance In Jar,Overall opinion,fr_Fruity,0.0,0,1.0,FC,IN,CLT B5-6 Fragrance In Jar,7
1491,10,sst_attribute_rank,CLT B15-16,CLT Fingertip,Reduce dark circles,ft_stringiness,3.57,0,67.36,FC,IN,CLT B15-16 CLT Fingertip,14
64,5,sst_attribute_rank,CLT B5-6,Fragrance In Jar,Overall opinion,fr_Watery_Marine,0.0,0,1.0,FC,IN,CLT B5-6 Fragrance In Jar,8
1492,10,sst_attribute_rank,CLT B15-16,CLT Fingertip,Reduce dark circles,ft_bounciness,1.14,0,39.64,FC,IN,CLT B15-16 CLT Fingertip,15
65,5,sst_attribute_rank,CLT B5-6,Fragrance In Jar,Overall opinion,fr_Green,0.0,0,1.0,FC,IN,CLT B5-6 Fragrance In Jar,9
1493,10,sst_attribute_rank,CLT B15-16,CLT Fingertip,Reduce dark circles,consistency_rate,10.07,0,89.64,FC,IN,CLT B15-16 CLT Fingertip,16
66,5,sst_attribute_rank,CLT B5-6,Fragrance In Jar,Overall opinion,fr_Powdery,0.0,0,1.0,FC,IN,CLT B5-6 Fragrance In Jar,10
1494,10,sst_attribute_rank,CLT B15-16,CLT Fingertip,Reduce dark circles,in_silky_imm,9.67,0,61.29,FC,IN,CLT B15-16 CLT Fingertip,17
67,5,sst_attribute_rank,CLT B5-6,Fragrance In Jar,Overall opinion,fr_Aldehydic,0.0,0,1.0,FC,IN,CLT B5-6 Fragrance In Jar,11
1495,10,sst_attribute_rank,CLT B15-16,CLT Fingertip,Reduce dark circles,amount_of_residue,22.21,0,93.79,FC,IN,CLT B15-16 CLT Fingertip,18
68,5,sst_attribute_rank,CLT B5-6,Fragrance In Jar,Overall opinion,fr_Woody,0.0,0,1.0,FC,IN,CLT B5-6 Fragrance In Jar,12
1496,10,sst_attribute_rank,CLT B15-16,CLT Fingertip,Reduce dark circles,in_powdery_imm,5.14,0,80.36,FC,IN,CLT B15-16 CLT Fingertip,19
69,5,sst_attribute_rank,CLT B5-6,Fragrance In Jar,Overall opinion,fr_Amber,0.0,0,1.0,FC,IN,CLT B5-6 Fragrance In Jar,13
1497,5,sst_attribute_rank,CLT B5-6,Fragrance In Jar,Reduce dark circles,in_fragrance_imm,24.36,0,74.73,FC,IN,CLT B5-6 Fragrance In Jar,1
70,5,sst_attribute_rank,CLT B5-6,Fragrance In Jar,Overall opinion,fr_Gourmand,0.0,0,1.0,FC,IN,CLT B5-6 Fragrance In Jar,14
1498,5,sst_attribute_rank,CLT B5-6,Fragrance In Jar,Reduce dark circles,in_fragrance_5min,15.43,0,64.07,FC,IN,CLT B5-6 Fragrance In Jar,2
71,6,sst_attribute_rank,CLT B11-12,CLT Skin Feel 10min,Overall opinion,in_thickness,11.71,0,75.67,FC,IN,CLT B11-12 CLT Skin Feel 10min,1
1499,5,sst_attribute_rank,CLT B5-6,Fragrance In Jar,Reduce dark circles,fr_Musky,0.0,0,1.0,FC,IN,CLT B5-6 Fragrance In Jar,3
72,6,sst_attribute_rank,CLT B11-12,CLT Skin Feel 10min,Overall opinion,in_greasy,3.93,0,82.86,FC,IN,CLT B11-12 CLT Skin Feel 10min,2
1500,5,sst_attribute_rank,CLT B5-6,Fragrance In Jar,Reduce dark circles,fr_Aromatic_Herbeaous,0.0,0,1.0,FC,IN,CLT B5-6 Fragrance In Jar,4
73,6,sst_attribute_rank,CLT B11-12,CLT Skin Feel 10min,Overall opinion,in_oily_5min,0.71,0,73.57,FC,IN,CLT B11-12 CLT Skin Feel 10min,3
1101,5,sst_attribute_rank,CLT B5-6,Fragrance In Jar,Reduce blemishes and dark spots,fr_Aldehydic,0.0,0,1.0,FC,IN,CLT B5-6 Fragrance In Jar,2
1102,5,sst_attribute_rank,CLT B5-6,Fragrance In Jar,Reduce blemishes and dark spots,in_fragrance_5min,15.43,0,64.07,FC,IN,CLT B5-6 Fragrance In Jar,3
1103,5,sst_attribute_rank,CLT B5-6,Fragrance In Jar,Reduce blemishes and dark spots,fr_Powdery,0.0,0,1.0,FC,IN,CLT B5-6 Fragrance In Jar,4
1104,5,sst_attribute_rank,CLT B5-6,Fragrance In Jar,Reduce blemishes and dark spots,fr_Amber,0.0,0,1.0,FC,IN,CLT B5-6 Fragrance In Jar,5
1105,5,sst_attribute_rank,CLT B5-6,Fragrance In Jar,Reduce blemishes and dark spots,in_fragrance_imm,24.36,0,74.73,FC,IN,CLT B5-6 Fragrance In Jar,6
1106,5,sst_attribute_rank,CLT B5-6,Fragrance In Jar,Reduce blemishes and dark spots,fr_Aromatic_Herbeaous,0.0,0,1.0,FC,IN,CLT B5-6 Fragrance In Jar,7
1107,5,sst_attribute_rank,CLT B5-6,Fragrance In Jar,Reduce blemishes and dark spots,fr_Musky,0.0,0,1.0,FC,IN,CLT B5-6 Fragrance In Jar,8
1108,5,sst_attribute_rank,CLT B5-6,Fragrance In Jar,Reduce blemishes and dark spots,fr_Citrus,0.0,0,1.0,FC,IN,CLT B5-6 Fragrance In Jar,9
1109,5,sst_attribute_rank,CLT B5-6,Fragrance In Jar,Reduce blemishes and dark spots,fr_Watery_Marine,0.0,0,1.0,FC,IN,CLT B5-6 Fragrance In Jar,10
1110,5,sst_attribute_rank,CLT B5-6,Fragrance In Jar,Reduce blemishes and dark spots,fr_Floral,0.0,0,1.0,FC,IN,CLT B5-6 Fragrance In Jar,11
1111,5,sst_attribute_rank,CLT B5-6,Fragrance In Jar,Reduce blemishes and dark spots,fr_Fruity,0.0,0,1.0,FC,IN,CLT B5-6 Fragrance In Jar,12
1112,5,sst_attribute_rank,CLT B5-6,Fragrance In Jar,Reduce blemishes and dark spots,fr_Gourmand,0.0,0,1.0,FC,IN,CLT B5-6 Fragrance In Jar,13
1113,5,sst_attribute_rank,CLT B5-6,Fragrance In Jar,Reduce blemishes and dark spots,fr_Woody,0.0,0,1.0,FC,IN,CLT B5-6 Fragrance In Jar,14
1114,2,sst_attribute_rank,CLT B9-10,Skin feel IMD,Reduce fine lines and wrinkles,in_thickness,11.71,0,75.67,FC,IN,CLT B9-10 Skin feel IMD,1
1115,2,sst_attribute_rank,CLT B9-10,Skin feel IMD,Reduce fine lines and wrinkles,in_greasy,3.93,0,82.86,FC,IN,CLT B9-10 Skin feel IMD,2
1116,2,sst_attribute_rank,CLT B9-10,Skin feel IMD,Reduce fine lines and wrinkles,oily_ft,0.0,0,92.07,FC,IN,CLT B9-10 Skin feel IMD,3
1117,2,sst_attribute_rank,CLT B9-10,Skin feel IMD,Reduce fine lines and wrinkles,ft_stringiness,3.57,0,67.36,FC,IN,CLT B9-10 Skin feel IMD,4
1118,2,sst_attribute_rank,CLT B9-10,Skin feel IMD,Reduce fine lines and wrinkles,in_greasy_imm,2.5,0,79.21,FC,IN,CLT B9-10 Skin feel IMD,5
1119,2,sst_attribute_rank,CLT B9-10,Skin feel IMD,Reduce fine lines and wrinkles,softness_imm,7.29,0,72.86,FC,IN,CLT B9-10 Skin feel IMD,6
1120,2,sst_attribute_rank,CLT B9-10,Skin feel IMD,Reduce fine lines and wrinkles,in_sticky_imm,4.29,0,73.21,FC,IN,CLT B9-10 Skin feel IMD,7
1121,2,sst_attribute_rank,CLT B9-10,Skin feel IMD,Reduce fine lines and wrinkles,in_oily_imm,0.64,0,79.64,FC,IN,CLT B9-10 Skin feel IMD,8
1122,2,sst_attribute_rank,CLT B9-10,Skin feel IMD,Reduce fine lines and wrinkles,in_spreadability,35.93,0,95.64,FC,IN,CLT B9-10 Skin feel IMD,9
1123,2,sst_attribute_rank,CLT B9-10,Skin feel IMD,Reduce fine lines and wrinkles,ft_sticky,4.93,0,74.43,FC,IN,CLT B9-10 Skin feel IMD,10
1124,2,sst_attribute_rank,CLT B9-10,Skin feel IMD,Reduce fine lines and wrinkles,amount_of_residue,22.21,0,93.79,FC,IN,CLT B9-10 Skin feel IMD,11
1125,2,sst_attribute_rank,CLT B9-10,Skin feel IMD,Reduce fine lines and wrinkles,ft_peaking,3.57,0,78.27,FC,IN,CLT B9-10 Skin feel IMD,12
1126,2,sst_attribute_rank,CLT B9-10,Skin feel IMD,Reduce fine lines and wrinkles,in_absorption,24.29,0,115.0,FC,IN,CLT B9-10 Skin feel IMD,13
1127,2,sst_attribute_rank,CLT B9-10,Skin feel IMD,Reduce fine lines and wrinkles,in_wet,1.79,0,89.79,FC,IN,CLT B9-10 Skin feel IMD,14
1128,2,sst_attribute_rank,CLT B9-10,Skin feel IMD,Reduce fine lines and wrinkles,in_creamy,7.0,0,65.33,FC,IN,CLT B9-10 Skin feel IMD,15
1129,2,sst_attribute_rank,CLT B9-10,Skin feel IMD,Reduce fine lines and wrinkles,in_cooling,0.0,0,27.93,FC,IN,CLT B9-10 Skin feel IMD,16
1130,2,sst_attribute_rank,CLT B9-10,Skin feel IMD,Reduce fine lines and wrinkles,in_cooling_imm,0.0,0,19.29,FC,IN,CLT B9-10 Skin feel IMD,17
1131,2,sst_attribute_rank,CLT B9-10,Skin feel IMD,Reduce fine lines and wrinkles,in_drag_imm,7.86,0,79.73,FC,IN,CLT B9-10 Skin feel IMD,18
1132,8,sst_attribute_rank,CLT M1-2,APPEARANCE,Reduce fine lines and wrinkles,transparency_rate,8.0,0,96.93,FC,IN,CLT M1-2 APPEARANCE,1
1133,8,sst_attribute_rank,CLT M1-2,APPEARANCE,Reduce fine lines and wrinkles,gloss_rate,5.36,0,92.21,FC,IN,CLT M1-2 APPEARANCE,2
1134,8,sst_attribute_rank,CLT M1-2,APPEARANCE,Reduce fine lines and wrinkles,product_b,63.0,0,255.0,FC,IN,CLT M1-2 APPEARANCE,3
1135,8,sst_attribute_rank,CLT M1-2,APPEARANCE,Reduce fine lines and wrinkles,ft_firmness,6.71,0,79.57,FC,IN,CLT M1-2 APPEARANCE,4
1136,8,sst_attribute_rank,CLT M1-2,APPEARANCE,Reduce fine lines and wrinkles,integrity_of_shape_rate,9.86,0,85.73,FC,IN,CLT M1-2 APPEARANCE,5
1137,8,sst_attribute_rank,CLT M1-2,APPEARANCE,Reduce fine lines and wrinkles,integrity_of_shape_10s_rate,9.86,0,86.2,FC,IN,CLT M1-2 APPEARANCE,6
1138,8,sst_attribute_rank,CLT M1-2,APPEARANCE,Reduce fine lines and wrinkles,product_g,133.0,0,255.0,FC,IN,CLT M1-2 APPEARANCE,7
1139,8,sst_attribute_rank,CLT M1-2,APPEARANCE,Reduce fine lines and wrinkles,lightness_of_color,1.0,0,17.0,FC,IN,CLT M1-2 APPEARANCE,8
1140,8,sst_attribute_rank,CLT M1-2,APPEARANCE,Reduce fine lines and wrinkles,product_r,143.0,0,255.0,FC,IN,CLT M1-2 APPEARANCE,9
1141,8,sst_attribute_rank,CLT M1-2,APPEARANCE,Reduce fine lines and wrinkles,amount_of_particles,1.0,0,6.0,FC,IN,CLT M1-2 APPEARANCE,10
1142,8,sst_attribute_rank,CLT M1-2,APPEARANCE,Reduce fine lines and wrinkles,size_of_particles,1.0,0,7.0,FC,IN,CLT M1-2 APPEARANCE,11
1143,8,sst_attribute_rank,CLT M1-2,APPEARANCE,Reduce fine lines and wrinkles,pearlescence_rate,0.0,0,1.0,FC,IN,CLT M1-2 APPEARANCE,12
1144,3,sst_attribute_rank,CLT B13-14,CLT Fragrance IMD,Reduce fine lines and wrinkles,fr_Green,0.0,0,1.0,FC,IN,CLT B13-14 CLT Fragrance IMD,1
1145,3,sst_attribute_rank,CLT B13-14,CLT Fragrance IMD,Reduce fine lines and wrinkles,fr_Aromatic_Herbeaous,0.0,0,1.0,FC,IN,CLT B13-14 CLT Fragrance IMD,2
1146,3,sst_attribute_rank,CLT B13-14,CLT Fragrance IMD,Reduce fine lines and wrinkles,in_fragrance_5min,15.43,0,64.07,FC,IN,CLT B13-14 CLT Fragrance IMD,3
1147,3,sst_attribute_rank,CLT B13-14,CLT Fragrance IMD,Reduce fine lines and wrinkles,in_fragrance_imm,24.36,0,74.73,FC,IN,CLT B13-14 CLT Fragrance IMD,4
1148,3,sst_attribute_rank,CLT B13-14,CLT Fragrance IMD,Reduce fine lines and wrinkles,fr_Aldehydic,0.0,0,1.0,FC,IN,CLT B13-14 CLT Fragrance IMD,5
1149,3,sst_attribute_rank,CLT B13-14,CLT Fragrance IMD,Reduce fine lines and wrinkles,fr_Musky,0.0,0,1.0,FC,IN,CLT B13-14 CLT Fragrance IMD,6
1150,3,sst_attribute_rank,CLT B13-14,CLT Fragrance IMD,Reduce fine lines and wrinkles,fr_Citrus,0.0,0,1.0,FC,IN,CLT B13-14 CLT Fragrance IMD,7
1151,3,sst_attribute_rank,CLT B13-14,CLT Fragrance IMD,Reduce fine lines and wrinkles,fr_Powdery,0.0,0,1.0,FC,IN,CLT B13-14 CLT Fragrance IMD,8
1152,3,sst_attribute_rank,CLT B13-14,CLT Fragrance IMD,Reduce fine lines and wrinkles,fr_Amber,0.0,0,1.0,FC,IN,CLT B13-14 CLT Fragrance IMD,9
1153,3,sst_attribute_rank,CLT B13-14,CLT Fragrance IMD,Reduce fine lines and wrinkles,fr_Watery_Marine,0.0,0,1.0,FC,IN,CLT B13-14 CLT Fragrance IMD,10
1154,3,sst_attribute_rank,CLT B13-14,CLT Fragrance IMD,Reduce fine lines and wrinkles,fr_Floral,0.0,0,1.0,FC,IN,CLT B13-14 CLT Fragrance IMD,11
1155,3,sst_attribute_rank,CLT B13-14,CLT Fragrance IMD,Reduce fine lines and wrinkles,fr_Gourmand,0.0,0,1.0,FC,IN,CLT B13-14 CLT Fragrance IMD,12
1156,3,sst_attribute_rank,CLT B13-14,CLT Fragrance IMD,Reduce fine lines and wrinkles,fr_Fruity,0.0,0,1.0,FC,IN,CLT B13-14 CLT Fragrance IMD,13
1157,3,sst_attribute_rank,CLT B13-14,CLT Fragrance IMD,Reduce fine lines and wrinkles,fr_Woody,0.0,0,1.0,FC,IN,CLT B13-14 CLT Fragrance IMD,14
1158,6,sst_attribute_rank,CLT B11-12,CLT Skin Feel 10min,Reduce fine lines and wrinkles,in_thickness,11.71,0,75.67,FC,IN,CLT B11-12 CLT Skin Feel 10min,1
1159,6,sst_attribute_rank,CLT B11-12,CLT Skin Feel 10min,Reduce fine lines and wrinkles,in_greasy,3.93,0,82.86,FC,IN,CLT B11-12 CLT Skin Feel 10min,2
1160,6,sst_attribute_rank,CLT B11-12,CLT Skin Feel 10min,Reduce fine lines and wrinkles,oily_ft,0.0,0,92.07,FC,IN,CLT B11-12 CLT Skin Feel 10min,3
1161,6,sst_attribute_rank,CLT B11-12,CLT Skin Feel 10min,Reduce fine lines and wrinkles,in_oily_5min,0.71,0,73.57,FC,IN,CLT B11-12 CLT Skin Feel 10min,4
1162,6,sst_attribute_rank,CLT B11-12,CLT Skin Feel 10min,Reduce fine lines and wrinkles,in_creamy,7.0,0,65.33,FC,IN,CLT B11-12 CLT Skin Feel 10min,5
1163,6,sst_attribute_rank,CLT B11-12,CLT Skin Feel 10min,Reduce fine lines and wrinkles,in_sticky_5min,4.64,0,65.43,FC,IN,CLT B11-12 CLT Skin Feel 10min,6
1164,6,sst_attribute_rank,CLT B11-12,CLT Skin Feel 10min,Reduce fine lines and wrinkles,in_spreadability,35.93,0,95.64,FC,IN,CLT B11-12 CLT Skin Feel 10min,7
1165,6,sst_attribute_rank,CLT B11-12,CLT Skin Feel 10min,Reduce fine lines and wrinkles,ft_stringiness,3.57,0,67.36,FC,IN,CLT B11-12 CLT Skin Feel 10min,8
1166,6,sst_attribute_rank,CLT B11-12,CLT Skin Feel 10min,Reduce fine lines and wrinkles,ft_peaking,3.57,0,78.27,FC,IN,CLT B11-12 CLT Skin Feel 10min,9
1167,6,sst_attribute_rank,CLT B11-12,CLT Skin Feel 10min,Reduce fine lines and wrinkles,ft_firmness,6.71,0,79.57,FC,IN,CLT B11-12 CLT Skin Feel 10min,10
1168,6,sst_attribute_rank,CLT B11-12,CLT Skin Feel 10min,Reduce fine lines and wrinkles,in_greasy_5min,1.71,0,72.36,FC,IN,CLT B11-12 CLT Skin Feel 10min,11
1169,6,sst_attribute_rank,CLT B11-12,CLT Skin Feel 10min,Reduce fine lines and wrinkles,in_drag_5min,9.5,0,71.4,FC,IN,CLT B11-12 CLT Skin Feel 10min,12
1170,6,sst_attribute_rank,CLT B11-12,CLT Skin Feel 10min,Reduce fine lines and wrinkles,in_absorption,24.29,0,115.0,FC,IN,CLT B11-12 CLT Skin Feel 10min,13
1171,6,sst_attribute_rank,CLT B11-12,CLT Skin Feel 10min,Reduce fine lines and wrinkles,tightness_5min,16.57,0,73.53,FC,IN,CLT B11-12 CLT Skin Feel 10min,14
1172,6,sst_attribute_rank,CLT B11-12,CLT Skin Feel 10min,Reduce fine lines and wrinkles,ft_sticky,4.93,0,74.43,FC,IN,CLT B11-12 CLT Skin Feel 10min,15
1173,6,sst_attribute_rank,CLT B11-12,CLT Skin Feel 10min,Reduce fine lines and wrinkles,in_wet,1.79,0,89.79,FC,IN,CLT B11-12 CLT Skin Feel 10min,16
1174,6,sst_attribute_rank,CLT B11-12,CLT Skin Feel 10min,Reduce fine lines and wrinkles,in_cooling,0.0,0,27.93,FC,IN,CLT B11-12 CLT Skin Feel 10min,17
1175,7,sst_attribute_rank,CLT B17-18,Fragrance 10min,Reduce fine lines and wrinkles,fr_Green,0.0,0,1.0,FC,IN,CLT B17-18 Fragrance 10min,1
1176,7,sst_attribute_rank,CLT B17-18,Fragrance 10min,Reduce fine lines and wrinkles,in_fragrance_5min,15.43,0,64.07,FC,IN,CLT B17-18 Fragrance 10min,2
1177,7,sst_attribute_rank,CLT B17-18,Fragrance 10min,Reduce fine lines and wrinkles,fr_Aldehydic,0.0,0,1.0,FC,IN,CLT B17-18 Fragrance 10min,3
1178,7,sst_attribute_rank,CLT B17-18,Fragrance 10min,Reduce fine lines and wrinkles,fr_Aromatic_Herbeaous,0.0,0,1.0,FC,IN,CLT B17-18 Fragrance 10min,4
1179,7,sst_attribute_rank,CLT B17-18,Fragrance 10min,Reduce fine lines and wrinkles,fr_Floral,0.0,0,1.0,FC,IN,CLT B17-18 Fragrance 10min,5
1180,7,sst_attribute_rank,CLT B17-18,Fragrance 10min,Reduce fine lines and wrinkles,fr_Musky,0.0,0,1.0,FC,IN,CLT B17-18 Fragrance 10min,6
74,6,sst_attribute_rank,CLT B11-12,CLT Skin Feel 10min,Overall opinion,in_sticky_5min,4.64,0,65.43,FC,IN,CLT B11-12 CLT Skin Feel 10min,4
75,6,sst_attribute_rank,CLT B11-12,CLT Skin Feel 10min,Overall opinion,oily_ft,0.0,0,92.07,FC,IN,CLT B11-12 CLT Skin Feel 10min,5
76,6,sst_attribute_rank,CLT B11-12,CLT Skin Feel 10min,Overall opinion,ft_stringiness,3.57,0,67.36,FC,IN,CLT B11-12 CLT Skin Feel 10min,6
1501,5,sst_attribute_rank,CLT B5-6,Fragrance In Jar,Reduce dark circles,fr_Aldehydic,0.0,0,1.0,FC,IN,CLT B5-6 Fragrance In Jar,5
1502,5,sst_attribute_rank,CLT B5-6,Fragrance In Jar,Reduce dark circles,fr_Green,0.0,0,1.0,FC,IN,CLT B5-6 Fragrance In Jar,6
1503,5,sst_attribute_rank,CLT B5-6,Fragrance In Jar,Reduce dark circles,fr_Watery_Marine,0.0,0,1.0,FC,IN,CLT B5-6 Fragrance In Jar,7
1504,5,sst_attribute_rank,CLT B5-6,Fragrance In Jar,Reduce dark circles,fr_Floral,0.0,0,1.0,FC,IN,CLT B5-6 Fragrance In Jar,8
1505,5,sst_attribute_rank,CLT B5-6,Fragrance In Jar,Reduce dark circles,fr_Powdery,0.0,0,1.0,FC,IN,CLT B5-6 Fragrance In Jar,9
1506,5,sst_attribute_rank,CLT B5-6,Fragrance In Jar,Reduce dark circles,fr_Citrus,0.0,0,1.0,FC,IN,CLT B5-6 Fragrance In Jar,10
1507,5,sst_attribute_rank,CLT B5-6,Fragrance In Jar,Reduce dark circles,fr_Fruity,0.0,0,1.0,FC,IN,CLT B5-6 Fragrance In Jar,11
1508,5,sst_attribute_rank,CLT B5-6,Fragrance In Jar,Reduce dark circles,fr_Amber,0.0,0,1.0,FC,IN,CLT B5-6 Fragrance In Jar,12
1509,5,sst_attribute_rank,CLT B5-6,Fragrance In Jar,Reduce dark circles,fr_Woody,0.0,0,1.0,FC,IN,CLT B5-6 Fragrance In Jar,13
1510,5,sst_attribute_rank,CLT B5-6,Fragrance In Jar,Reduce dark circles,fr_Gourmand,0.0,0,1.0,FC,IN,CLT B5-6 Fragrance In Jar,14
1511,1,sst_attribute_rank,CLT B7-8,Skin feel IU,Reduce dark circles,in_cooling,0.0,0,27.93,FC,IN,CLT B7-8 Skin feel IU,1
1512,1,sst_attribute_rank,CLT B7-8,Skin feel IU,Reduce dark circles,in_absorption,24.29,0,115.0,FC,IN,CLT B7-8 Skin feel IU,2
1513,1,sst_attribute_rank,CLT B7-8,Skin feel IU,Reduce dark circles,oily_ft,0.0,0,92.07,FC,IN,CLT B7-8 Skin feel IU,3
1514,1,sst_attribute_rank,CLT B7-8,Skin feel IU,Reduce dark circles,in_creamy,7.0,0,65.33,FC,IN,CLT B7-8 Skin feel IU,4
1515,1,sst_attribute_rank,CLT B7-8,Skin feel IU,Reduce dark circles,in_wet,1.79,0,89.79,FC,IN,CLT B7-8 Skin feel IU,5
1516,1,sst_attribute_rank,CLT B7-8,Skin feel IU,Reduce dark circles,in_greasy,3.93,0,82.86,FC,IN,CLT B7-8 Skin feel IU,6
1517,1,sst_attribute_rank,CLT B7-8,Skin feel IU,Reduce dark circles,ft_peaking,3.57,0,78.27,FC,IN,CLT B7-8 Skin feel IU,7
1518,1,sst_attribute_rank,CLT B7-8,Skin feel IU,Reduce dark circles,in_spreadability,35.93,0,95.64,FC,IN,CLT B7-8 Skin feel IU,8
1519,1,sst_attribute_rank,CLT B7-8,Skin feel IU,Reduce dark circles,ft_stringiness,3.57,0,67.36,FC,IN,CLT B7-8 Skin feel IU,9
1520,1,sst_attribute_rank,CLT B7-8,Skin feel IU,Reduce dark circles,ft_firmness,6.71,0,79.57,FC,IN,CLT B7-8 Skin feel IU,10
1521,1,sst_attribute_rank,CLT B7-8,Skin feel IU,Reduce dark circles,in_thickness,11.71,0,75.67,FC,IN,CLT B7-8 Skin feel IU,11
1522,1,sst_attribute_rank,CLT B7-8,Skin feel IU,Reduce dark circles,ft_sticky,4.93,0,74.43,FC,IN,CLT B7-8 Skin feel IU,12
1523,8,sst_attribute_rank,CLT M1-2,APPEARANCE,Reduce dark circles,transparency_rate,8.0,0,96.93,FC,IN,CLT M1-2 APPEARANCE,1
1524,8,sst_attribute_rank,CLT M1-2,APPEARANCE,Reduce dark circles,product_b,63.0,0,255.0,FC,IN,CLT M1-2 APPEARANCE,2
1525,8,sst_attribute_rank,CLT M1-2,APPEARANCE,Reduce dark circles,product_r,143.0,0,255.0,FC,IN,CLT M1-2 APPEARANCE,3
1526,8,sst_attribute_rank,CLT M1-2,APPEARANCE,Reduce dark circles,pearlescence_rate,0.0,0,1.0,FC,IN,CLT M1-2 APPEARANCE,4
1527,8,sst_attribute_rank,CLT M1-2,APPEARANCE,Reduce dark circles,ft_firmness,6.71,0,79.57,FC,IN,CLT M1-2 APPEARANCE,5
1528,8,sst_attribute_rank,CLT M1-2,APPEARANCE,Reduce dark circles,product_g,133.0,0,255.0,FC,IN,CLT M1-2 APPEARANCE,6
1529,8,sst_attribute_rank,CLT M1-2,APPEARANCE,Reduce dark circles,integrity_of_shape_rate,9.86,0,85.73,FC,IN,CLT M1-2 APPEARANCE,7
1530,8,sst_attribute_rank,CLT M1-2,APPEARANCE,Reduce dark circles,amount_of_particles,1.0,0,6.0,FC,IN,CLT M1-2 APPEARANCE,8
1531,8,sst_attribute_rank,CLT M1-2,APPEARANCE,Reduce dark circles,gloss_rate,5.36,0,92.21,FC,IN,CLT M1-2 APPEARANCE,9
1532,8,sst_attribute_rank,CLT M1-2,APPEARANCE,Reduce dark circles,integrity_of_shape_10s_rate,9.86,0,86.2,FC,IN,CLT M1-2 APPEARANCE,10
77,6,sst_attribute_rank,CLT B11-12,CLT Skin Feel 10min,Overall opinion,in_greasy_5min,1.71,0,72.36,FC,IN,CLT B11-12 CLT Skin Feel 10min,7
78,6,sst_attribute_rank,CLT B11-12,CLT Skin Feel 10min,Overall opinion,in_drag_5min,9.5,0,71.4,FC,IN,CLT B11-12 CLT Skin Feel 10min,8
79,6,sst_attribute_rank,CLT B11-12,CLT Skin Feel 10min,Overall opinion,tightness_5min,16.57,0,73.53,FC,IN,CLT B11-12 CLT Skin Feel 10min,9
80,6,sst_attribute_rank,CLT B11-12,CLT Skin Feel 10min,Overall opinion,in_creamy,7.0,0,65.33,FC,IN,CLT B11-12 CLT Skin Feel 10min,10
81,6,sst_attribute_rank,CLT B11-12,CLT Skin Feel 10min,Overall opinion,in_spreadability,35.93,0,95.64,FC,IN,CLT B11-12 CLT Skin Feel 10min,11
82,6,sst_attribute_rank,CLT B11-12,CLT Skin Feel 10min,Overall opinion,ft_sticky,4.93,0,74.43,FC,IN,CLT B11-12 CLT Skin Feel 10min,12
83,6,sst_attribute_rank,CLT B11-12,CLT Skin Feel 10min,Overall opinion,in_cooling_5min,0.0,0,5.36,FC,IN,CLT B11-12 CLT Skin Feel 10min,13
84,6,sst_attribute_rank,CLT B11-12,CLT Skin Feel 10min,Overall opinion,ft_peaking,3.57,0,78.27,FC,IN,CLT B11-12 CLT Skin Feel 10min,14
85,6,sst_attribute_rank,CLT B11-12,CLT Skin Feel 10min,Overall opinion,in_wet,1.79,0,89.79,FC,IN,CLT B11-12 CLT Skin Feel 10min,15
86,6,sst_attribute_rank,CLT B11-12,CLT Skin Feel 10min,Overall opinion,ft_firmness,6.71,0,79.57,FC,IN,CLT B11-12 CLT Skin Feel 10min,16
87,7,sst_attribute_rank,CLT B17-18,Fragrance 10min,Overall opinion,in_fragrance_imm,24.36,0,74.73,FC,IN,CLT B17-18 Fragrance 10min,1
88,7,sst_attribute_rank,CLT B17-18,Fragrance 10min,Overall opinion,fr_Green,0.0,0,1.0,FC,IN,CLT B17-18 Fragrance 10min,2
89,7,sst_attribute_rank,CLT B17-18,Fragrance 10min,Overall opinion,fr_Aldehydic,0.0,0,1.0,FC,IN,CLT B17-18 Fragrance 10min,3
90,7,sst_attribute_rank,CLT B17-18,Fragrance 10min,Overall opinion,fr_Musky,0.0,0,1.0,FC,IN,CLT B17-18 Fragrance 10min,4
91,7,sst_attribute_rank,CLT B17-18,Fragrance 10min,Overall opinion,fr_Aromatic_Herbeaous,0.0,0,1.0,FC,IN,CLT B17-18 Fragrance 10min,5
92,7,sst_attribute_rank,CLT B17-18,Fragrance 10min,Overall opinion,fr_Floral,0.0,0,1.0,FC,IN,CLT B17-18 Fragrance 10min,6
93,7,sst_attribute_rank,CLT B17-18,Fragrance 10min,Overall opinion,fr_Citrus,0.0,0,1.0,FC,IN,CLT B17-18 Fragrance 10min,7
94,8,sst_attribute_rank,CLT M1-2,APPEARANCE,Overall opinion,integrity_of_shape_rate,9.86,0,85.73,FC,IN,CLT M1-2 APPEARANCE,1
95,8,sst_attribute_rank,CLT M1-2,APPEARANCE,Overall opinion,product_b,63.0,0,255.0,FC,IN,CLT M1-2 APPEARANCE,2
96,8,sst_attribute_rank,CLT M1-2,APPEARANCE,Overall opinion,transparency_rate,8.0,0,96.93,FC,IN,CLT M1-2 APPEARANCE,3
97,8,sst_attribute_rank,CLT M1-2,APPEARANCE,Overall opinion,integrity_of_shape_10s_rate,9.86,0,86.2,FC,IN,CLT M1-2 APPEARANCE,4
98,8,sst_attribute_rank,CLT M1-2,APPEARANCE,Overall opinion,product_g,133.0,0,255.0,FC,IN,CLT M1-2 APPEARANCE,5
99,8,sst_attribute_rank,CLT M1-2,APPEARANCE,Overall opinion,lightness_of_color,1.0,0,17.0,FC,IN,CLT M1-2 APPEARANCE,6
100,8,sst_attribute_rank,CLT M1-2,APPEARANCE,Overall opinion,ft_firmness,6.71,0,79.57,FC,IN,CLT M1-2 APPEARANCE,7
1533,8,sst_attribute_rank,CLT M1-2,APPEARANCE,Reduce dark circles,size_of_particles,1.0,0,7.0,FC,IN,CLT M1-2 APPEARANCE,11
101,8,sst_attribute_rank,CLT M1-2,APPEARANCE,Overall opinion,size_of_particles,1.0,0,7.0,FC,IN,CLT M1-2 APPEARANCE,8
1534,8,sst_attribute_rank,CLT M1-2,APPEARANCE,Reduce dark circles,lightness_of_color,1.0,0,17.0,FC,IN,CLT M1-2 APPEARANCE,12
102,8,sst_attribute_rank,CLT M1-2,APPEARANCE,Overall opinion,amount_of_particles,1.0,0,6.0,FC,IN,CLT M1-2 APPEARANCE,9
1535,1,sst_attribute_rank,CLT B7-8,Skin feel IU,Moisturization,in_cooling,0.0,0,27.93,FC,IN,CLT B7-8 Skin feel IU,1
103,8,sst_attribute_rank,CLT M1-2,APPEARANCE,Overall opinion,gloss_rate,5.36,0,92.21,FC,IN,CLT M1-2 APPEARANCE,10
1536,1,sst_attribute_rank,CLT B7-8,Skin feel IU,Moisturization,in_absorption,24.29,0,115.0,FC,IN,CLT B7-8 Skin feel IU,2
104,8,sst_attribute_rank,CLT M1-2,APPEARANCE,Overall opinion,product_r,143.0,0,255.0,FC,IN,CLT M1-2 APPEARANCE,11
1537,1,sst_attribute_rank,CLT B7-8,Skin feel IU,Moisturization,in_creamy,7.0,0,65.33,FC,IN,CLT B7-8 Skin feel IU,3
1538,1,sst_attribute_rank,CLT B7-8,Skin feel IU,Moisturization,ft_stringiness,3.57,0,67.36,FC,IN,CLT B7-8 Skin feel IU,4
1539,1,sst_attribute_rank,CLT B7-8,Skin feel IU,Moisturization,ft_peaking,3.57,0,78.27,FC,IN,CLT B7-8 Skin feel IU,5
1540,1,sst_attribute_rank,CLT B7-8,Skin feel IU,Moisturization,oily_ft,0.0,0,92.07,FC,IN,CLT B7-8 Skin feel IU,6
1541,1,sst_attribute_rank,CLT B7-8,Skin feel IU,Moisturization,ft_firmness,6.71,0,79.57,FC,IN,CLT B7-8 Skin feel IU,7
1542,1,sst_attribute_rank,CLT B7-8,Skin feel IU,Moisturization,ft_sticky,4.93,0,74.43,FC,IN,CLT B7-8 Skin feel IU,8
1543,1,sst_attribute_rank,CLT B7-8,Skin feel IU,Moisturization,in_spreadability,35.93,0,95.64,FC,IN,CLT B7-8 Skin feel IU,9
1544,1,sst_attribute_rank,CLT B7-8,Skin feel IU,Moisturization,in_greasy,3.93,0,82.86,FC,IN,CLT B7-8 Skin feel IU,10
1545,1,sst_attribute_rank,CLT B7-8,Skin feel IU,Moisturization,in_wet,1.79,0,89.79,FC,IN,CLT B7-8 Skin feel IU,11
1546,1,sst_attribute_rank,CLT B7-8,Skin feel IU,Moisturization,in_thickness,11.71,0,75.67,FC,IN,CLT B7-8 Skin feel IU,12
1547,5,sst_attribute_rank,CLT B5-6,Fragrance In Jar,Moisturization,fr_Green,0.0,0,1.0,FC,IN,CLT B5-6 Fragrance In Jar,1
1548,5,sst_attribute_rank,CLT B5-6,Fragrance In Jar,Moisturization,in_fragrance_5min,15.43,0,64.07,FC,IN,CLT B5-6 Fragrance In Jar,2
1549,5,sst_attribute_rank,CLT B5-6,Fragrance In Jar,Moisturization,in_fragrance_imm,24.36,0,74.73,FC,IN,CLT B5-6 Fragrance In Jar,3
1550,5,sst_attribute_rank,CLT B5-6,Fragrance In Jar,Moisturization,fr_Aldehydic,0.0,0,1.0,FC,IN,CLT B5-6 Fragrance In Jar,4
1551,5,sst_attribute_rank,CLT B5-6,Fragrance In Jar,Moisturization,fr_Aromatic_Herbeaous,0.0,0,1.0,FC,IN,CLT B5-6 Fragrance In Jar,5
1552,5,sst_attribute_rank,CLT B5-6,Fragrance In Jar,Moisturization,fr_Floral,0.0,0,1.0,FC,IN,CLT B5-6 Fragrance In Jar,6
1553,5,sst_attribute_rank,CLT B5-6,Fragrance In Jar,Moisturization,fr_Musky,0.0,0,1.0,FC,IN,CLT B5-6 Fragrance In Jar,7
1554,5,sst_attribute_rank,CLT B5-6,Fragrance In Jar,Moisturization,fr_Powdery,0.0,0,1.0,FC,IN,CLT B5-6 Fragrance In Jar,8
1555,5,sst_attribute_rank,CLT B5-6,Fragrance In Jar,Moisturization,fr_Citrus,0.0,0,1.0,FC,IN,CLT B5-6 Fragrance In Jar,9
1556,5,sst_attribute_rank,CLT B5-6,Fragrance In Jar,Moisturization,fr_Gourmand,0.0,0,1.0,FC,IN,CLT B5-6 Fragrance In Jar,10
1557,5,sst_attribute_rank,CLT B5-6,Fragrance In Jar,Moisturization,fr_Woody,0.0,0,1.0,FC,IN,CLT B5-6 Fragrance In Jar,11
1558,5,sst_attribute_rank,CLT B5-6,Fragrance In Jar,Moisturization,fr_Watery_Marine,0.0,0,1.0,FC,IN,CLT B5-6 Fragrance In Jar,12
1559,5,sst_attribute_rank,CLT B5-6,Fragrance In Jar,Moisturization,fr_Fruity,0.0,0,1.0,FC,IN,CLT B5-6 Fragrance In Jar,13
1560,5,sst_attribute_rank,CLT B5-6,Fragrance In Jar,Moisturization,fr_Amber,0.0,0,1.0,FC,IN,CLT B5-6 Fragrance In Jar,14
1561,2,sst_attribute_rank,CLT B9-10,Skin feel IMD,Moisturization,in_thickness,11.71,0,75.67,FC,IN,CLT B9-10 Skin feel IMD,1
1562,2,sst_attribute_rank,CLT B9-10,Skin feel IMD,Moisturization,ft_sticky,4.93,0,74.43,FC,IN,CLT B9-10 Skin feel IMD,2
1563,2,sst_attribute_rank,CLT B9-10,Skin feel IMD,Moisturization,in_greasy_imm,2.5,0,79.21,FC,IN,CLT B9-10 Skin feel IMD,3
1564,2,sst_attribute_rank,CLT B9-10,Skin feel IMD,Moisturization,oily_ft,0.0,0,92.07,FC,IN,CLT B9-10 Skin feel IMD,4
1565,2,sst_attribute_rank,CLT B9-10,Skin feel IMD,Moisturization,in_greasy,3.93,0,82.86,FC,IN,CLT B9-10 Skin feel IMD,5
1566,2,sst_attribute_rank,CLT B9-10,Skin feel IMD,Moisturization,in_absorption,24.29,0,115.0,FC,IN,CLT B9-10 Skin feel IMD,6
1567,2,sst_attribute_rank,CLT B9-10,Skin feel IMD,Moisturization,in_creamy,7.0,0,65.33,FC,IN,CLT B9-10 Skin feel IMD,7
1568,2,sst_attribute_rank,CLT B9-10,Skin feel IMD,Moisturization,in_sticky_imm,4.29,0,73.21,FC,IN,CLT B9-10 Skin feel IMD,8
1569,2,sst_attribute_rank,CLT B9-10,Skin feel IMD,Moisturization,softness_imm,7.29,0,72.86,FC,IN,CLT B9-10 Skin feel IMD,9
374,9,sst_attribute_rank,CLT B3-4,Skin Look 10min,Instant glow,patchy_residue_in,7.86,0,79.6,FC,IN,CLT B3-4 Skin Look 10min,1
375,9,sst_attribute_rank,CLT B3-4,Skin Look 10min,Instant glow,in_gloss_5min,3.57,0,76.14,FC,IN,CLT B3-4 Skin Look 10min,2
376,9,sst_attribute_rank,CLT B3-4,Skin Look 10min,Instant glow,in_coverage_imm,4.64,0,70.27,FC,IN,CLT B3-4 Skin Look 10min,3
377,9,sst_attribute_rank,CLT B3-4,Skin Look 10min,Instant glow,in_gloss_imm,4.29,0,82.86,FC,IN,CLT B3-4 Skin Look 10min,4
378,9,sst_attribute_rank,CLT B3-4,Skin Look 10min,Instant glow,in_invisibility_imm,5.43,0,51.33,FC,IN,CLT B3-4 Skin Look 10min,5
379,9,sst_attribute_rank,CLT B3-4,Skin Look 10min,Instant glow,in_coverage_5min,4.64,0,67.47,FC,IN,CLT B3-4 Skin Look 10min,6
380,9,sst_attribute_rank,CLT B3-4,Skin Look 10min,Instant glow,patchy_residue_imm,4.29,0,39.07,FC,IN,CLT B3-4 Skin Look 10min,7
381,9,sst_attribute_rank,CLT B3-4,Skin Look 10min,Instant glow,in_invisibility_5min,4.93,0,50.67,FC,IN,CLT B3-4 Skin Look 10min,8
382,9,sst_attribute_rank,CLT B3-4,Skin Look 10min,Instant glow,in_powderylook_5min,4.64,0,22.73,FC,IN,CLT B3-4 Skin Look 10min,9
383,9,sst_attribute_rank,CLT B3-4,Skin Look 10min,Instant glow,in_powderylook_imm,4.64,0,41.79,FC,IN,CLT B3-4 Skin Look 10min,10
384,9,sst_attribute_rank,CLT B3-4,Skin Look 10min,Instant glow,in_fairness_5min,4.33,0,43.21,FC,IN,CLT B3-4 Skin Look 10min,11
385,9,sst_attribute_rank,CLT B3-4,Skin Look 10min,Instant glow,in_fairness_imm,4.33,0,50.21,FC,IN,CLT B3-4 Skin Look 10min,12
386,9,sst_attribute_rank,CLT B3-4,Skin Look 10min,Instant glow,shimmer,0.0,0,58.8,FC,IN,CLT B3-4 Skin Look 10min,13
387,1,sst_attribute_rank,CLT B7-8,Skin feel IU,Instant glow,in_absorption,24.29,0,115.0,FC,IN,CLT B7-8 Skin feel IU,1
388,1,sst_attribute_rank,CLT B7-8,Skin feel IU,Instant glow,in_creamy,7.0,0,65.33,FC,IN,CLT B7-8 Skin feel IU,2
389,1,sst_attribute_rank,CLT B7-8,Skin feel IU,Instant glow,oily_ft,0.0,0,92.07,FC,IN,CLT B7-8 Skin feel IU,3
390,1,sst_attribute_rank,CLT B7-8,Skin feel IU,Instant glow,in_cooling,0.0,0,27.93,FC,IN,CLT B7-8 Skin feel IU,4
391,1,sst_attribute_rank,CLT B7-8,Skin feel IU,Instant glow,in_wet,1.79,0,89.79,FC,IN,CLT B7-8 Skin feel IU,5
392,1,sst_attribute_rank,CLT B7-8,Skin feel IU,Instant glow,in_greasy,3.93,0,82.86,FC,IN,CLT B7-8 Skin feel IU,6
393,1,sst_attribute_rank,CLT B7-8,Skin feel IU,Instant glow,ft_stringiness,3.57,0,67.36,FC,IN,CLT B7-8 Skin feel IU,7
394,1,sst_attribute_rank,CLT B7-8,Skin feel IU,Instant glow,ft_peaking,3.57,0,78.27,FC,IN,CLT B7-8 Skin feel IU,8
395,1,sst_attribute_rank,CLT B7-8,Skin feel IU,Instant glow,in_spreadability,35.93,0,95.64,FC,IN,CLT B7-8 Skin feel IU,9
396,1,sst_attribute_rank,CLT B7-8,Skin feel IU,Instant glow,ft_sticky,4.93,0,74.43,FC,IN,CLT B7-8 Skin feel IU,10
397,1,sst_attribute_rank,CLT B7-8,Skin feel IU,Instant glow,in_thickness,11.71,0,75.67,FC,IN,CLT B7-8 Skin feel IU,11
398,1,sst_attribute_rank,CLT B7-8,Skin feel IU,Instant glow,ft_firmness,6.71,0,79.57,FC,IN,CLT B7-8 Skin feel IU,12
399,8,sst_attribute_rank,CLT M1-2,APPEARANCE,Instant glow,integrity_of_shape_rate,9.86,0,85.73,FC,IN,CLT M1-2 APPEARANCE,1
400,8,sst_attribute_rank,CLT M1-2,APPEARANCE,Instant glow,integrity_of_shape_10s_rate,9.86,0,86.2,FC,IN,CLT M1-2 APPEARANCE,2
401,8,sst_attribute_rank,CLT M1-2,APPEARANCE,Instant glow,product_b,63.0,0,255.0,FC,IN,CLT M1-2 APPEARANCE,3
402,8,sst_attribute_rank,CLT M1-2,APPEARANCE,Instant glow,transparency_rate,8.0,0,96.93,FC,IN,CLT M1-2 APPEARANCE,4
403,8,sst_attribute_rank,CLT M1-2,APPEARANCE,Instant glow,product_g,133.0,0,255.0,FC,IN,CLT M1-2 APPEARANCE,5
404,8,sst_attribute_rank,CLT M1-2,APPEARANCE,Instant glow,lightness_of_color,1.0,0,17.0,FC,IN,CLT M1-2 APPEARANCE,6
405,8,sst_attribute_rank,CLT M1-2,APPEARANCE,Instant glow,ft_firmness,6.71,0,79.57,FC,IN,CLT M1-2 APPEARANCE,7
406,8,sst_attribute_rank,CLT M1-2,APPEARANCE,Instant glow,amount_of_particles,1.0,0,6.0,FC,IN,CLT M1-2 APPEARANCE,8
409,8,sst_attribute_rank,CLT M1-2,APPEARANCE,Instant glow,product_r,143.0,0,255.0,FC,IN,CLT M1-2 APPEARANCE,11
410,7,sst_attribute_rank,CLT B17-18,Fragrance 10min,Instant glow,in_fragrance_imm,24.36,0,74.73,FC,IN,CLT B17-18 Fragrance 10min,1
411,7,sst_attribute_rank,CLT B17-18,Fragrance 10min,Instant glow,in_fragrance_5min,15.43,0,64.07,FC,IN,CLT B17-18 Fragrance 10min,2
412,7,sst_attribute_rank,CLT B17-18,Fragrance 10min,Instant glow,fr_Aromatic_Herbeaous,0.0,0,1.0,FC,IN,CLT B17-18 Fragrance 10min,3
413,7,sst_attribute_rank,CLT B17-18,Fragrance 10min,Instant glow,fr_Citrus,0.0,0,1.0,FC,IN,CLT B17-18 Fragrance 10min,4
414,7,sst_attribute_rank,CLT B17-18,Fragrance 10min,Instant glow,fr_Musky,0.0,0,1.0,FC,IN,CLT B17-18 Fragrance 10min,5
415,7,sst_attribute_rank,CLT B17-18,Fragrance 10min,Instant glow,fr_Floral,0.0,0,1.0,FC,IN,CLT B17-18 Fragrance 10min,6
416,7,sst_attribute_rank,CLT B17-18,Fragrance 10min,Instant glow,fr_Green,0.0,0,1.0,FC,IN,CLT B17-18 Fragrance 10min,7
417,7,sst_attribute_rank,CLT B17-18,Fragrance 10min,Instant glow,fr_Watery_Marine,0.0,0,1.0,FC,IN,CLT B17-18 Fragrance 10min,8
418,7,sst_attribute_rank,CLT B17-18,Fragrance 10min,Instant glow,fr_Fruity,0.0,0,1.0,FC,IN,CLT B17-18 Fragrance 10min,9
419,7,sst_attribute_rank,CLT B17-18,Fragrance 10min,Instant glow,fr_Aldehydic,0.0,0,1.0,FC,IN,CLT B17-18 Fragrance 10min,10
420,7,sst_attribute_rank,CLT B17-18,Fragrance 10min,Instant glow,fr_Powdery,0.0,0,1.0,FC,IN,CLT B17-18 Fragrance 10min,11
421,7,sst_attribute_rank,CLT B17-18,Fragrance 10min,Instant glow,fr_Woody,0.0,0,1.0,FC,IN,CLT B17-18 Fragrance 10min,12
422,7,sst_attribute_rank,CLT B17-18,Fragrance 10min,Instant glow,fr_Gourmand,0.0,0,1.0,FC,IN,CLT B17-18 Fragrance 10min,13
423,7,sst_attribute_rank,CLT B17-18,Fragrance 10min,Instant glow,fr_Amber,0.0,0,1.0,FC,IN,CLT B17-18 Fragrance 10min,14
424,4,sst_attribute_rank,CLT B1-2,Skin Look IMD,Instant brightness,in_gloss_5min,3.57,0,76.14,FC,IN,CLT B1-2 Skin Look IMD,1
425,4,sst_attribute_rank,CLT B1-2,Skin Look IMD,Instant brightness,patchy_residue_in,7.86,0,79.6,FC,IN,CLT B1-2 Skin Look IMD,2
426,4,sst_attribute_rank,CLT B1-2,Skin Look IMD,Instant brightness,patchy_residue_imm,4.29,0,39.07,FC,IN,CLT B1-2 Skin Look IMD,3
427,4,sst_attribute_rank,CLT B1-2,Skin Look IMD,Instant brightness,in_gloss_imm,4.29,0,82.86,FC,IN,CLT B1-2 Skin Look IMD,4
428,4,sst_attribute_rank,CLT B1-2,Skin Look IMD,Instant brightness,in_invisibility_imm,5.43,0,51.33,FC,IN,CLT B1-2 Skin Look IMD,5
429,4,sst_attribute_rank,CLT B1-2,Skin Look IMD,Instant brightness,in_coverage_imm,4.64,0,70.27,FC,IN,CLT B1-2 Skin Look IMD,6
430,4,sst_attribute_rank,CLT B1-2,Skin Look IMD,Instant brightness,in_invisibility_5min,4.93,0,50.67,FC,IN,CLT B1-2 Skin Look IMD,7
431,4,sst_attribute_rank,CLT B1-2,Skin Look IMD,Instant brightness,in_powderylook_5min,4.64,0,22.73,FC,IN,CLT B1-2 Skin Look IMD,8
432,4,sst_attribute_rank,CLT B1-2,Skin Look IMD,Instant brightness,in_coverage_5min,4.64,0,67.47,FC,IN,CLT B1-2 Skin Look IMD,9
433,4,sst_attribute_rank,CLT B1-2,Skin Look IMD,Instant brightness,in_fairness_5min,4.33,0,43.21,FC,IN,CLT B1-2 Skin Look IMD,10
434,4,sst_attribute_rank,CLT B1-2,Skin Look IMD,Instant brightness,in_fairness_imm,4.33,0,50.21,FC,IN,CLT B1-2 Skin Look IMD,11
435,4,sst_attribute_rank,CLT B1-2,Skin Look IMD,Instant brightness,in_powderylook_imm,4.64,0,41.79,FC,IN,CLT B1-2 Skin Look IMD,12
436,4,sst_attribute_rank,CLT B1-2,Skin Look IMD,Instant brightness,shimmer,0.0,0,58.8,FC,IN,CLT B1-2 Skin Look IMD,13
437,3,sst_attribute_rank,CLT B13-14,CLT Fragrance IMD,Instant brightness,in_fragrance_imm,24.36,0,74.73,FC,IN,CLT B13-14 CLT Fragrance IMD,1
438,3,sst_attribute_rank,CLT B13-14,CLT Fragrance IMD,Instant brightness,in_fragrance_5min,15.43,0,64.07,FC,IN,CLT B13-14 CLT Fragrance IMD,2
439,3,sst_attribute_rank,CLT B13-14,CLT Fragrance IMD,Instant brightness,fr_Green,0.0,0,1.0,FC,IN,CLT B13-14 CLT Fragrance IMD,3
440,3,sst_attribute_rank,CLT B13-14,CLT Fragrance IMD,Instant brightness,fr_Musky,0.0,0,1.0,FC,IN,CLT B13-14 CLT Fragrance IMD,4
441,3,sst_attribute_rank,CLT B13-14,CLT Fragrance IMD,Instant brightness,fr_Aromatic_Herbeaous,0.0,0,1.0,FC,IN,CLT B13-14 CLT Fragrance IMD,5
442,3,sst_attribute_rank,CLT B13-14,CLT Fragrance IMD,Instant brightness,fr_Watery_Marine,0.0,0,1.0,FC,IN,CLT B13-14 CLT Fragrance IMD,6
443,3,sst_attribute_rank,CLT B13-14,CLT Fragrance IMD,Instant brightness,fr_Citrus,0.0,0,1.0,FC,IN,CLT B13-14 CLT Fragrance IMD,7
444,3,sst_attribute_rank,CLT B13-14,CLT Fragrance IMD,Instant brightness,fr_Floral,0.0,0,1.0,FC,IN,CLT B13-14 CLT Fragrance IMD,8
445,1,sst_attribute_rank,CLT B7-8,Skin feel IU,Instant brightness,in_thickness,11.71,0,75.67,FC,IN,CLT B7-8 Skin feel IU,1
446,1,sst_attribute_rank,CLT B7-8,Skin feel IU,Instant brightness,in_greasy,3.93,0,82.86,FC,IN,CLT B7-8 Skin feel IU,2
447,1,sst_attribute_rank,CLT B7-8,Skin feel IU,Instant brightness,ft_peaking,3.57,0,78.27,FC,IN,CLT B7-8 Skin feel IU,3
448,1,sst_attribute_rank,CLT B7-8,Skin feel IU,Instant brightness,oily_ft,0.0,0,92.07,FC,IN,CLT B7-8 Skin feel IU,4
449,1,sst_attribute_rank,CLT B7-8,Skin feel IU,Instant brightness,ft_stringiness,3.57,0,67.36,FC,IN,CLT B7-8 Skin feel IU,5
450,1,sst_attribute_rank,CLT B7-8,Skin feel IU,Instant brightness,in_absorption,24.29,0,115.0,FC,IN,CLT B7-8 Skin feel IU,6
451,1,sst_attribute_rank,CLT B7-8,Skin feel IU,Instant brightness,ft_sticky,4.93,0,74.43,FC,IN,CLT B7-8 Skin feel IU,7
452,1,sst_attribute_rank,CLT B7-8,Skin feel IU,Instant brightness,in_creamy,7.0,0,65.33,FC,IN,CLT B7-8 Skin feel IU,8
453,1,sst_attribute_rank,CLT B7-8,Skin feel IU,Instant brightness,ft_firmness,6.71,0,79.57,FC,IN,CLT B7-8 Skin feel IU,9
454,1,sst_attribute_rank,CLT B7-8,Skin feel IU,Instant brightness,in_wet,1.79,0,89.79,FC,IN,CLT B7-8 Skin feel IU,10
455,1,sst_attribute_rank,CLT B7-8,Skin feel IU,Instant brightness,in_spreadability,35.93,0,95.64,FC,IN,CLT B7-8 Skin feel IU,11
456,9,sst_attribute_rank,CLT B3-4,Skin Look 10min,Instant brightness,patchy_residue_in,7.86,0,79.6,FC,IN,CLT B3-4 Skin Look 10min,1
457,9,sst_attribute_rank,CLT B3-4,Skin Look 10min,Instant brightness,in_gloss_5min,3.57,0,76.14,FC,IN,CLT B3-4 Skin Look 10min,2
458,9,sst_attribute_rank,CLT B3-4,Skin Look 10min,Instant brightness,in_coverage_imm,4.64,0,70.27,FC,IN,CLT B3-4 Skin Look 10min,3
459,9,sst_attribute_rank,CLT B3-4,Skin Look 10min,Instant brightness,in_invisibility_imm,5.43,0,51.33,FC,IN,CLT B3-4 Skin Look 10min,4
460,9,sst_attribute_rank,CLT B3-4,Skin Look 10min,Instant brightness,in_gloss_imm,4.29,0,82.86,FC,IN,CLT B3-4 Skin Look 10min,5
461,9,sst_attribute_rank,CLT B3-4,Skin Look 10min,Instant brightness,in_powderylook_5min,4.64,0,22.73,FC,IN,CLT B3-4 Skin Look 10min,6
462,9,sst_attribute_rank,CLT B3-4,Skin Look 10min,Instant brightness,in_fairness_imm,4.33,0,50.21,FC,IN,CLT B3-4 Skin Look 10min,7
463,9,sst_attribute_rank,CLT B3-4,Skin Look 10min,Instant brightness,in_powderylook_imm,4.64,0,41.79,FC,IN,CLT B3-4 Skin Look 10min,8
464,9,sst_attribute_rank,CLT B3-4,Skin Look 10min,Instant brightness,patchy_residue_imm,4.29,0,39.07,FC,IN,CLT B3-4 Skin Look 10min,9
465,9,sst_attribute_rank,CLT B3-4,Skin Look 10min,Instant brightness,in_invisibility_5min,4.93,0,50.67,FC,IN,CLT B3-4 Skin Look 10min,10
466,9,sst_attribute_rank,CLT B3-4,Skin Look 10min,Instant brightness,in_coverage_5min,4.64,0,67.47,FC,IN,CLT B3-4 Skin Look 10min,11
467,9,sst_attribute_rank,CLT B3-4,Skin Look 10min,Instant brightness,in_fairness_5min,4.33,0,43.21,FC,IN,CLT B3-4 Skin Look 10min,12
468,9,sst_attribute_rank,CLT B3-4,Skin Look 10min,Instant brightness,shimmer,0.0,0,58.8,FC,IN,CLT B3-4 Skin Look 10min,13
469,10,sst_attribute_rank,CLT B15-16,CLT Fingertip,Instant brightness,in_thickness,11.71,0,75.67,FC,IN,CLT B15-16 CLT Fingertip,1
470,10,sst_attribute_rank,CLT B15-16,CLT Fingertip,Instant brightness,in_greasy,3.93,0,82.86,FC,IN,CLT B15-16 CLT Fingertip,2
471,10,sst_attribute_rank,CLT B15-16,CLT Fingertip,Instant brightness,ft_firmness,6.71,0,79.57,FC,IN,CLT B15-16 CLT Fingertip,3
472,10,sst_attribute_rank,CLT B15-16,CLT Fingertip,Instant brightness,in_sticky_imm,4.29,0,73.21,FC,IN,CLT B15-16 CLT Fingertip,4
473,10,sst_attribute_rank,CLT B15-16,CLT Fingertip,Instant brightness,ft_stringiness,3.57,0,67.36,FC,IN,CLT B15-16 CLT Fingertip,5
474,10,sst_attribute_rank,CLT B15-16,CLT Fingertip,Instant brightness,oily_ft,0.0,0,92.07,FC,IN,CLT B15-16 CLT Fingertip,6
475,10,sst_attribute_rank,CLT B15-16,CLT Fingertip,Instant brightness,in_drag_imm,7.86,0,79.73,FC,IN,CLT B15-16 CLT Fingertip,7
476,10,sst_attribute_rank,CLT B15-16,CLT Fingertip,Instant brightness,in_oily,0.57,0,82.5,FC,IN,CLT B15-16 CLT Fingertip,8
477,10,sst_attribute_rank,CLT B15-16,CLT Fingertip,Instant brightness,in_waxy_imm,5.0,0,31.53,FC,IN,CLT B15-16 CLT Fingertip,9
478,10,sst_attribute_rank,CLT B15-16,CLT Fingertip,Instant brightness,in_spreadability,35.93,0,95.64,FC,IN,CLT B15-16 CLT Fingertip,10
479,10,sst_attribute_rank,CLT B15-16,CLT Fingertip,Instant brightness,in_creamy,7.0,0,65.33,FC,IN,CLT B15-16 CLT Fingertip,11
480,10,sst_attribute_rank,CLT B15-16,CLT Fingertip,Instant brightness,in_greasy_imm,2.5,0,79.21,FC,IN,CLT B15-16 CLT Fingertip,12
481,10,sst_attribute_rank,CLT B15-16,CLT Fingertip,Instant brightness,amount_of_residue,22.21,0,93.79,FC,IN,CLT B15-16 CLT Fingertip,13
482,10,sst_attribute_rank,CLT B15-16,CLT Fingertip,Instant brightness,in_silky_imm,9.67,0,61.29,FC,IN,CLT B15-16 CLT Fingertip,14
483,10,sst_attribute_rank,CLT B15-16,CLT Fingertip,Instant brightness,ft_bounciness,1.14,0,39.64,FC,IN,CLT B15-16 CLT Fingertip,15
484,10,sst_attribute_rank,CLT B15-16,CLT Fingertip,Instant brightness,in_wet,1.79,0,89.79,FC,IN,CLT B15-16 CLT Fingertip,16
485,10,sst_attribute_rank,CLT B15-16,CLT Fingertip,Instant brightness,ft_peaking,3.57,0,78.27,FC,IN,CLT B15-16 CLT Fingertip,17
486,10,sst_attribute_rank,CLT B15-16,CLT Fingertip,Instant brightness,ft_sticky,4.93,0,74.43,FC,IN,CLT B15-16 CLT Fingertip,18
487,10,sst_attribute_rank,CLT B15-16,CLT Fingertip,Instant brightness,in_oily_imm,0.64,0,79.64,FC,IN,CLT B15-16 CLT Fingertip,19
488,10,sst_attribute_rank,CLT B15-16,CLT Fingertip,Instant brightness,in_powdery_imm,5.14,0,80.36,FC,IN,CLT B15-16 CLT Fingertip,20
489,10,sst_attribute_rank,CLT B15-16,CLT Fingertip,Instant brightness,consistency_rate,10.07,0,89.64,FC,IN,CLT B15-16 CLT Fingertip,21
490,6,sst_attribute_rank,CLT B11-12,CLT Skin Feel 10min,Instant brightness,in_thickness,11.71,0,75.67,FC,IN,CLT B11-12 CLT Skin Feel 10min,1
491,6,sst_attribute_rank,CLT B11-12,CLT Skin Feel 10min,Instant brightness,in_greasy,3.93,0,82.86,FC,IN,CLT B11-12 CLT Skin Feel 10min,2
492,6,sst_attribute_rank,CLT B11-12,CLT Skin Feel 10min,Instant brightness,ft_firmness,6.71,0,79.57,FC,IN,CLT B11-12 CLT Skin Feel 10min,3
493,6,sst_attribute_rank,CLT B11-12,CLT Skin Feel 10min,Instant brightness,ft_sticky,4.93,0,74.43,FC,IN,CLT B11-12 CLT Skin Feel 10min,4
494,6,sst_attribute_rank,CLT B11-12,CLT Skin Feel 10min,Instant brightness,oily_ft,0.0,0,92.07,FC,IN,CLT B11-12 CLT Skin Feel 10min,5
495,6,sst_attribute_rank,CLT B11-12,CLT Skin Feel 10min,Instant brightness,in_sticky_5min,4.64,0,65.43,FC,IN,CLT B11-12 CLT Skin Feel 10min,6
496,6,sst_attribute_rank,CLT B11-12,CLT Skin Feel 10min,Instant brightness,in_drag_5min,9.5,0,71.4,FC,IN,CLT B11-12 CLT Skin Feel 10min,7
497,6,sst_attribute_rank,CLT B11-12,CLT Skin Feel 10min,Instant brightness,in_creamy,7.0,0,65.33,FC,IN,CLT B11-12 CLT Skin Feel 10min,8
2463,1,sst_attribute_rank,CLT B7-8,Skin feel IU,No sweating during the day,in_spreadability,35.93,0,95.64,FC,IN,CLT B7-8 Skin feel IU,5
2464,1,sst_attribute_rank,CLT B7-8,Skin feel IU,No sweating during the day,ft_stringiness,3.57,0,67.36,FC,IN,CLT B7-8 Skin feel IU,6
2465,1,sst_attribute_rank,CLT B7-8,Skin feel IU,No sweating during the day,oily_ft,0.0,0,92.07,FC,IN,CLT B7-8 Skin feel IU,7
2466,1,sst_attribute_rank,CLT B7-8,Skin feel IU,No sweating during the day,ft_peaking,3.57,0,78.27,FC,IN,CLT B7-8 Skin feel IU,8
2467,1,sst_attribute_rank,CLT B7-8,Skin feel IU,No sweating during the day,in_creamy,7.0,0,65.33,FC,IN,CLT B7-8 Skin feel IU,9
2468,1,sst_attribute_rank,CLT B7-8,Skin feel IU,No sweating during the day,ft_firmness,6.71,0,79.57,FC,IN,CLT B7-8 Skin feel IU,10
2469,1,sst_attribute_rank,CLT B7-8,Skin feel IU,No sweating during the day,ft_sticky,4.93,0,74.43,FC,IN,CLT B7-8 Skin feel IU,11
2470,1,sst_attribute_rank,CLT B7-8,Skin feel IU,No sweating during the day,in_thickness,11.71,0,75.67,FC,IN,CLT B7-8 Skin feel IU,12
2471,9,sst_attribute_rank,CLT B3-4,Skin Look 10min,No sweating during the day,in_gloss_imm,4.29,0,82.86,FC,IN,CLT B3-4 Skin Look 10min,1
2472,9,sst_attribute_rank,CLT B3-4,Skin Look 10min,No sweating during the day,patchy_residue_in,7.86,0,79.6,FC,IN,CLT B3-4 Skin Look 10min,2
2473,9,sst_attribute_rank,CLT B3-4,Skin Look 10min,No sweating during the day,in_gloss_5min,3.57,0,76.14,FC,IN,CLT B3-4 Skin Look 10min,3
2474,9,sst_attribute_rank,CLT B3-4,Skin Look 10min,No sweating during the day,patchy_residue_imm,4.29,0,39.07,FC,IN,CLT B3-4 Skin Look 10min,4
2475,9,sst_attribute_rank,CLT B3-4,Skin Look 10min,No sweating during the day,in_invisibility_5min,4.93,0,50.67,FC,IN,CLT B3-4 Skin Look 10min,5
2476,9,sst_attribute_rank,CLT B3-4,Skin Look 10min,No sweating during the day,in_invisibility_imm,5.43,0,51.33,FC,IN,CLT B3-4 Skin Look 10min,6
2477,9,sst_attribute_rank,CLT B3-4,Skin Look 10min,No sweating during the day,in_powderylook_5min,4.64,0,22.73,FC,IN,CLT B3-4 Skin Look 10min,7
2478,9,sst_attribute_rank,CLT B3-4,Skin Look 10min,No sweating during the day,in_powderylook_imm,4.64,0,41.79,FC,IN,CLT B3-4 Skin Look 10min,8
2479,9,sst_attribute_rank,CLT B3-4,Skin Look 10min,No sweating during the day,in_fairness_imm,4.33,0,50.21,FC,IN,CLT B3-4 Skin Look 10min,9
2480,9,sst_attribute_rank,CLT B3-4,Skin Look 10min,No sweating during the day,in_fairness_5min,4.33,0,43.21,FC,IN,CLT B3-4 Skin Look 10min,10
2481,9,sst_attribute_rank,CLT B3-4,Skin Look 10min,No sweating during the day,in_coverage_imm,4.64,0,70.27,FC,IN,CLT B3-4 Skin Look 10min,11
2482,9,sst_attribute_rank,CLT B3-4,Skin Look 10min,No sweating during the day,in_coverage_5min,4.64,0,67.47,FC,IN,CLT B3-4 Skin Look 10min,12
2483,9,sst_attribute_rank,CLT B3-4,Skin Look 10min,No sweating during the day,shimmer,0.0,0,58.8,FC,IN,CLT B3-4 Skin Look 10min,13
2484,4,sst_attribute_rank,CLT B1-2,Skin Look IMD,No sweating during the day,in_gloss_5min,3.57,0,76.14,FC,IN,CLT B1-2 Skin Look IMD,1
2485,4,sst_attribute_rank,CLT B1-2,Skin Look IMD,No sweating during the day,in_gloss_imm,4.29,0,82.86,FC,IN,CLT B1-2 Skin Look IMD,2
2486,4,sst_attribute_rank,CLT B1-2,Skin Look IMD,No sweating during the day,patchy_residue_in,7.86,0,79.6,FC,IN,CLT B1-2 Skin Look IMD,3
2487,4,sst_attribute_rank,CLT B1-2,Skin Look IMD,No sweating during the day,in_invisibility_5min,4.93,0,50.67,FC,IN,CLT B1-2 Skin Look IMD,4
2488,4,sst_attribute_rank,CLT B1-2,Skin Look IMD,No sweating during the day,in_invisibility_imm,5.43,0,51.33,FC,IN,CLT B1-2 Skin Look IMD,5
2489,4,sst_attribute_rank,CLT B1-2,Skin Look IMD,No sweating during the day,patchy_residue_imm,4.29,0,39.07,FC,IN,CLT B1-2 Skin Look IMD,6
2490,4,sst_attribute_rank,CLT B1-2,Skin Look IMD,No sweating during the day,in_powderylook_5min,4.64,0,22.73,FC,IN,CLT B1-2 Skin Look IMD,7
2491,4,sst_attribute_rank,CLT B1-2,Skin Look IMD,No sweating during the day,in_fairness_5min,4.33,0,43.21,FC,IN,CLT B1-2 Skin Look IMD,8
2492,4,sst_attribute_rank,CLT B1-2,Skin Look IMD,No sweating during the day,in_coverage_imm,4.64,0,70.27,FC,IN,CLT B1-2 Skin Look IMD,9
2493,4,sst_attribute_rank,CLT B1-2,Skin Look IMD,No sweating during the day,in_powderylook_imm,4.64,0,41.79,FC,IN,CLT B1-2 Skin Look IMD,10
2494,4,sst_attribute_rank,CLT B1-2,Skin Look IMD,No sweating during the day,in_fairness_imm,4.33,0,50.21,FC,IN,CLT B1-2 Skin Look IMD,11
2495,4,sst_attribute_rank,CLT B1-2,Skin Look IMD,No sweating during the day,in_coverage_5min,4.64,0,67.47,FC,IN,CLT B1-2 Skin Look IMD,12
2496,4,sst_attribute_rank,CLT B1-2,Skin Look IMD,No sweating during the day,shimmer,0.0,0,58.8,FC,IN,CLT B1-2 Skin Look IMD,13
2497,3,sst_attribute_rank,CLT B13-14,CLT Fragrance IMD,No patchy look,in_fragrance_imm,24.36,0,74.73,FC,IN,CLT B13-14 CLT Fragrance IMD,1
2498,3,sst_attribute_rank,CLT B13-14,CLT Fragrance IMD,No patchy look,in_fragrance_5min,15.43,0,64.07,FC,IN,CLT B13-14 CLT Fragrance IMD,2
2499,3,sst_attribute_rank,CLT B13-14,CLT Fragrance IMD,No patchy look,fr_Green,0.0,0,1.0,FC,IN,CLT B13-14 CLT Fragrance IMD,3
2500,3,sst_attribute_rank,CLT B13-14,CLT Fragrance IMD,No patchy look,fr_Musky,0.0,0,1.0,FC,IN,CLT B13-14 CLT Fragrance IMD,4
2501,3,sst_attribute_rank,CLT B13-14,CLT Fragrance IMD,No patchy look,fr_Aromatic_Herbeaous,0.0,0,1.0,FC,IN,CLT B13-14 CLT Fragrance IMD,5
2502,3,sst_attribute_rank,CLT B13-14,CLT Fragrance IMD,No patchy look,fr_Floral,0.0,0,1.0,FC,IN,CLT B13-14 CLT Fragrance IMD,6
2503,3,sst_attribute_rank,CLT B13-14,CLT Fragrance IMD,No patchy look,fr_Watery_Marine,0.0,0,1.0,FC,IN,CLT B13-14 CLT Fragrance IMD,7
2504,3,sst_attribute_rank,CLT B13-14,CLT Fragrance IMD,No patchy look,fr_Citrus,0.0,0,1.0,FC,IN,CLT B13-14 CLT Fragrance IMD,8
2505,3,sst_attribute_rank,CLT B13-14,CLT Fragrance IMD,No patchy look,fr_Powdery,0.0,0,1.0,FC,IN,CLT B13-14 CLT Fragrance IMD,9
2506,3,sst_attribute_rank,CLT B13-14,CLT Fragrance IMD,No patchy look,fr_Aldehydic,0.0,0,1.0,FC,IN,CLT B13-14 CLT Fragrance IMD,10
2507,3,sst_attribute_rank,CLT B13-14,CLT Fragrance IMD,No patchy look,fr_Fruity,0.0,0,1.0,FC,IN,CLT B13-14 CLT Fragrance IMD,11
2508,3,sst_attribute_rank,CLT B13-14,CLT Fragrance IMD,No patchy look,fr_Amber,0.0,0,1.0,FC,IN,CLT B13-14 CLT Fragrance IMD,12
2509,3,sst_attribute_rank,CLT B13-14,CLT Fragrance IMD,No patchy look,fr_Gourmand,0.0,0,1.0,FC,IN,CLT B13-14 CLT Fragrance IMD,13
2510,3,sst_attribute_rank,CLT B13-14,CLT Fragrance IMD,No patchy look,fr_Woody,0.0,0,1.0,FC,IN,CLT B13-14 CLT Fragrance IMD,14
2511,1,sst_attribute_rank,CLT B7-8,Skin feel IU,No patchy look,in_absorption,24.29,0,115.0,FC,IN,CLT B7-8 Skin feel IU,1
2512,1,sst_attribute_rank,CLT B7-8,Skin feel IU,No patchy look,in_cooling,0.0,0,27.93,FC,IN,CLT B7-8 Skin feel IU,2
2513,1,sst_attribute_rank,CLT B7-8,Skin feel IU,No patchy look,in_creamy,7.0,0,65.33,FC,IN,CLT B7-8 Skin feel IU,3
2514,1,sst_attribute_rank,CLT B7-8,Skin feel IU,No patchy look,in_greasy,3.93,0,82.86,FC,IN,CLT B7-8 Skin feel IU,4
2515,1,sst_attribute_rank,CLT B7-8,Skin feel IU,No patchy look,ft_peaking,3.57,0,78.27,FC,IN,CLT B7-8 Skin feel IU,5
2516,1,sst_attribute_rank,CLT B7-8,Skin feel IU,No patchy look,oily_ft,0.0,0,92.07,FC,IN,CLT B7-8 Skin feel IU,6
2517,1,sst_attribute_rank,CLT B7-8,Skin feel IU,No patchy look,in_wet,1.79,0,89.79,FC,IN,CLT B7-8 Skin feel IU,7
2518,1,sst_attribute_rank,CLT B7-8,Skin feel IU,No patchy look,in_spreadability,35.93,0,95.64,FC,IN,CLT B7-8 Skin feel IU,8
2519,1,sst_attribute_rank,CLT B7-8,Skin feel IU,No patchy look,ft_firmness,6.71,0,79.57,FC,IN,CLT B7-8 Skin feel IU,9
2520,1,sst_attribute_rank,CLT B7-8,Skin feel IU,No patchy look,ft_sticky,4.93,0,74.43,FC,IN,CLT B7-8 Skin feel IU,10
2521,1,sst_attribute_rank,CLT B7-8,Skin feel IU,No patchy look,in_thickness,11.71,0,75.67,FC,IN,CLT B7-8 Skin feel IU,11
2522,1,sst_attribute_rank,CLT B7-8,Skin feel IU,No patchy look,ft_stringiness,3.57,0,67.36,FC,IN,CLT B7-8 Skin feel IU,12
2523,2,sst_attribute_rank,CLT B9-10,Skin feel IMD,No patchy look,in_thickness,11.71,0,75.67,FC,IN,CLT B9-10 Skin feel IMD,1
2524,2,sst_attribute_rank,CLT B9-10,Skin feel IMD,No patchy look,ft_sticky,4.93,0,74.43,FC,IN,CLT B9-10 Skin feel IMD,2
2525,2,sst_attribute_rank,CLT B9-10,Skin feel IMD,No patchy look,ft_peaking,3.57,0,78.27,FC,IN,CLT B9-10 Skin feel IMD,3
2526,2,sst_attribute_rank,CLT B9-10,Skin feel IMD,No patchy look,in_greasy,3.93,0,82.86,FC,IN,CLT B9-10 Skin feel IMD,4
2527,2,sst_attribute_rank,CLT B9-10,Skin feel IMD,No patchy look,oily_ft,0.0,0,92.07,FC,IN,CLT B9-10 Skin feel IMD,5
2528,2,sst_attribute_rank,CLT B9-10,Skin feel IMD,No patchy look,in_creamy,7.0,0,65.33,FC,IN,CLT B9-10 Skin feel IMD,6
2529,2,sst_attribute_rank,CLT B9-10,Skin feel IMD,No patchy look,in_absorption,24.29,0,115.0,FC,IN,CLT B9-10 Skin feel IMD,7
2530,2,sst_attribute_rank,CLT B9-10,Skin feel IMD,No patchy look,in_greasy_imm,2.5,0,79.21,FC,IN,CLT B9-10 Skin feel IMD,8
2531,2,sst_attribute_rank,CLT B9-10,Skin feel IMD,No patchy look,softness_imm,7.29,0,72.86,FC,IN,CLT B9-10 Skin feel IMD,9
2532,2,sst_attribute_rank,CLT B9-10,Skin feel IMD,No patchy look,in_wet,1.79,0,89.79,FC,IN,CLT B9-10 Skin feel IMD,10
2533,2,sst_attribute_rank,CLT B9-10,Skin feel IMD,No patchy look,in_oily_imm,0.64,0,79.64,FC,IN,CLT B9-10 Skin feel IMD,11
2534,2,sst_attribute_rank,CLT B9-10,Skin feel IMD,No patchy look,in_sticky_imm,4.29,0,73.21,FC,IN,CLT B9-10 Skin feel IMD,12
2535,2,sst_attribute_rank,CLT B9-10,Skin feel IMD,No patchy look,amount_of_residue,22.21,0,93.79,FC,IN,CLT B9-10 Skin feel IMD,13
2536,2,sst_attribute_rank,CLT B9-10,Skin feel IMD,No patchy look,in_cooling,0.0,0,27.93,FC,IN,CLT B9-10 Skin feel IMD,14
2537,2,sst_attribute_rank,CLT B9-10,Skin feel IMD,No patchy look,ft_stringiness,3.57,0,67.36,FC,IN,CLT B9-10 Skin feel IMD,15
2538,2,sst_attribute_rank,CLT B9-10,Skin feel IMD,No patchy look,in_spreadability,35.93,0,95.64,FC,IN,CLT B9-10 Skin feel IMD,16
2539,2,sst_attribute_rank,CLT B9-10,Skin feel IMD,No patchy look,in_drag_imm,7.86,0,79.73,FC,IN,CLT B9-10 Skin feel IMD,17
2540,2,sst_attribute_rank,CLT B9-10,Skin feel IMD,No patchy look,ft_firmness,6.71,0,79.57,FC,IN,CLT B9-10 Skin feel IMD,18
2541,9,sst_attribute_rank,CLT B3-4,Skin Look 10min,No patchy look,patchy_residue_in,7.86,0,79.6,FC,IN,CLT B3-4 Skin Look 10min,1
2542,9,sst_attribute_rank,CLT B3-4,Skin Look 10min,No patchy look,patchy_residue_imm,4.29,0,39.07,FC,IN,CLT B3-4 Skin Look 10min,2
2543,9,sst_attribute_rank,CLT B3-4,Skin Look 10min,No patchy look,in_gloss_imm,4.29,0,82.86,FC,IN,CLT B3-4 Skin Look 10min,3
2544,9,sst_attribute_rank,CLT B3-4,Skin Look 10min,No patchy look,in_invisibility_imm,5.43,0,51.33,FC,IN,CLT B3-4 Skin Look 10min,4
2545,9,sst_attribute_rank,CLT B3-4,Skin Look 10min,No patchy look,in_invisibility_5min,4.93,0,50.67,FC,IN,CLT B3-4 Skin Look 10min,5
2546,9,sst_attribute_rank,CLT B3-4,Skin Look 10min,No patchy look,in_gloss_5min,3.57,0,76.14,FC,IN,CLT B3-4 Skin Look 10min,6
2547,9,sst_attribute_rank,CLT B3-4,Skin Look 10min,No patchy look,in_powderylook_imm,4.64,0,41.79,FC,IN,CLT B3-4 Skin Look 10min,7
2548,9,sst_attribute_rank,CLT B3-4,Skin Look 10min,No patchy look,in_powderylook_5min,4.64,0,22.73,FC,IN,CLT B3-4 Skin Look 10min,8
2549,9,sst_attribute_rank,CLT B3-4,Skin Look 10min,No patchy look,in_fairness_imm,4.33,0,50.21,FC,IN,CLT B3-4 Skin Look 10min,9
2550,9,sst_attribute_rank,CLT B3-4,Skin Look 10min,No patchy look,in_coverage_imm,4.64,0,70.27,FC,IN,CLT B3-4 Skin Look 10min,10
2551,9,sst_attribute_rank,CLT B3-4,Skin Look 10min,No patchy look,in_coverage_5min,4.64,0,67.47,FC,IN,CLT B3-4 Skin Look 10min,11
2552,9,sst_attribute_rank,CLT B3-4,Skin Look 10min,No patchy look,in_fairness_5min,4.33,0,43.21,FC,IN,CLT B3-4 Skin Look 10min,12
2553,9,sst_attribute_rank,CLT B3-4,Skin Look 10min,No patchy look,shimmer,0.0,0,58.8,FC,IN,CLT B3-4 Skin Look 10min,13
2554,5,sst_attribute_rank,CLT B5-6,Fragrance In Jar,No patchy look,in_fragrance_imm,24.36,0,74.73,FC,IN,CLT B5-6 Fragrance In Jar,1
2555,5,sst_attribute_rank,CLT B5-6,Fragrance In Jar,No patchy look,in_fragrance_5min,15.43,0,64.07,FC,IN,CLT B5-6 Fragrance In Jar,2
2556,5,sst_attribute_rank,CLT B5-6,Fragrance In Jar,No patchy look,fr_Green,0.0,0,1.0,FC,IN,CLT B5-6 Fragrance In Jar,3
2557,5,sst_attribute_rank,CLT B5-6,Fragrance In Jar,No patchy look,fr_Aldehydic,0.0,0,1.0,FC,IN,CLT B5-6 Fragrance In Jar,4
2558,5,sst_attribute_rank,CLT B5-6,Fragrance In Jar,No patchy look,fr_Aromatic_Herbeaous,0.0,0,1.0,FC,IN,CLT B5-6 Fragrance In Jar,5
105,9,sst_attribute_rank,CLT B3-4,Skin Look 10min,Overall opinion,in_gloss_5min,3.57,0,76.14,FC,IN,CLT B3-4 Skin Look 10min,1
106,9,sst_attribute_rank,CLT B3-4,Skin Look 10min,Overall opinion,in_coverage_imm,4.64,0,70.27,FC,IN,CLT B3-4 Skin Look 10min,2
107,9,sst_attribute_rank,CLT B3-4,Skin Look 10min,Overall opinion,in_powderylook_5min,4.64,0,22.73,FC,IN,CLT B3-4 Skin Look 10min,3
108,9,sst_attribute_rank,CLT B3-4,Skin Look 10min,Overall opinion,in_powderylook_imm,4.64,0,41.79,FC,IN,CLT B3-4 Skin Look 10min,4
109,9,sst_attribute_rank,CLT B3-4,Skin Look 10min,Overall opinion,in_coverage_5min,4.64,0,67.47,FC,IN,CLT B3-4 Skin Look 10min,5
110,9,sst_attribute_rank,CLT B3-4,Skin Look 10min,Overall opinion,in_invisibility_imm,5.43,0,51.33,FC,IN,CLT B3-4 Skin Look 10min,6
111,9,sst_attribute_rank,CLT B3-4,Skin Look 10min,Overall opinion,in_fairness_imm,4.33,0,50.21,FC,IN,CLT B3-4 Skin Look 10min,7
112,9,sst_attribute_rank,CLT B3-4,Skin Look 10min,Overall opinion,patchy_residue_in,7.86,0,79.6,FC,IN,CLT B3-4 Skin Look 10min,8
113,9,sst_attribute_rank,CLT B3-4,Skin Look 10min,Overall opinion,patchy_residue_imm,4.29,0,39.07,FC,IN,CLT B3-4 Skin Look 10min,9
114,9,sst_attribute_rank,CLT B3-4,Skin Look 10min,Overall opinion,in_fairness_5min,4.33,0,43.21,FC,IN,CLT B3-4 Skin Look 10min,10
115,9,sst_attribute_rank,CLT B3-4,Skin Look 10min,Overall opinion,in_gloss_imm,4.29,0,82.86,FC,IN,CLT B3-4 Skin Look 10min,11
116,9,sst_attribute_rank,CLT B3-4,Skin Look 10min,Overall opinion,in_invisibility_5min,4.93,0,50.67,FC,IN,CLT B3-4 Skin Look 10min,12
117,9,sst_attribute_rank,CLT B3-4,Skin Look 10min,Overall opinion,shimmer,0.0,0,58.8,FC,IN,CLT B3-4 Skin Look 10min,13
118,10,sst_attribute_rank,CLT B15-16,CLT Fingertip,Overall opinion,in_thickness,11.71,0,75.67,FC,IN,CLT B15-16 CLT Fingertip,1
119,10,sst_attribute_rank,CLT B15-16,CLT Fingertip,Overall opinion,in_greasy,3.93,0,82.86,FC,IN,CLT B15-16 CLT Fingertip,2
120,10,sst_attribute_rank,CLT B15-16,CLT Fingertip,Overall opinion,ft_firmness,6.71,0,79.57,FC,IN,CLT B15-16 CLT Fingertip,3
121,10,sst_attribute_rank,CLT B15-16,CLT Fingertip,Overall opinion,oily_ft,0.0,0,92.07,FC,IN,CLT B15-16 CLT Fingertip,4
122,10,sst_attribute_rank,CLT B15-16,CLT Fingertip,Overall opinion,in_sticky_imm,4.29,0,73.21,FC,IN,CLT B15-16 CLT Fingertip,5
123,10,sst_attribute_rank,CLT B15-16,CLT Fingertip,Overall opinion,in_creamy,7.0,0,65.33,FC,IN,CLT B15-16 CLT Fingertip,6
124,10,sst_attribute_rank,CLT B15-16,CLT Fingertip,Overall opinion,in_oily,0.57,0,82.5,FC,IN,CLT B15-16 CLT Fingertip,7
125,10,sst_attribute_rank,CLT B15-16,CLT Fingertip,Overall opinion,in_greasy_imm,2.5,0,79.21,FC,IN,CLT B15-16 CLT Fingertip,8
126,10,sst_attribute_rank,CLT B15-16,CLT Fingertip,Overall opinion,in_spreadability,35.93,0,95.64,FC,IN,CLT B15-16 CLT Fingertip,9
127,10,sst_attribute_rank,CLT B15-16,CLT Fingertip,Overall opinion,in_drag_imm,7.86,0,79.73,FC,IN,CLT B15-16 CLT Fingertip,10
128,10,sst_attribute_rank,CLT B15-16,CLT Fingertip,Overall opinion,ft_sticky,4.93,0,74.43,FC,IN,CLT B15-16 CLT Fingertip,11
129,10,sst_attribute_rank,CLT B15-16,CLT Fingertip,Overall opinion,in_wet,1.79,0,89.79,FC,IN,CLT B15-16 CLT Fingertip,12
130,10,sst_attribute_rank,CLT B15-16,CLT Fingertip,Overall opinion,ft_stringiness,3.57,0,67.36,FC,IN,CLT B15-16 CLT Fingertip,13
131,10,sst_attribute_rank,CLT B15-16,CLT Fingertip,Overall opinion,amount_of_residue,22.21,0,93.79,FC,IN,CLT B15-16 CLT Fingertip,14
132,10,sst_attribute_rank,CLT B15-16,CLT Fingertip,Overall opinion,in_powdery_imm,5.14,0,80.36,FC,IN,CLT B15-16 CLT Fingertip,15
133,10,sst_attribute_rank,CLT B15-16,CLT Fingertip,Overall opinion,ft_peaking,3.57,0,78.27,FC,IN,CLT B15-16 CLT Fingertip,16
1570,2,sst_attribute_rank,CLT B9-10,Skin feel IMD,Moisturization,ft_peaking,3.57,0,78.27,FC,IN,CLT B9-10 Skin feel IMD,10
407,8,sst_attribute_rank,CLT M1-2,APPEARANCE,Instant glow,size_of_particles,1.0,0,7.0,FC,IN,CLT M1-2 APPEARANCE,9
408,8,sst_attribute_rank,CLT M1-2,APPEARANCE,Instant glow,gloss_rate,5.36,0,92.21,FC,IN,CLT M1-2 APPEARANCE,10
2559,5,sst_attribute_rank,CLT B5-6,Fragrance In Jar,No patchy look,fr_Powdery,0.0,0,1.0,FC,IN,CLT B5-6 Fragrance In Jar,6
2560,5,sst_attribute_rank,CLT B5-6,Fragrance In Jar,No patchy look,fr_Musky,0.0,0,1.0,FC,IN,CLT B5-6 Fragrance In Jar,7
2561,5,sst_attribute_rank,CLT B5-6,Fragrance In Jar,No patchy look,fr_Floral,0.0,0,1.0,FC,IN,CLT B5-6 Fragrance In Jar,8
2562,5,sst_attribute_rank,CLT B5-6,Fragrance In Jar,No patchy look,fr_Citrus,0.0,0,1.0,FC,IN,CLT B5-6 Fragrance In Jar,9
2637,6,sst_attribute_rank,CLT B11-12,CLT Skin Feel 10min,No patchy look,ft_firmness,6.71,0,79.57,FC,IN,CLT B11-12 CLT Skin Feel 10min,11
2638,6,sst_attribute_rank,CLT B11-12,CLT Skin Feel 10min,No patchy look,in_cooling_5min,0.0,0,5.36,FC,IN,CLT B11-12 CLT Skin Feel 10min,12
2639,6,sst_attribute_rank,CLT B11-12,CLT Skin Feel 10min,No patchy look,oily_ft,0.0,0,92.07,FC,IN,CLT B11-12 CLT Skin Feel 10min,13
2640,6,sst_attribute_rank,CLT B11-12,CLT Skin Feel 10min,No patchy look,tightness_5min,16.57,0,73.53,FC,IN,CLT B11-12 CLT Skin Feel 10min,14
2641,6,sst_attribute_rank,CLT B11-12,CLT Skin Feel 10min,No patchy look,in_spreadability,35.93,0,95.64,FC,IN,CLT B11-12 CLT Skin Feel 10min,15
2642,6,sst_attribute_rank,CLT B11-12,CLT Skin Feel 10min,No patchy look,ft_sticky,4.93,0,74.43,FC,IN,CLT B11-12 CLT Skin Feel 10min,16
2643,6,sst_attribute_rank,CLT B11-12,CLT Skin Feel 10min,No patchy look,in_drag_5min,9.5,0,71.4,FC,IN,CLT B11-12 CLT Skin Feel 10min,17
2644,6,sst_attribute_rank,CLT B11-12,CLT Skin Feel 10min,No patchy look,in_wet,1.79,0,89.79,FC,IN,CLT B11-12 CLT Skin Feel 10min,18
2645,3,sst_attribute_rank,CLT B13-14,CLT Fragrance IMD,Premium product,in_fragrance_5min,15.43,0,64.07,FC,IN,CLT B13-14 CLT Fragrance IMD,1
2646,3,sst_attribute_rank,CLT B13-14,CLT Fragrance IMD,Premium product,in_fragrance_imm,24.36,0,74.73,FC,IN,CLT B13-14 CLT Fragrance IMD,2
2647,3,sst_attribute_rank,CLT B13-14,CLT Fragrance IMD,Premium product,fr_Floral,0.0,0,1.0,FC,IN,CLT B13-14 CLT Fragrance IMD,3
2648,3,sst_attribute_rank,CLT B13-14,CLT Fragrance IMD,Premium product,fr_Green,0.0,0,1.0,FC,IN,CLT B13-14 CLT Fragrance IMD,4
2649,3,sst_attribute_rank,CLT B13-14,CLT Fragrance IMD,Premium product,fr_Aromatic_Herbeaous,0.0,0,1.0,FC,IN,CLT B13-14 CLT Fragrance IMD,5
2650,3,sst_attribute_rank,CLT B13-14,CLT Fragrance IMD,Premium product,fr_Amber,0.0,0,1.0,FC,IN,CLT B13-14 CLT Fragrance IMD,6
2651,3,sst_attribute_rank,CLT B13-14,CLT Fragrance IMD,Premium product,fr_Musky,0.0,0,1.0,FC,IN,CLT B13-14 CLT Fragrance IMD,7
2652,3,sst_attribute_rank,CLT B13-14,CLT Fragrance IMD,Premium product,fr_Aldehydic,0.0,0,1.0,FC,IN,CLT B13-14 CLT Fragrance IMD,8
2653,3,sst_attribute_rank,CLT B13-14,CLT Fragrance IMD,Premium product,fr_Citrus,0.0,0,1.0,FC,IN,CLT B13-14 CLT Fragrance IMD,9
2654,3,sst_attribute_rank,CLT B13-14,CLT Fragrance IMD,Premium product,fr_Powdery,0.0,0,1.0,FC,IN,CLT B13-14 CLT Fragrance IMD,10
2655,3,sst_attribute_rank,CLT B13-14,CLT Fragrance IMD,Premium product,fr_Watery_Marine,0.0,0,1.0,FC,IN,CLT B13-14 CLT Fragrance IMD,11
2656,3,sst_attribute_rank,CLT B13-14,CLT Fragrance IMD,Premium product,fr_Fruity,0.0,0,1.0,FC,IN,CLT B13-14 CLT Fragrance IMD,12
2657,3,sst_attribute_rank,CLT B13-14,CLT Fragrance IMD,Premium product,fr_Woody,0.0,0,1.0,FC,IN,CLT B13-14 CLT Fragrance IMD,13
2658,3,sst_attribute_rank,CLT B13-14,CLT Fragrance IMD,Premium product,fr_Gourmand,0.0,0,1.0,FC,IN,CLT B13-14 CLT Fragrance IMD,14
2659,7,sst_attribute_rank,CLT B17-18,Fragrance 10min,Premium product,in_fragrance_5min,15.43,0,64.07,FC,IN,CLT B17-18 Fragrance 10min,1
2660,7,sst_attribute_rank,CLT B17-18,Fragrance 10min,Premium product,in_fragrance_imm,24.36,0,74.73,FC,IN,CLT B17-18 Fragrance 10min,2
2661,7,sst_attribute_rank,CLT B17-18,Fragrance 10min,Premium product,fr_Aromatic_Herbeaous,0.0,0,1.0,FC,IN,CLT B17-18 Fragrance 10min,3
2662,7,sst_attribute_rank,CLT B17-18,Fragrance 10min,Premium product,fr_Green,0.0,0,1.0,FC,IN,CLT B17-18 Fragrance 10min,4
2738,10,sst_attribute_rank,CLT B15-16,CLT Fingertip,Premium product,in_greasy,3.93,0,82.86,FC,IN,CLT B15-16 CLT Fingertip,3
2739,10,sst_attribute_rank,CLT B15-16,CLT Fingertip,Premium product,in_creamy,7.0,0,65.33,FC,IN,CLT B15-16 CLT Fingertip,4
2740,10,sst_attribute_rank,CLT B15-16,CLT Fingertip,Premium product,in_sticky_imm,4.29,0,73.21,FC,IN,CLT B15-16 CLT Fingertip,5
2741,10,sst_attribute_rank,CLT B15-16,CLT Fingertip,Premium product,ft_sticky,4.93,0,74.43,FC,IN,CLT B15-16 CLT Fingertip,6
2742,10,sst_attribute_rank,CLT B15-16,CLT Fingertip,Premium product,in_wet,1.79,0,89.79,FC,IN,CLT B15-16 CLT Fingertip,7
2743,10,sst_attribute_rank,CLT B15-16,CLT Fingertip,Premium product,in_oily_imm,0.64,0,79.64,FC,IN,CLT B15-16 CLT Fingertip,8
2744,10,sst_attribute_rank,CLT B15-16,CLT Fingertip,Premium product,in_powdery_imm,5.14,0,80.36,FC,IN,CLT B15-16 CLT Fingertip,9
2745,10,sst_attribute_rank,CLT B15-16,CLT Fingertip,Premium product,ft_peaking,3.57,0,78.27,FC,IN,CLT B15-16 CLT Fingertip,10
2746,10,sst_attribute_rank,CLT B15-16,CLT Fingertip,Premium product,in_greasy_imm,2.5,0,79.21,FC,IN,CLT B15-16 CLT Fingertip,11
2747,10,sst_attribute_rank,CLT B15-16,CLT Fingertip,Premium product,in_spreadability,35.93,0,95.64,FC,IN,CLT B15-16 CLT Fingertip,12
2748,10,sst_attribute_rank,CLT B15-16,CLT Fingertip,Premium product,consistency_rate,10.07,0,89.64,FC,IN,CLT B15-16 CLT Fingertip,13
2749,10,sst_attribute_rank,CLT B15-16,CLT Fingertip,Premium product,ft_bounciness,1.14,0,39.64,FC,IN,CLT B15-16 CLT Fingertip,14
2750,10,sst_attribute_rank,CLT B15-16,CLT Fingertip,Premium product,in_drag_imm,7.86,0,79.73,FC,IN,CLT B15-16 CLT Fingertip,15
2751,10,sst_attribute_rank,CLT B15-16,CLT Fingertip,Premium product,amount_of_residue,22.21,0,93.79,FC,IN,CLT B15-16 CLT Fingertip,16
2752,10,sst_attribute_rank,CLT B15-16,CLT Fingertip,Premium product,in_silky_imm,9.67,0,61.29,FC,IN,CLT B15-16 CLT Fingertip,17
2753,10,sst_attribute_rank,CLT B15-16,CLT Fingertip,Premium product,in_oily,0.57,0,82.5,FC,IN,CLT B15-16 CLT Fingertip,18
2754,10,sst_attribute_rank,CLT B15-16,CLT Fingertip,Premium product,ft_stringiness,3.57,0,67.36,FC,IN,CLT B15-16 CLT Fingertip,19
2755,9,sst_attribute_rank,CLT B3-4,Skin Look 10min,Premium product,in_gloss_5min,3.57,0,76.14,FC,IN,CLT B3-4 Skin Look 10min,1
2756,9,sst_attribute_rank,CLT B3-4,Skin Look 10min,Premium product,in_gloss_imm,4.29,0,82.86,FC,IN,CLT B3-4 Skin Look 10min,2
2757,9,sst_attribute_rank,CLT B3-4,Skin Look 10min,Premium product,patchy_residue_in,7.86,0,79.6,FC,IN,CLT B3-4 Skin Look 10min,3
2758,9,sst_attribute_rank,CLT B3-4,Skin Look 10min,Premium product,patchy_residue_imm,4.29,0,39.07,FC,IN,CLT B3-4 Skin Look 10min,4
2759,9,sst_attribute_rank,CLT B3-4,Skin Look 10min,Premium product,in_invisibility_imm,5.43,0,51.33,FC,IN,CLT B3-4 Skin Look 10min,5
2760,9,sst_attribute_rank,CLT B3-4,Skin Look 10min,Premium product,in_invisibility_5min,4.93,0,50.67,FC,IN,CLT B3-4 Skin Look 10min,6
2761,9,sst_attribute_rank,CLT B3-4,Skin Look 10min,Premium product,in_powderylook_5min,4.64,0,22.73,FC,IN,CLT B3-4 Skin Look 10min,7
2762,9,sst_attribute_rank,CLT B3-4,Skin Look 10min,Premium product,in_fairness_5min,4.33,0,43.21,FC,IN,CLT B3-4 Skin Look 10min,8
2763,9,sst_attribute_rank,CLT B3-4,Skin Look 10min,Premium product,in_fairness_imm,4.33,0,50.21,FC,IN,CLT B3-4 Skin Look 10min,9
2764,9,sst_attribute_rank,CLT B3-4,Skin Look 10min,Premium product,in_powderylook_imm,4.64,0,41.79,FC,IN,CLT B3-4 Skin Look 10min,10
2765,9,sst_attribute_rank,CLT B3-4,Skin Look 10min,Premium product,in_coverage_imm,4.64,0,70.27,FC,IN,CLT B3-4 Skin Look 10min,11
2766,9,sst_attribute_rank,CLT B3-4,Skin Look 10min,Premium product,in_coverage_5min,4.64,0,67.47,FC,IN,CLT B3-4 Skin Look 10min,12
2767,9,sst_attribute_rank,CLT B3-4,Skin Look 10min,Premium product,shimmer,0.0,0,58.8,FC,IN,CLT B3-4 Skin Look 10min,13
2768,1,sst_attribute_rank,CLT B7-8,Skin feel IU,Premium product,in_cooling,0.0,0,27.93,FC,IN,CLT B7-8 Skin feel IU,1
1766,6,sst_attribute_rank,CLT B11-12,CLT Skin Feel 10min,Soft and Smooth,in_sticky_5min,4.64,0,65.43,FC,IN,CLT B11-12 CLT Skin Feel 10min,7
1767,6,sst_attribute_rank,CLT B11-12,CLT Skin Feel 10min,Soft and Smooth,in_cooling_5min,0.0,0,5.36,FC,IN,CLT B11-12 CLT Skin Feel 10min,8
1768,6,sst_attribute_rank,CLT B11-12,CLT Skin Feel 10min,Soft and Smooth,in_greasy,3.93,0,82.86,FC,IN,CLT B11-12 CLT Skin Feel 10min,9
1769,6,sst_attribute_rank,CLT B11-12,CLT Skin Feel 10min,Soft and Smooth,in_drag_5min,9.5,0,71.4,FC,IN,CLT B11-12 CLT Skin Feel 10min,10
1770,6,sst_attribute_rank,CLT B11-12,CLT Skin Feel 10min,Soft and Smooth,in_spreadability,35.93,0,95.64,FC,IN,CLT B11-12 CLT Skin Feel 10min,11
1771,6,sst_attribute_rank,CLT B11-12,CLT Skin Feel 10min,Soft and Smooth,in_wet,1.79,0,89.79,FC,IN,CLT B11-12 CLT Skin Feel 10min,12
1772,6,sst_attribute_rank,CLT B11-12,CLT Skin Feel 10min,Soft and Smooth,in_greasy_5min,1.71,0,72.36,FC,IN,CLT B11-12 CLT Skin Feel 10min,13
1773,6,sst_attribute_rank,CLT B11-12,CLT Skin Feel 10min,Soft and Smooth,ft_stringiness,3.57,0,67.36,FC,IN,CLT B11-12 CLT Skin Feel 10min,14
1774,6,sst_attribute_rank,CLT B11-12,CLT Skin Feel 10min,Soft and Smooth,ft_sticky,4.93,0,74.43,FC,IN,CLT B11-12 CLT Skin Feel 10min,15
1775,6,sst_attribute_rank,CLT B11-12,CLT Skin Feel 10min,Soft and Smooth,ft_peaking,3.57,0,78.27,FC,IN,CLT B11-12 CLT Skin Feel 10min,16
1776,6,sst_attribute_rank,CLT B11-12,CLT Skin Feel 10min,Soft and Smooth,in_absorption,24.29,0,115.0,FC,IN,CLT B11-12 CLT Skin Feel 10min,17
1777,6,sst_attribute_rank,CLT B11-12,CLT Skin Feel 10min,Soft and Smooth,tightness_5min,16.57,0,73.53,FC,IN,CLT B11-12 CLT Skin Feel 10min,18
1778,4,sst_attribute_rank,CLT B1-2,Skin Look IMD,Soft and Smooth,in_gloss_imm,4.29,0,82.86,FC,IN,CLT B1-2 Skin Look IMD,1
1779,4,sst_attribute_rank,CLT B1-2,Skin Look IMD,Soft and Smooth,in_gloss_5min,3.57,0,76.14,FC,IN,CLT B1-2 Skin Look IMD,2
1780,4,sst_attribute_rank,CLT B1-2,Skin Look IMD,Soft and Smooth,patchy_residue_imm,4.29,0,39.07,FC,IN,CLT B1-2 Skin Look IMD,3
1781,4,sst_attribute_rank,CLT B1-2,Skin Look IMD,Soft and Smooth,patchy_residue_in,7.86,0,79.6,FC,IN,CLT B1-2 Skin Look IMD,4
1782,4,sst_attribute_rank,CLT B1-2,Skin Look IMD,Soft and Smooth,in_powderylook_5min,4.64,0,22.73,FC,IN,CLT B1-2 Skin Look IMD,5
1783,4,sst_attribute_rank,CLT B1-2,Skin Look IMD,Soft and Smooth,in_powderylook_imm,4.64,0,41.79,FC,IN,CLT B1-2 Skin Look IMD,6
1784,4,sst_attribute_rank,CLT B1-2,Skin Look IMD,Soft and Smooth,in_invisibility_5min,4.93,0,50.67,FC,IN,CLT B1-2 Skin Look IMD,7
1785,4,sst_attribute_rank,CLT B1-2,Skin Look IMD,Soft and Smooth,in_invisibility_imm,5.43,0,51.33,FC,IN,CLT B1-2 Skin Look IMD,8
1786,4,sst_attribute_rank,CLT B1-2,Skin Look IMD,Soft and Smooth,in_coverage_imm,4.64,0,70.27,FC,IN,CLT B1-2 Skin Look IMD,9
1787,4,sst_attribute_rank,CLT B1-2,Skin Look IMD,Soft and Smooth,in_coverage_5min,4.64,0,67.47,FC,IN,CLT B1-2 Skin Look IMD,10
1788,4,sst_attribute_rank,CLT B1-2,Skin Look IMD,Soft and Smooth,in_fairness_imm,4.33,0,50.21,FC,IN,CLT B1-2 Skin Look IMD,11
1272,3,sst_attribute_rank,CLT B13-14,CLT Fragrance IMD,Makes skin firmer,in_fragrance_imm,24.36,0,74.73,FC,IN,CLT B13-14 CLT Fragrance IMD,2
1273,3,sst_attribute_rank,CLT B13-14,CLT Fragrance IMD,Makes skin firmer,fr_Aromatic_Herbeaous,0.0,0,1.0,FC,IN,CLT B13-14 CLT Fragrance IMD,3
1274,3,sst_attribute_rank,CLT B13-14,CLT Fragrance IMD,Makes skin firmer,fr_Citrus,0.0,0,1.0,FC,IN,CLT B13-14 CLT Fragrance IMD,4
1275,3,sst_attribute_rank,CLT B13-14,CLT Fragrance IMD,Makes skin firmer,fr_Floral,0.0,0,1.0,FC,IN,CLT B13-14 CLT Fragrance IMD,5
1276,3,sst_attribute_rank,CLT B13-14,CLT Fragrance IMD,Makes skin firmer,fr_Fruity,0.0,0,1.0,FC,IN,CLT B13-14 CLT Fragrance IMD,6
1789,4,sst_attribute_rank,CLT B1-2,Skin Look IMD,Soft and Smooth,in_fairness_5min,4.33,0,43.21,FC,IN,CLT B1-2 Skin Look IMD,12
1277,3,sst_attribute_rank,CLT B13-14,CLT Fragrance IMD,Makes skin firmer,fr_Green,0.0,0,1.0,FC,IN,CLT B13-14 CLT Fragrance IMD,7
1278,3,sst_attribute_rank,CLT B13-14,CLT Fragrance IMD,Makes skin firmer,fr_Musky,0.0,0,1.0,FC,IN,CLT B13-14 CLT Fragrance IMD,8
1279,3,sst_attribute_rank,CLT B13-14,CLT Fragrance IMD,Makes skin firmer,fr_Watery_Marine,0.0,0,1.0,FC,IN,CLT B13-14 CLT Fragrance IMD,9
1280,3,sst_attribute_rank,CLT B13-14,CLT Fragrance IMD,Makes skin firmer,fr_Powdery,0.0,0,1.0,FC,IN,CLT B13-14 CLT Fragrance IMD,10
1281,3,sst_attribute_rank,CLT B13-14,CLT Fragrance IMD,Makes skin firmer,fr_Gourmand,0.0,0,1.0,FC,IN,CLT B13-14 CLT Fragrance IMD,11
1282,3,sst_attribute_rank,CLT B13-14,CLT Fragrance IMD,Makes skin firmer,fr_Aldehydic,0.0,0,1.0,FC,IN,CLT B13-14 CLT Fragrance IMD,12
1283,3,sst_attribute_rank,CLT B13-14,CLT Fragrance IMD,Makes skin firmer,fr_Amber,0.0,0,1.0,FC,IN,CLT B13-14 CLT Fragrance IMD,13
1284,3,sst_attribute_rank,CLT B13-14,CLT Fragrance IMD,Makes skin firmer,fr_Woody,0.0,0,1.0,FC,IN,CLT B13-14 CLT Fragrance IMD,14
1285,8,sst_attribute_rank,CLT M1-2,APPEARANCE,Makes skin firmer,pearlescence_rate,0.0,0,1.0,FC,IN,CLT M1-2 APPEARANCE,1
1286,8,sst_attribute_rank,CLT M1-2,APPEARANCE,Makes skin firmer,product_r,143.0,0,255.0,FC,IN,CLT M1-2 APPEARANCE,2
1287,8,sst_attribute_rank,CLT M1-2,APPEARANCE,Makes skin firmer,product_b,63.0,0,255.0,FC,IN,CLT M1-2 APPEARANCE,3
1288,8,sst_attribute_rank,CLT M1-2,APPEARANCE,Makes skin firmer,product_g,133.0,0,255.0,FC,IN,CLT M1-2 APPEARANCE,4
1289,8,sst_attribute_rank,CLT M1-2,APPEARANCE,Makes skin firmer,gloss_rate,5.36,0,92.21,FC,IN,CLT M1-2 APPEARANCE,5
1290,8,sst_attribute_rank,CLT M1-2,APPEARANCE,Makes skin firmer,transparency_rate,8.0,0,96.93,FC,IN,CLT M1-2 APPEARANCE,6
1291,8,sst_attribute_rank,CLT M1-2,APPEARANCE,Makes skin firmer,integrity_of_shape_rate,9.86,0,85.73,FC,IN,CLT M1-2 APPEARANCE,7
1292,8,sst_attribute_rank,CLT M1-2,APPEARANCE,Makes skin firmer,amount_of_particles,1.0,0,6.0,FC,IN,CLT M1-2 APPEARANCE,8
1293,8,sst_attribute_rank,CLT M1-2,APPEARANCE,Makes skin firmer,integrity_of_shape_10s_rate,9.86,0,86.2,FC,IN,CLT M1-2 APPEARANCE,9
1294,8,sst_attribute_rank,CLT M1-2,APPEARANCE,Makes skin firmer,ft_firmness,6.71,0,79.57,FC,IN,CLT M1-2 APPEARANCE,10
1295,8,sst_attribute_rank,CLT M1-2,APPEARANCE,Makes skin firmer,size_of_particles,1.0,0,7.0,FC,IN,CLT M1-2 APPEARANCE,11
1296,8,sst_attribute_rank,CLT M1-2,APPEARANCE,Makes skin firmer,lightness_of_color,1.0,0,17.0,FC,IN,CLT M1-2 APPEARANCE,12
1297,2,sst_attribute_rank,CLT B9-10,Skin feel IMD,Makes skin firmer,in_thickness,11.71,0,75.67,FC,IN,CLT B9-10 Skin feel IMD,1
1298,2,sst_attribute_rank,CLT B9-10,Skin feel IMD,Makes skin firmer,in_greasy,3.93,0,82.86,FC,IN,CLT B9-10 Skin feel IMD,2
1299,2,sst_attribute_rank,CLT B9-10,Skin feel IMD,Makes skin firmer,oily_ft,0.0,0,92.07,FC,IN,CLT B9-10 Skin feel IMD,3
1300,2,sst_attribute_rank,CLT B9-10,Skin feel IMD,Makes skin firmer,softness_imm,7.29,0,72.86,FC,IN,CLT B9-10 Skin feel IMD,4
1301,2,sst_attribute_rank,CLT B9-10,Skin feel IMD,Makes skin firmer,in_absorption,24.29,0,115.0,FC,IN,CLT B9-10 Skin feel IMD,5
1302,2,sst_attribute_rank,CLT B9-10,Skin feel IMD,Makes skin firmer,ft_stringiness,3.57,0,67.36,FC,IN,CLT B9-10 Skin feel IMD,6
1303,2,sst_attribute_rank,CLT B9-10,Skin feel IMD,Makes skin firmer,in_wet,1.79,0,89.79,FC,IN,CLT B9-10 Skin feel IMD,7
1304,2,sst_attribute_rank,CLT B9-10,Skin feel IMD,Makes skin firmer,amount_of_residue,22.21,0,93.79,FC,IN,CLT B9-10 Skin feel IMD,8
1305,2,sst_attribute_rank,CLT B9-10,Skin feel IMD,Makes skin firmer,in_cooling,0.0,0,27.93,FC,IN,CLT B9-10 Skin feel IMD,9
1306,2,sst_attribute_rank,CLT B9-10,Skin feel IMD,Makes skin firmer,in_creamy,7.0,0,65.33,FC,IN,CLT B9-10 Skin feel IMD,10
1307,2,sst_attribute_rank,CLT B9-10,Skin feel IMD,Makes skin firmer,ft_peaking,3.57,0,78.27,FC,IN,CLT B9-10 Skin feel IMD,11
1308,2,sst_attribute_rank,CLT B9-10,Skin feel IMD,Makes skin firmer,in_greasy_imm,2.5,0,79.21,FC,IN,CLT B9-10 Skin feel IMD,12
1309,2,sst_attribute_rank,CLT B9-10,Skin feel IMD,Makes skin firmer,in_drag_imm,7.86,0,79.73,FC,IN,CLT B9-10 Skin feel IMD,13
560,2,sst_attribute_rank,CLT B9-10,Skin feel IMD,Instant fairness,in_sticky_imm,4.29,0,73.21,FC,IN,CLT B9-10 Skin feel IMD,10
561,2,sst_attribute_rank,CLT B9-10,Skin feel IMD,Instant fairness,in_oily_imm,0.64,0,79.64,FC,IN,CLT B9-10 Skin feel IMD,11
562,2,sst_attribute_rank,CLT B9-10,Skin feel IMD,Instant fairness,in_absorption,24.29,0,115.0,FC,IN,CLT B9-10 Skin feel IMD,12
563,2,sst_attribute_rank,CLT B9-10,Skin feel IMD,Instant fairness,in_creamy,7.0,0,65.33,FC,IN,CLT B9-10 Skin feel IMD,13
564,2,sst_attribute_rank,CLT B9-10,Skin feel IMD,Instant fairness,ft_firmness,6.71,0,79.57,FC,IN,CLT B9-10 Skin feel IMD,14
565,2,sst_attribute_rank,CLT B9-10,Skin feel IMD,Instant fairness,in_wet,1.79,0,89.79,FC,IN,CLT B9-10 Skin feel IMD,15
566,2,sst_attribute_rank,CLT B9-10,Skin feel IMD,Instant fairness,in_cooling,0.0,0,27.93,FC,IN,CLT B9-10 Skin feel IMD,16
567,2,sst_attribute_rank,CLT B9-10,Skin feel IMD,Instant fairness,in_spreadability,35.93,0,95.64,FC,IN,CLT B9-10 Skin feel IMD,17
568,2,sst_attribute_rank,CLT B9-10,Skin feel IMD,Instant fairness,in_drag_imm,7.86,0,79.73,FC,IN,CLT B9-10 Skin feel IMD,18
569,6,sst_attribute_rank,CLT B11-12,CLT Skin Feel 10min,Instant fairness,in_thickness,11.71,0,75.67,FC,IN,CLT B11-12 CLT Skin Feel 10min,1
570,6,sst_attribute_rank,CLT B11-12,CLT Skin Feel 10min,Instant fairness,ft_sticky,4.93,0,74.43,FC,IN,CLT B11-12 CLT Skin Feel 10min,2
571,6,sst_attribute_rank,CLT B11-12,CLT Skin Feel 10min,Instant fairness,ft_firmness,6.71,0,79.57,FC,IN,CLT B11-12 CLT Skin Feel 10min,3
572,6,sst_attribute_rank,CLT B11-12,CLT Skin Feel 10min,Instant fairness,ft_peaking,3.57,0,78.27,FC,IN,CLT B11-12 CLT Skin Feel 10min,4
573,6,sst_attribute_rank,CLT B11-12,CLT Skin Feel 10min,Instant fairness,oily_ft,0.0,0,92.07,FC,IN,CLT B11-12 CLT Skin Feel 10min,5
574,6,sst_attribute_rank,CLT B11-12,CLT Skin Feel 10min,Instant fairness,in_greasy_5min,1.71,0,72.36,FC,IN,CLT B11-12 CLT Skin Feel 10min,6
575,6,sst_attribute_rank,CLT B11-12,CLT Skin Feel 10min,Instant fairness,in_absorption,24.29,0,115.0,FC,IN,CLT B11-12 CLT Skin Feel 10min,7
576,6,sst_attribute_rank,CLT B11-12,CLT Skin Feel 10min,Instant fairness,in_greasy,3.93,0,82.86,FC,IN,CLT B11-12 CLT Skin Feel 10min,8
577,6,sst_attribute_rank,CLT B11-12,CLT Skin Feel 10min,Instant fairness,in_wet,1.79,0,89.79,FC,IN,CLT B11-12 CLT Skin Feel 10min,9
578,6,sst_attribute_rank,CLT B11-12,CLT Skin Feel 10min,Instant fairness,in_cooling,0.0,0,27.93,FC,IN,CLT B11-12 CLT Skin Feel 10min,10
579,6,sst_attribute_rank,CLT B11-12,CLT Skin Feel 10min,Instant fairness,in_cooling_5min,0.0,0,5.36,FC,IN,CLT B11-12 CLT Skin Feel 10min,11
580,6,sst_attribute_rank,CLT B11-12,CLT Skin Feel 10min,Instant fairness,in_sticky_5min,4.64,0,65.43,FC,IN,CLT B11-12 CLT Skin Feel 10min,12
581,6,sst_attribute_rank,CLT B11-12,CLT Skin Feel 10min,Instant fairness,in_drag_5min,9.5,0,71.4,FC,IN,CLT B11-12 CLT Skin Feel 10min,13
582,6,sst_attribute_rank,CLT B11-12,CLT Skin Feel 10min,Instant fairness,ft_stringiness,3.57,0,67.36,FC,IN,CLT B11-12 CLT Skin Feel 10min,14
583,6,sst_attribute_rank,CLT B11-12,CLT Skin Feel 10min,Instant fairness,in_spreadability,35.93,0,95.64,FC,IN,CLT B11-12 CLT Skin Feel 10min,15
584,6,sst_attribute_rank,CLT B11-12,CLT Skin Feel 10min,Instant fairness,in_oily_5min,0.71,0,73.57,FC,IN,CLT B11-12 CLT Skin Feel 10min,16
585,6,sst_attribute_rank,CLT B11-12,CLT Skin Feel 10min,Instant fairness,tightness_5min,16.57,0,73.53,FC,IN,CLT B11-12 CLT Skin Feel 10min,17
586,7,sst_attribute_rank,CLT B17-18,Fragrance 10min,Instant fairness,fr_Green,0.0,0,1.0,FC,IN,CLT B17-18 Fragrance 10min,1
587,7,sst_attribute_rank,CLT B17-18,Fragrance 10min,Instant fairness,fr_Aldehydic,0.0,0,1.0,FC,IN,CLT B17-18 Fragrance 10min,2
588,7,sst_attribute_rank,CLT B17-18,Fragrance 10min,Instant fairness,in_fragrance_5min,15.43,0,64.07,FC,IN,CLT B17-18 Fragrance 10min,3
589,7,sst_attribute_rank,CLT B17-18,Fragrance 10min,Instant fairness,fr_Aromatic_Herbeaous,0.0,0,1.0,FC,IN,CLT B17-18 Fragrance 10min,4
1322,4,sst_attribute_rank,CLT B1-2,Skin Look IMD,Makes skin firmer,patchy_residue_in,7.86,0,79.6,FC,IN,CLT B1-2 Skin Look IMD,8
1323,4,sst_attribute_rank,CLT B1-2,Skin Look IMD,Makes skin firmer,in_gloss_imm,4.29,0,82.86,FC,IN,CLT B1-2 Skin Look IMD,9
1324,4,sst_attribute_rank,CLT B1-2,Skin Look IMD,Makes skin firmer,in_coverage_5min,4.64,0,67.47,FC,IN,CLT B1-2 Skin Look IMD,10
1325,4,sst_attribute_rank,CLT B1-2,Skin Look IMD,Makes skin firmer,in_powderylook_imm,4.64,0,41.79,FC,IN,CLT B1-2 Skin Look IMD,11
1326,5,sst_attribute_rank,CLT B5-6,Fragrance In Jar,Makes skin firmer,in_fragrance_imm,24.36,0,74.73,FC,IN,CLT B5-6 Fragrance In Jar,1
1327,5,sst_attribute_rank,CLT B5-6,Fragrance In Jar,Makes skin firmer,in_fragrance_5min,15.43,0,64.07,FC,IN,CLT B5-6 Fragrance In Jar,2
1328,5,sst_attribute_rank,CLT B5-6,Fragrance In Jar,Makes skin firmer,fr_Musky,0.0,0,1.0,FC,IN,CLT B5-6 Fragrance In Jar,3
1329,5,sst_attribute_rank,CLT B5-6,Fragrance In Jar,Makes skin firmer,fr_Floral,0.0,0,1.0,FC,IN,CLT B5-6 Fragrance In Jar,4
1330,5,sst_attribute_rank,CLT B5-6,Fragrance In Jar,Makes skin firmer,fr_Aromatic_Herbeaous,0.0,0,1.0,FC,IN,CLT B5-6 Fragrance In Jar,5
1331,5,sst_attribute_rank,CLT B5-6,Fragrance In Jar,Makes skin firmer,fr_Green,0.0,0,1.0,FC,IN,CLT B5-6 Fragrance In Jar,6
1332,5,sst_attribute_rank,CLT B5-6,Fragrance In Jar,Makes skin firmer,fr_Citrus,0.0,0,1.0,FC,IN,CLT B5-6 Fragrance In Jar,7
1333,5,sst_attribute_rank,CLT B5-6,Fragrance In Jar,Makes skin firmer,fr_Gourmand,0.0,0,1.0,FC,IN,CLT B5-6 Fragrance In Jar,8
1334,5,sst_attribute_rank,CLT B5-6,Fragrance In Jar,Makes skin firmer,fr_Fruity,0.0,0,1.0,FC,IN,CLT B5-6 Fragrance In Jar,9
1335,5,sst_attribute_rank,CLT B5-6,Fragrance In Jar,Makes skin firmer,fr_Watery_Marine,0.0,0,1.0,FC,IN,CLT B5-6 Fragrance In Jar,10
1336,5,sst_attribute_rank,CLT B5-6,Fragrance In Jar,Makes skin firmer,fr_Aldehydic,0.0,0,1.0,FC,IN,CLT B5-6 Fragrance In Jar,11
1337,5,sst_attribute_rank,CLT B5-6,Fragrance In Jar,Makes skin firmer,fr_Powdery,0.0,0,1.0,FC,IN,CLT B5-6 Fragrance In Jar,12
1338,5,sst_attribute_rank,CLT B5-6,Fragrance In Jar,Makes skin firmer,fr_Woody,0.0,0,1.0,FC,IN,CLT B5-6 Fragrance In Jar,13
1339,5,sst_attribute_rank,CLT B5-6,Fragrance In Jar,Makes skin firmer,fr_Amber,0.0,0,1.0,FC,IN,CLT B5-6 Fragrance In Jar,14
1340,7,sst_attribute_rank,CLT B17-18,Fragrance 10min,Makes skin firmer,fr_Green,0.0,0,1.0,FC,IN,CLT B17-18 Fragrance 10min,1
1341,7,sst_attribute_rank,CLT B17-18,Fragrance 10min,Makes skin firmer,fr_Powdery,0.0,0,1.0,FC,IN,CLT B17-18 Fragrance 10min,2
1342,7,sst_attribute_rank,CLT B17-18,Fragrance 10min,Makes skin firmer,fr_Aldehydic,0.0,0,1.0,FC,IN,CLT B17-18 Fragrance 10min,3
1343,7,sst_attribute_rank,CLT B17-18,Fragrance 10min,Makes skin firmer,in_fragrance_5min,15.43,0,64.07,FC,IN,CLT B17-18 Fragrance 10min,4
1344,7,sst_attribute_rank,CLT B17-18,Fragrance 10min,Makes skin firmer,fr_Aromatic_Herbeaous,0.0,0,1.0,FC,IN,CLT B17-18 Fragrance 10min,5
1345,7,sst_attribute_rank,CLT B17-18,Fragrance 10min,Makes skin firmer,in_fragrance_imm,24.36,0,74.73,FC,IN,CLT B17-18 Fragrance 10min,6
1346,7,sst_attribute_rank,CLT B17-18,Fragrance 10min,Makes skin firmer,fr_Musky,0.0,0,1.0,FC,IN,CLT B17-18 Fragrance 10min,7
1347,7,sst_attribute_rank,CLT B17-18,Fragrance 10min,Makes skin firmer,fr_Amber,0.0,0,1.0,FC,IN,CLT B17-18 Fragrance 10min,8
1348,7,sst_attribute_rank,CLT B17-18,Fragrance 10min,Makes skin firmer,fr_Citrus,0.0,0,1.0,FC,IN,CLT B17-18 Fragrance 10min,9
1349,7,sst_attribute_rank,CLT B17-18,Fragrance 10min,Makes skin firmer,fr_Floral,0.0,0,1.0,FC,IN,CLT B17-18 Fragrance 10min,10
1350,7,sst_attribute_rank,CLT B17-18,Fragrance 10min,Makes skin firmer,fr_Fruity,0.0,0,1.0,FC,IN,CLT B17-18 Fragrance 10min,11
1351,7,sst_attribute_rank,CLT B17-18,Fragrance 10min,Makes skin firmer,fr_Gourmand,0.0,0,1.0,FC,IN,CLT B17-18 Fragrance 10min,12
1352,7,sst_attribute_rank,CLT B17-18,Fragrance 10min,Makes skin firmer,fr_Woody,0.0,0,1.0,FC,IN,CLT B17-18 Fragrance 10min,13
704,3,sst_attribute_rank,CLT B13-14,CLT Fragrance IMD,Fairness over time,fr_Gourmand,0.0,0,1.0,FC,IN,CLT B13-14 CLT Fragrance IMD,13
705,3,sst_attribute_rank,CLT B13-14,CLT Fragrance IMD,Fairness over time,fr_Woody,0.0,0,1.0,FC,IN,CLT B13-14 CLT Fragrance IMD,14
706,5,sst_attribute_rank,CLT B5-6,Fragrance In Jar,Fairness over time,in_fragrance_imm,24.36,0,74.73,FC,IN,CLT B5-6 Fragrance In Jar,1
707,5,sst_attribute_rank,CLT B5-6,Fragrance In Jar,Fairness over time,in_fragrance_5min,15.43,0,64.07,FC,IN,CLT B5-6 Fragrance In Jar,2
708,5,sst_attribute_rank,CLT B5-6,Fragrance In Jar,Fairness over time,fr_Aromatic_Herbeaous,0.0,0,1.0,FC,IN,CLT B5-6 Fragrance In Jar,3
709,5,sst_attribute_rank,CLT B5-6,Fragrance In Jar,Fairness over time,fr_Musky,0.0,0,1.0,FC,IN,CLT B5-6 Fragrance In Jar,4
710,5,sst_attribute_rank,CLT B5-6,Fragrance In Jar,Fairness over time,fr_Citrus,0.0,0,1.0,FC,IN,CLT B5-6 Fragrance In Jar,5
711,5,sst_attribute_rank,CLT B5-6,Fragrance In Jar,Fairness over time,fr_Floral,0.0,0,1.0,FC,IN,CLT B5-6 Fragrance In Jar,6
712,5,sst_attribute_rank,CLT B5-6,Fragrance In Jar,Fairness over time,fr_Watery_Marine,0.0,0,1.0,FC,IN,CLT B5-6 Fragrance In Jar,7
713,5,sst_attribute_rank,CLT B5-6,Fragrance In Jar,Fairness over time,fr_Green,0.0,0,1.0,FC,IN,CLT B5-6 Fragrance In Jar,8
714,5,sst_attribute_rank,CLT B5-6,Fragrance In Jar,Fairness over time,fr_Aldehydic,0.0,0,1.0,FC,IN,CLT B5-6 Fragrance In Jar,9
715,5,sst_attribute_rank,CLT B5-6,Fragrance In Jar,Fairness over time,fr_Fruity,0.0,0,1.0,FC,IN,CLT B5-6 Fragrance In Jar,10
716,5,sst_attribute_rank,CLT B5-6,Fragrance In Jar,Fairness over time,fr_Powdery,0.0,0,1.0,FC,IN,CLT B5-6 Fragrance In Jar,11
717,5,sst_attribute_rank,CLT B5-6,Fragrance In Jar,Fairness over time,fr_Woody,0.0,0,1.0,FC,IN,CLT B5-6 Fragrance In Jar,12
718,5,sst_attribute_rank,CLT B5-6,Fragrance In Jar,Fairness over time,fr_Gourmand,0.0,0,1.0,FC,IN,CLT B5-6 Fragrance In Jar,13
719,5,sst_attribute_rank,CLT B5-6,Fragrance In Jar,Fairness over time,fr_Amber,0.0,0,1.0,FC,IN,CLT B5-6 Fragrance In Jar,14
720,4,sst_attribute_rank,CLT B1-2,Skin Look IMD,Fairness over time,shimmer,0.0,0,58.8,FC,IN,CLT B1-2 Skin Look IMD,1
721,4,sst_attribute_rank,CLT B1-2,Skin Look IMD,Fairness over time,in_coverage_5min,4.64,0,67.47,FC,IN,CLT B1-2 Skin Look IMD,2
722,4,sst_attribute_rank,CLT B1-2,Skin Look IMD,Fairness over time,in_coverage_imm,4.64,0,70.27,FC,IN,CLT B1-2 Skin Look IMD,3
723,4,sst_attribute_rank,CLT B1-2,Skin Look IMD,Fairness over time,in_gloss_imm,4.29,0,82.86,FC,IN,CLT B1-2 Skin Look IMD,4
724,4,sst_attribute_rank,CLT B1-2,Skin Look IMD,Fairness over time,in_gloss_5min,3.57,0,76.14,FC,IN,CLT B1-2 Skin Look IMD,5
725,4,sst_attribute_rank,CLT B1-2,Skin Look IMD,Fairness over time,in_fairness_5min,4.33,0,43.21,FC,IN,CLT B1-2 Skin Look IMD,6
726,4,sst_attribute_rank,CLT B1-2,Skin Look IMD,Fairness over time,in_invisibility_imm,5.43,0,51.33,FC,IN,CLT B1-2 Skin Look IMD,7
727,4,sst_attribute_rank,CLT B1-2,Skin Look IMD,Fairness over time,patchy_residue_in,7.86,0,79.6,FC,IN,CLT B1-2 Skin Look IMD,8
955,7,sst_attribute_rank,CLT B17-18,Fragrance 10min,Even tone,fr_Aromatic_Herbeaous,0.0,0,1.0,FC,IN,CLT B17-18 Fragrance 10min,4
956,7,sst_attribute_rank,CLT B17-18,Fragrance 10min,Even tone,fr_Musky,0.0,0,1.0,FC,IN,CLT B17-18 Fragrance 10min,5
957,7,sst_attribute_rank,CLT B17-18,Fragrance 10min,Even tone,fr_Watery_Marine,0.0,0,1.0,FC,IN,CLT B17-18 Fragrance 10min,6
958,7,sst_attribute_rank,CLT B17-18,Fragrance 10min,Even tone,fr_Floral,0.0,0,1.0,FC,IN,CLT B17-18 Fragrance 10min,7
959,7,sst_attribute_rank,CLT B17-18,Fragrance 10min,Even tone,in_fragrance_imm,24.36,0,74.73,FC,IN,CLT B17-18 Fragrance 10min,8
960,5,sst_attribute_rank,CLT B5-6,Fragrance In Jar,Even tone,in_fragrance_imm,24.36,0,74.73,FC,IN,CLT B5-6 Fragrance In Jar,1
961,5,sst_attribute_rank,CLT B5-6,Fragrance In Jar,Even tone,in_fragrance_5min,15.43,0,64.07,FC,IN,CLT B5-6 Fragrance In Jar,2
1571,2,sst_attribute_rank,CLT B9-10,Skin feel IMD,Moisturization,in_oily_imm,0.64,0,79.64,FC,IN,CLT B9-10 Skin feel IMD,11
1572,2,sst_attribute_rank,CLT B9-10,Skin feel IMD,Moisturization,in_spreadability,35.93,0,95.64,FC,IN,CLT B9-10 Skin feel IMD,12
1573,2,sst_attribute_rank,CLT B9-10,Skin feel IMD,Moisturization,in_wet,1.79,0,89.79,FC,IN,CLT B9-10 Skin feel IMD,13
1574,2,sst_attribute_rank,CLT B9-10,Skin feel IMD,Moisturization,in_cooling,0.0,0,27.93,FC,IN,CLT B9-10 Skin feel IMD,14
1575,2,sst_attribute_rank,CLT B9-10,Skin feel IMD,Moisturization,ft_stringiness,3.57,0,67.36,FC,IN,CLT B9-10 Skin feel IMD,15
1576,2,sst_attribute_rank,CLT B9-10,Skin feel IMD,Moisturization,in_drag_imm,7.86,0,79.73,FC,IN,CLT B9-10 Skin feel IMD,16
1577,2,sst_attribute_rank,CLT B9-10,Skin feel IMD,Moisturization,amount_of_residue,22.21,0,93.79,FC,IN,CLT B9-10 Skin feel IMD,17
1578,2,sst_attribute_rank,CLT B9-10,Skin feel IMD,Moisturization,in_cooling_imm,0.0,0,19.29,FC,IN,CLT B9-10 Skin feel IMD,18
1579,2,sst_attribute_rank,CLT B9-10,Skin feel IMD,Moisturization,ft_firmness,6.71,0,79.57,FC,IN,CLT B9-10 Skin feel IMD,19
1580,8,sst_attribute_rank,CLT M1-2,APPEARANCE,Moisturization,product_b,63.0,0,255.0,FC,IN,CLT M1-2 APPEARANCE,1
1581,8,sst_attribute_rank,CLT M1-2,APPEARANCE,Moisturization,transparency_rate,8.0,0,96.93,FC,IN,CLT M1-2 APPEARANCE,2
1582,8,sst_attribute_rank,CLT M1-2,APPEARANCE,Moisturization,integrity_of_shape_rate,9.86,0,85.73,FC,IN,CLT M1-2 APPEARANCE,3
1583,8,sst_attribute_rank,CLT M1-2,APPEARANCE,Moisturization,ft_firmness,6.71,0,79.57,FC,IN,CLT M1-2 APPEARANCE,4
1584,8,sst_attribute_rank,CLT M1-2,APPEARANCE,Moisturization,gloss_rate,5.36,0,92.21,FC,IN,CLT M1-2 APPEARANCE,5
1585,8,sst_attribute_rank,CLT M1-2,APPEARANCE,Moisturization,lightness_of_color,1.0,0,17.0,FC,IN,CLT M1-2 APPEARANCE,6
1586,8,sst_attribute_rank,CLT M1-2,APPEARANCE,Moisturization,product_r,143.0,0,255.0,FC,IN,CLT M1-2 APPEARANCE,7
1587,8,sst_attribute_rank,CLT M1-2,APPEARANCE,Moisturization,integrity_of_shape_10s_rate,9.86,0,86.2,FC,IN,CLT M1-2 APPEARANCE,8
1588,8,sst_attribute_rank,CLT M1-2,APPEARANCE,Moisturization,product_g,133.0,0,255.0,FC,IN,CLT M1-2 APPEARANCE,9
1589,8,sst_attribute_rank,CLT M1-2,APPEARANCE,Moisturization,size_of_particles,1.0,0,7.0,FC,IN,CLT M1-2 APPEARANCE,10
1590,8,sst_attribute_rank,CLT M1-2,APPEARANCE,Moisturization,amount_of_particles,1.0,0,6.0,FC,IN,CLT M1-2 APPEARANCE,11
1591,8,sst_attribute_rank,CLT M1-2,APPEARANCE,Moisturization,pearlescence_rate,0.0,0,1.0,FC,IN,CLT M1-2 APPEARANCE,12
1592,7,sst_attribute_rank,CLT B17-18,Fragrance 10min,Moisturization,in_fragrance_imm,24.36,0,74.73,FC,IN,CLT B17-18 Fragrance 10min,1
1593,7,sst_attribute_rank,CLT B17-18,Fragrance 10min,Moisturization,in_fragrance_5min,15.43,0,64.07,FC,IN,CLT B17-18 Fragrance 10min,2
1594,7,sst_attribute_rank,CLT B17-18,Fragrance 10min,Moisturization,fr_Green,0.0,0,1.0,FC,IN,CLT B17-18 Fragrance 10min,3
1595,7,sst_attribute_rank,CLT B17-18,Fragrance 10min,Moisturization,fr_Aldehydic,0.0,0,1.0,FC,IN,CLT B17-18 Fragrance 10min,4
1596,7,sst_attribute_rank,CLT B17-18,Fragrance 10min,Moisturization,fr_Aromatic_Herbeaous,0.0,0,1.0,FC,IN,CLT B17-18 Fragrance 10min,5
1597,7,sst_attribute_rank,CLT B17-18,Fragrance 10min,Moisturization,fr_Powdery,0.0,0,1.0,FC,IN,CLT B17-18 Fragrance 10min,6
1598,7,sst_attribute_rank,CLT B17-18,Fragrance 10min,Moisturization,fr_Citrus,0.0,0,1.0,FC,IN,CLT B17-18 Fragrance 10min,7
1599,7,sst_attribute_rank,CLT B17-18,Fragrance 10min,Moisturization,fr_Floral,0.0,0,1.0,FC,IN,CLT B17-18 Fragrance 10min,8
1600,7,sst_attribute_rank,CLT B17-18,Fragrance 10min,Moisturization,fr_Fruity,0.0,0,1.0,FC,IN,CLT B17-18 Fragrance 10min,9
1601,7,sst_attribute_rank,CLT B17-18,Fragrance 10min,Moisturization,fr_Watery_Marine,0.0,0,1.0,FC,IN,CLT B17-18 Fragrance 10min,10
1602,7,sst_attribute_rank,CLT B17-18,Fragrance 10min,Moisturization,fr_Woody,0.0,0,1.0,FC,IN,CLT B17-18 Fragrance 10min,11
2663,7,sst_attribute_rank,CLT B17-18,Fragrance 10min,Premium product,fr_Citrus,0.0,0,1.0,FC,IN,CLT B17-18 Fragrance 10min,5
2664,7,sst_attribute_rank,CLT B17-18,Fragrance 10min,Premium product,fr_Floral,0.0,0,1.0,FC,IN,CLT B17-18 Fragrance 10min,6
2665,7,sst_attribute_rank,CLT B17-18,Fragrance 10min,Premium product,fr_Aldehydic,0.0,0,1.0,FC,IN,CLT B17-18 Fragrance 10min,7
2666,7,sst_attribute_rank,CLT B17-18,Fragrance 10min,Premium product,fr_Powdery,0.0,0,1.0,FC,IN,CLT B17-18 Fragrance 10min,8
2667,7,sst_attribute_rank,CLT B17-18,Fragrance 10min,Premium product,fr_Musky,0.0,0,1.0,FC,IN,CLT B17-18 Fragrance 10min,9
2668,7,sst_attribute_rank,CLT B17-18,Fragrance 10min,Premium product,fr_Fruity,0.0,0,1.0,FC,IN,CLT B17-18 Fragrance 10min,10
2669,7,sst_attribute_rank,CLT B17-18,Fragrance 10min,Premium product,fr_Watery_Marine,0.0,0,1.0,FC,IN,CLT B17-18 Fragrance 10min,11
2670,7,sst_attribute_rank,CLT B17-18,Fragrance 10min,Premium product,fr_Woody,0.0,0,1.0,FC,IN,CLT B17-18 Fragrance 10min,12
2671,7,sst_attribute_rank,CLT B17-18,Fragrance 10min,Premium product,fr_Amber,0.0,0,1.0,FC,IN,CLT B17-18 Fragrance 10min,13
2672,7,sst_attribute_rank,CLT B17-18,Fragrance 10min,Premium product,fr_Gourmand,0.0,0,1.0,FC,IN,CLT B17-18 Fragrance 10min,14
2673,2,sst_attribute_rank,CLT B9-10,Skin feel IMD,Premium product,in_cooling_imm,0.0,0,19.29,FC,IN,CLT B9-10 Skin feel IMD,1
2674,2,sst_attribute_rank,CLT B9-10,Skin feel IMD,Premium product,in_oily_imm,0.64,0,79.64,FC,IN,CLT B9-10 Skin feel IMD,2
2675,2,sst_attribute_rank,CLT B9-10,Skin feel IMD,Premium product,in_sticky_imm,4.29,0,73.21,FC,IN,CLT B9-10 Skin feel IMD,3
2676,2,sst_attribute_rank,CLT B9-10,Skin feel IMD,Premium product,in_absorption,24.29,0,115.0,FC,IN,CLT B9-10 Skin feel IMD,4
2677,2,sst_attribute_rank,CLT B9-10,Skin feel IMD,Premium product,in_wet,1.79,0,89.79,FC,IN,CLT B9-10 Skin feel IMD,5
2678,2,sst_attribute_rank,CLT B9-10,Skin feel IMD,Premium product,in_cooling,0.0,0,27.93,FC,IN,CLT B9-10 Skin feel IMD,6
2679,2,sst_attribute_rank,CLT B9-10,Skin feel IMD,Premium product,ft_peaking,3.57,0,78.27,FC,IN,CLT B9-10 Skin feel IMD,7
2680,2,sst_attribute_rank,CLT B9-10,Skin feel IMD,Premium product,oily_ft,0.0,0,92.07,FC,IN,CLT B9-10 Skin feel IMD,8
2681,2,sst_attribute_rank,CLT B9-10,Skin feel IMD,Premium product,in_greasy,3.93,0,82.86,FC,IN,CLT B9-10 Skin feel IMD,9
2682,2,sst_attribute_rank,CLT B9-10,Skin feel IMD,Premium product,softness_imm,7.29,0,72.86,FC,IN,CLT B9-10 Skin feel IMD,10
2683,2,sst_attribute_rank,CLT B9-10,Skin feel IMD,Premium product,in_spreadability,35.93,0,95.64,FC,IN,CLT B9-10 Skin feel IMD,11
2684,2,sst_attribute_rank,CLT B9-10,Skin feel IMD,Premium product,in_creamy,7.0,0,65.33,FC,IN,CLT B9-10 Skin feel IMD,12
2685,2,sst_attribute_rank,CLT B9-10,Skin feel IMD,Premium product,in_drag_imm,7.86,0,79.73,FC,IN,CLT B9-10 Skin feel IMD,13
2686,2,sst_attribute_rank,CLT B9-10,Skin feel IMD,Premium product,ft_stringiness,3.57,0,67.36,FC,IN,CLT B9-10 Skin feel IMD,14
2687,2,sst_attribute_rank,CLT B9-10,Skin feel IMD,Premium product,amount_of_residue,22.21,0,93.79,FC,IN,CLT B9-10 Skin feel IMD,15
2688,2,sst_attribute_rank,CLT B9-10,Skin feel IMD,Premium product,ft_sticky,4.93,0,74.43,FC,IN,CLT B9-10 Skin feel IMD,16
1603,7,sst_attribute_rank,CLT B17-18,Fragrance 10min,Moisturization,fr_Musky,0.0,0,1.0,FC,IN,CLT B17-18 Fragrance 10min,12
2689,2,sst_attribute_rank,CLT B9-10,Skin feel IMD,Premium product,in_thickness,11.71,0,75.67,FC,IN,CLT B9-10 Skin feel IMD,17
1604,7,sst_attribute_rank,CLT B17-18,Fragrance 10min,Moisturization,fr_Gourmand,0.0,0,1.0,FC,IN,CLT B17-18 Fragrance 10min,13
2690,2,sst_attribute_rank,CLT B9-10,Skin feel IMD,Premium product,in_greasy_imm,2.5,0,79.21,FC,IN,CLT B9-10 Skin feel IMD,18
2691,2,sst_attribute_rank,CLT B9-10,Skin feel IMD,Premium product,ft_firmness,6.71,0,79.57,FC,IN,CLT B9-10 Skin feel IMD,19
1605,7,sst_attribute_rank,CLT B17-18,Fragrance 10min,Moisturization,fr_Amber,0.0,0,1.0,FC,IN,CLT B17-18 Fragrance 10min,14
735,7,sst_attribute_rank,CLT B17-18,Fragrance 10min,Fairness over time,fr_Aromatic_Herbeaous,0.0,0,1.0,FC,IN,CLT B17-18 Fragrance 10min,3
736,7,sst_attribute_rank,CLT B17-18,Fragrance 10min,Fairness over time,fr_Aldehydic,0.0,0,1.0,FC,IN,CLT B17-18 Fragrance 10min,4
737,7,sst_attribute_rank,CLT B17-18,Fragrance 10min,Fairness over time,fr_Floral,0.0,0,1.0,FC,IN,CLT B17-18 Fragrance 10min,5
738,7,sst_attribute_rank,CLT B17-18,Fragrance 10min,Fairness over time,fr_Musky,0.0,0,1.0,FC,IN,CLT B17-18 Fragrance 10min,6
739,7,sst_attribute_rank,CLT B17-18,Fragrance 10min,Fairness over time,fr_Watery_Marine,0.0,0,1.0,FC,IN,CLT B17-18 Fragrance 10min,7
740,7,sst_attribute_rank,CLT B17-18,Fragrance 10min,Fairness over time,fr_Citrus,0.0,0,1.0,FC,IN,CLT B17-18 Fragrance 10min,8
741,2,sst_attribute_rank,CLT B9-10,Skin feel IMD,Fairness over time,in_thickness,11.71,0,75.67,FC,IN,CLT B9-10 Skin feel IMD,1
742,2,sst_attribute_rank,CLT B9-10,Skin feel IMD,Fairness over time,in_greasy,3.93,0,82.86,FC,IN,CLT B9-10 Skin feel IMD,2
743,2,sst_attribute_rank,CLT B9-10,Skin feel IMD,Fairness over time,oily_ft,0.0,0,92.07,FC,IN,CLT B9-10 Skin feel IMD,3
744,2,sst_attribute_rank,CLT B9-10,Skin feel IMD,Fairness over time,ft_sticky,4.93,0,74.43,FC,IN,CLT B9-10 Skin feel IMD,4
745,2,sst_attribute_rank,CLT B9-10,Skin feel IMD,Fairness over time,in_absorption,24.29,0,115.0,FC,IN,CLT B9-10 Skin feel IMD,5
746,2,sst_attribute_rank,CLT B9-10,Skin feel IMD,Fairness over time,softness_imm,7.29,0,72.86,FC,IN,CLT B9-10 Skin feel IMD,6
747,2,sst_attribute_rank,CLT B9-10,Skin feel IMD,Fairness over time,in_creamy,7.0,0,65.33,FC,IN,CLT B9-10 Skin feel IMD,7
748,2,sst_attribute_rank,CLT B9-10,Skin feel IMD,Fairness over time,amount_of_residue,22.21,0,93.79,FC,IN,CLT B9-10 Skin feel IMD,8
749,2,sst_attribute_rank,CLT B9-10,Skin feel IMD,Fairness over time,in_greasy_imm,2.5,0,79.21,FC,IN,CLT B9-10 Skin feel IMD,9
750,2,sst_attribute_rank,CLT B9-10,Skin feel IMD,Fairness over time,ft_firmness,6.71,0,79.57,FC,IN,CLT B9-10 Skin feel IMD,10
751,2,sst_attribute_rank,CLT B9-10,Skin feel IMD,Fairness over time,in_cooling,0.0,0,27.93,FC,IN,CLT B9-10 Skin feel IMD,11
752,2,sst_attribute_rank,CLT B9-10,Skin feel IMD,Fairness over time,in_sticky_imm,4.29,0,73.21,FC,IN,CLT B9-10 Skin feel IMD,12
753,2,sst_attribute_rank,CLT B9-10,Skin feel IMD,Fairness over time,in_oily_imm,0.64,0,79.64,FC,IN,CLT B9-10 Skin feel IMD,13
754,2,sst_attribute_rank,CLT B9-10,Skin feel IMD,Fairness over time,ft_stringiness,3.57,0,67.36,FC,IN,CLT B9-10 Skin feel IMD,14
755,2,sst_attribute_rank,CLT B9-10,Skin feel IMD,Fairness over time,in_spreadability,35.93,0,95.64,FC,IN,CLT B9-10 Skin feel IMD,15
756,2,sst_attribute_rank,CLT B9-10,Skin feel IMD,Fairness over time,in_drag_imm,7.86,0,79.73,FC,IN,CLT B9-10 Skin feel IMD,16
757,2,sst_attribute_rank,CLT B9-10,Skin feel IMD,Fairness over time,ft_peaking,3.57,0,78.27,FC,IN,CLT B9-10 Skin feel IMD,17
758,2,sst_attribute_rank,CLT B9-10,Skin feel IMD,Fairness over time,in_wet,1.79,0,89.79,FC,IN,CLT B9-10 Skin feel IMD,18
759,6,sst_attribute_rank,CLT B11-12,CLT Skin Feel 10min,Fairness over time,in_thickness,11.71,0,75.67,FC,IN,CLT B11-12 CLT Skin Feel 10min,1
760,6,sst_attribute_rank,CLT B11-12,CLT Skin Feel 10min,Fairness over time,in_greasy,3.93,0,82.86,FC,IN,CLT B11-12 CLT Skin Feel 10min,2
761,6,sst_attribute_rank,CLT B11-12,CLT Skin Feel 10min,Fairness over time,ft_firmness,6.71,0,79.57,FC,IN,CLT B11-12 CLT Skin Feel 10min,3
762,6,sst_attribute_rank,CLT B11-12,CLT Skin Feel 10min,Fairness over time,in_greasy_5min,1.71,0,72.36,FC,IN,CLT B11-12 CLT Skin Feel 10min,4
763,6,sst_attribute_rank,CLT B11-12,CLT Skin Feel 10min,Fairness over time,oily_ft,0.0,0,92.07,FC,IN,CLT B11-12 CLT Skin Feel 10min,5
764,6,sst_attribute_rank,CLT B11-12,CLT Skin Feel 10min,Fairness over time,ft_sticky,4.93,0,74.43,FC,IN,CLT B11-12 CLT Skin Feel 10min,6
765,6,sst_attribute_rank,CLT B11-12,CLT Skin Feel 10min,Fairness over time,in_sticky_5min,4.64,0,65.43,FC,IN,CLT B11-12 CLT Skin Feel 10min,7
766,6,sst_attribute_rank,CLT B11-12,CLT Skin Feel 10min,Fairness over time,in_absorption,24.29,0,115.0,FC,IN,CLT B11-12 CLT Skin Feel 10min,8
767,6,sst_attribute_rank,CLT B11-12,CLT Skin Feel 10min,Fairness over time,ft_peaking,3.57,0,78.27,FC,IN,CLT B11-12 CLT Skin Feel 10min,9
768,6,sst_attribute_rank,CLT B11-12,CLT Skin Feel 10min,Fairness over time,in_oily_5min,0.71,0,73.57,FC,IN,CLT B11-12 CLT Skin Feel 10min,10
769,6,sst_attribute_rank,CLT B11-12,CLT Skin Feel 10min,Fairness over time,in_drag_5min,9.5,0,71.4,FC,IN,CLT B11-12 CLT Skin Feel 10min,11
770,6,sst_attribute_rank,CLT B11-12,CLT Skin Feel 10min,Fairness over time,ft_stringiness,3.57,0,67.36,FC,IN,CLT B11-12 CLT Skin Feel 10min,12
771,6,sst_attribute_rank,CLT B11-12,CLT Skin Feel 10min,Fairness over time,in_wet,1.79,0,89.79,FC,IN,CLT B11-12 CLT Skin Feel 10min,13
772,6,sst_attribute_rank,CLT B11-12,CLT Skin Feel 10min,Fairness over time,in_creamy,7.0,0,65.33,FC,IN,CLT B11-12 CLT Skin Feel 10min,14
773,6,sst_attribute_rank,CLT B11-12,CLT Skin Feel 10min,Fairness over time,in_cooling_5min,0.0,0,5.36,FC,IN,CLT B11-12 CLT Skin Feel 10min,15
774,6,sst_attribute_rank,CLT B11-12,CLT Skin Feel 10min,Fairness over time,in_spreadability,35.93,0,95.64,FC,IN,CLT B11-12 CLT Skin Feel 10min,16
775,6,sst_attribute_rank,CLT B11-12,CLT Skin Feel 10min,Fairness over time,in_cooling,0.0,0,27.93,FC,IN,CLT B11-12 CLT Skin Feel 10min,17
776,6,sst_attribute_rank,CLT B11-12,CLT Skin Feel 10min,Fairness over time,tightness_5min,16.57,0,73.53,FC,IN,CLT B11-12 CLT Skin Feel 10min,18
777,9,sst_attribute_rank,CLT B3-4,Skin Look 10min,Fairness over time,in_coverage_imm,4.64,0,70.27,FC,IN,CLT B3-4 Skin Look 10min,1
778,9,sst_attribute_rank,CLT B3-4,Skin Look 10min,Fairness over time,in_coverage_5min,4.64,0,67.47,FC,IN,CLT B3-4 Skin Look 10min,2
779,9,sst_attribute_rank,CLT B3-4,Skin Look 10min,Fairness over time,patchy_residue_in,7.86,0,79.6,FC,IN,CLT B3-4 Skin Look 10min,3
780,9,sst_attribute_rank,CLT B3-4,Skin Look 10min,Fairness over time,in_gloss_5min,3.57,0,76.14,FC,IN,CLT B3-4 Skin Look 10min,4
781,9,sst_attribute_rank,CLT B3-4,Skin Look 10min,Fairness over time,patchy_residue_imm,4.29,0,39.07,FC,IN,CLT B3-4 Skin Look 10min,5
782,9,sst_attribute_rank,CLT B3-4,Skin Look 10min,Fairness over time,in_gloss_imm,4.29,0,82.86,FC,IN,CLT B3-4 Skin Look 10min,6
783,9,sst_attribute_rank,CLT B3-4,Skin Look 10min,Fairness over time,in_invisibility_5min,4.93,0,50.67,FC,IN,CLT B3-4 Skin Look 10min,7
784,9,sst_attribute_rank,CLT B3-4,Skin Look 10min,Fairness over time,in_invisibility_imm,5.43,0,51.33,FC,IN,CLT B3-4 Skin Look 10min,8
785,9,sst_attribute_rank,CLT B3-4,Skin Look 10min,Fairness over time,in_fairness_imm,4.33,0,50.21,FC,IN,CLT B3-4 Skin Look 10min,9
786,9,sst_attribute_rank,CLT B3-4,Skin Look 10min,Fairness over time,in_powderylook_5min,4.64,0,22.73,FC,IN,CLT B3-4 Skin Look 10min,10
787,9,sst_attribute_rank,CLT B3-4,Skin Look 10min,Fairness over time,in_fairness_5min,4.33,0,43.21,FC,IN,CLT B3-4 Skin Look 10min,11
788,9,sst_attribute_rank,CLT B3-4,Skin Look 10min,Fairness over time,in_powderylook_imm,4.64,0,41.79,FC,IN,CLT B3-4 Skin Look 10min,12
789,9,sst_attribute_rank,CLT B3-4,Skin Look 10min,Fairness over time,shimmer,0.0,0,58.8,FC,IN,CLT B3-4 Skin Look 10min,13
790,10,sst_attribute_rank,CLT B15-16,CLT Fingertip,Fairness over time,in_thickness,11.71,0,75.67,FC,IN,CLT B15-16 CLT Fingertip,1
791,10,sst_attribute_rank,CLT B15-16,CLT Fingertip,Fairness over time,in_greasy,3.93,0,82.86,FC,IN,CLT B15-16 CLT Fingertip,2
792,10,sst_attribute_rank,CLT B15-16,CLT Fingertip,Fairness over time,ft_firmness,6.71,0,79.57,FC,IN,CLT B15-16 CLT Fingertip,3
793,10,sst_attribute_rank,CLT B15-16,CLT Fingertip,Fairness over time,oily_ft,0.0,0,92.07,FC,IN,CLT B15-16 CLT Fingertip,4
794,10,sst_attribute_rank,CLT B15-16,CLT Fingertip,Fairness over time,in_sticky_imm,4.29,0,73.21,FC,IN,CLT B15-16 CLT Fingertip,5
795,10,sst_attribute_rank,CLT B15-16,CLT Fingertip,Fairness over time,in_oily,0.57,0,82.5,FC,IN,CLT B15-16 CLT Fingertip,6
796,10,sst_attribute_rank,CLT B15-16,CLT Fingertip,Fairness over time,in_creamy,7.0,0,65.33,FC,IN,CLT B15-16 CLT Fingertip,7
797,10,sst_attribute_rank,CLT B15-16,CLT Fingertip,Fairness over time,ft_stringiness,3.57,0,67.36,FC,IN,CLT B15-16 CLT Fingertip,8
798,10,sst_attribute_rank,CLT B15-16,CLT Fingertip,Fairness over time,amount_of_residue,22.21,0,93.79,FC,IN,CLT B15-16 CLT Fingertip,9
799,10,sst_attribute_rank,CLT B15-16,CLT Fingertip,Fairness over time,in_greasy_imm,2.5,0,79.21,FC,IN,CLT B15-16 CLT Fingertip,10
800,10,sst_attribute_rank,CLT B15-16,CLT Fingertip,Fairness over time,in_drag_imm,7.86,0,79.73,FC,IN,CLT B15-16 CLT Fingertip,11
801,10,sst_attribute_rank,CLT B15-16,CLT Fingertip,Fairness over time,consistency_rate,10.07,0,89.64,FC,IN,CLT B15-16 CLT Fingertip,12
802,10,sst_attribute_rank,CLT B15-16,CLT Fingertip,Fairness over time,ft_peaking,3.57,0,78.27,FC,IN,CLT B15-16 CLT Fingertip,13
803,10,sst_attribute_rank,CLT B15-16,CLT Fingertip,Fairness over time,in_waxy_imm,5.0,0,31.53,FC,IN,CLT B15-16 CLT Fingertip,14
804,10,sst_attribute_rank,CLT B15-16,CLT Fingertip,Fairness over time,in_spreadability,35.93,0,95.64,FC,IN,CLT B15-16 CLT Fingertip,15
805,10,sst_attribute_rank,CLT B15-16,CLT Fingertip,Fairness over time,ft_bounciness,1.14,0,39.64,FC,IN,CLT B15-16 CLT Fingertip,16
806,10,sst_attribute_rank,CLT B15-16,CLT Fingertip,Fairness over time,in_powdery_imm,5.14,0,80.36,FC,IN,CLT B15-16 CLT Fingertip,17
807,10,sst_attribute_rank,CLT B15-16,CLT Fingertip,Fairness over time,ft_sticky,4.93,0,74.43,FC,IN,CLT B15-16 CLT Fingertip,18
808,10,sst_attribute_rank,CLT B15-16,CLT Fingertip,Fairness over time,in_silky_imm,9.67,0,61.29,FC,IN,CLT B15-16 CLT Fingertip,19
809,10,sst_attribute_rank,CLT B15-16,CLT Fingertip,Fairness over time,in_wet,1.79,0,89.79,FC,IN,CLT B15-16 CLT Fingertip,20
810,10,sst_attribute_rank,CLT B15-16,CLT Fingertip,Fairness over time,in_oily_imm,0.64,0,79.64,FC,IN,CLT B15-16 CLT Fingertip,21
811,1,sst_attribute_rank,CLT B7-8,Skin feel IU,Fairness over time,oily_ft,0.0,0,92.07,FC,IN,CLT B7-8 Skin feel IU,1
812,1,sst_attribute_rank,CLT B7-8,Skin feel IU,Fairness over time,in_absorption,24.29,0,115.0,FC,IN,CLT B7-8 Skin feel IU,2
813,1,sst_attribute_rank,CLT B7-8,Skin feel IU,Fairness over time,in_cooling,0.0,0,27.93,FC,IN,CLT B7-8 Skin feel IU,3
814,1,sst_attribute_rank,CLT B7-8,Skin feel IU,Fairness over time,in_greasy,3.93,0,82.86,FC,IN,CLT B7-8 Skin feel IU,4
815,1,sst_attribute_rank,CLT B7-8,Skin feel IU,Fairness over time,in_creamy,7.0,0,65.33,FC,IN,CLT B7-8 Skin feel IU,5
816,1,sst_attribute_rank,CLT B7-8,Skin feel IU,Fairness over time,in_spreadability,35.93,0,95.64,FC,IN,CLT B7-8 Skin feel IU,6
817,1,sst_attribute_rank,CLT B7-8,Skin feel IU,Fairness over time,in_wet,1.79,0,89.79,FC,IN,CLT B7-8 Skin feel IU,7
818,1,sst_attribute_rank,CLT B7-8,Skin feel IU,Fairness over time,ft_stringiness,3.57,0,67.36,FC,IN,CLT B7-8 Skin feel IU,8
819,1,sst_attribute_rank,CLT B7-8,Skin feel IU,Fairness over time,ft_peaking,3.57,0,78.27,FC,IN,CLT B7-8 Skin feel IU,9
820,1,sst_attribute_rank,CLT B7-8,Skin feel IU,Fairness over time,ft_sticky,4.93,0,74.43,FC,IN,CLT B7-8 Skin feel IU,10
821,1,sst_attribute_rank,CLT B7-8,Skin feel IU,Fairness over time,in_thickness,11.71,0,75.67,FC,IN,CLT B7-8 Skin feel IU,11
822,1,sst_attribute_rank,CLT B7-8,Skin feel IU,Fairness over time,ft_firmness,6.71,0,79.57,FC,IN,CLT B7-8 Skin feel IU,12
823,8,sst_attribute_rank,CLT M1-2,APPEARANCE,Fairness over time,integrity_of_shape_rate,9.86,0,85.73,FC,IN,CLT M1-2 APPEARANCE,1
824,8,sst_attribute_rank,CLT M1-2,APPEARANCE,Fairness over time,integrity_of_shape_10s_rate,9.86,0,86.2,FC,IN,CLT M1-2 APPEARANCE,2
825,8,sst_attribute_rank,CLT M1-2,APPEARANCE,Fairness over time,product_b,63.0,0,255.0,FC,IN,CLT M1-2 APPEARANCE,3
826,8,sst_attribute_rank,CLT M1-2,APPEARANCE,Fairness over time,transparency_rate,8.0,0,96.93,FC,IN,CLT M1-2 APPEARANCE,4
827,8,sst_attribute_rank,CLT M1-2,APPEARANCE,Fairness over time,product_g,133.0,0,255.0,FC,IN,CLT M1-2 APPEARANCE,5
828,8,sst_attribute_rank,CLT M1-2,APPEARANCE,Fairness over time,ft_firmness,6.71,0,79.57,FC,IN,CLT M1-2 APPEARANCE,6
829,8,sst_attribute_rank,CLT M1-2,APPEARANCE,Fairness over time,lightness_of_color,1.0,0,17.0,FC,IN,CLT M1-2 APPEARANCE,7
830,8,sst_attribute_rank,CLT M1-2,APPEARANCE,Fairness over time,gloss_rate,5.36,0,92.21,FC,IN,CLT M1-2 APPEARANCE,8
2692,4,sst_attribute_rank,CLT B1-2,Skin Look IMD,Premium product,in_gloss_5min,3.57,0,76.14,FC,IN,CLT B1-2 Skin Look IMD,1
2693,4,sst_attribute_rank,CLT B1-2,Skin Look IMD,Premium product,in_powderylook_5min,4.64,0,22.73,FC,IN,CLT B1-2 Skin Look IMD,2
2694,4,sst_attribute_rank,CLT B1-2,Skin Look IMD,Premium product,in_coverage_5min,4.64,0,67.47,FC,IN,CLT B1-2 Skin Look IMD,3
2695,4,sst_attribute_rank,CLT B1-2,Skin Look IMD,Premium product,in_gloss_imm,4.29,0,82.86,FC,IN,CLT B1-2 Skin Look IMD,4
2696,4,sst_attribute_rank,CLT B1-2,Skin Look IMD,Premium product,in_coverage_imm,4.64,0,70.27,FC,IN,CLT B1-2 Skin Look IMD,5
2697,4,sst_attribute_rank,CLT B1-2,Skin Look IMD,Premium product,in_powderylook_imm,4.64,0,41.79,FC,IN,CLT B1-2 Skin Look IMD,6
2698,4,sst_attribute_rank,CLT B1-2,Skin Look IMD,Premium product,patchy_residue_in,7.86,0,79.6,FC,IN,CLT B1-2 Skin Look IMD,7
2699,4,sst_attribute_rank,CLT B1-2,Skin Look IMD,Premium product,patchy_residue_imm,4.29,0,39.07,FC,IN,CLT B1-2 Skin Look IMD,8
2700,4,sst_attribute_rank,CLT B1-2,Skin Look IMD,Premium product,in_invisibility_imm,5.43,0,51.33,FC,IN,CLT B1-2 Skin Look IMD,9
2701,4,sst_attribute_rank,CLT B1-2,Skin Look IMD,Premium product,in_invisibility_5min,4.93,0,50.67,FC,IN,CLT B1-2 Skin Look IMD,10
2702,4,sst_attribute_rank,CLT B1-2,Skin Look IMD,Premium product,shimmer,0.0,0,58.8,FC,IN,CLT B1-2 Skin Look IMD,11
2703,4,sst_attribute_rank,CLT B1-2,Skin Look IMD,Premium product,in_fairness_5min,4.33,0,43.21,FC,IN,CLT B1-2 Skin Look IMD,12
2704,4,sst_attribute_rank,CLT B1-2,Skin Look IMD,Premium product,in_fairness_imm,4.33,0,50.21,FC,IN,CLT B1-2 Skin Look IMD,13
2705,5,sst_attribute_rank,CLT B5-6,Fragrance In Jar,Premium product,fr_Aldehydic,0.0,0,1.0,FC,IN,CLT B5-6 Fragrance In Jar,1
2706,5,sst_attribute_rank,CLT B5-6,Fragrance In Jar,Premium product,fr_Green,0.0,0,1.0,FC,IN,CLT B5-6 Fragrance In Jar,2
2707,5,sst_attribute_rank,CLT B5-6,Fragrance In Jar,Premium product,fr_Aromatic_Herbeaous,0.0,0,1.0,FC,IN,CLT B5-6 Fragrance In Jar,3
2708,5,sst_attribute_rank,CLT B5-6,Fragrance In Jar,Premium product,fr_Powdery,0.0,0,1.0,FC,IN,CLT B5-6 Fragrance In Jar,4
2709,5,sst_attribute_rank,CLT B5-6,Fragrance In Jar,Premium product,fr_Musky,0.0,0,1.0,FC,IN,CLT B5-6 Fragrance In Jar,5
2710,5,sst_attribute_rank,CLT B5-6,Fragrance In Jar,Premium product,in_fragrance_5min,15.43,0,64.07,FC,IN,CLT B5-6 Fragrance In Jar,6
2711,5,sst_attribute_rank,CLT B5-6,Fragrance In Jar,Premium product,fr_Floral,0.0,0,1.0,FC,IN,CLT B5-6 Fragrance In Jar,7
2712,5,sst_attribute_rank,CLT B5-6,Fragrance In Jar,Premium product,in_fragrance_imm,24.36,0,74.73,FC,IN,CLT B5-6 Fragrance In Jar,8
2713,5,sst_attribute_rank,CLT B5-6,Fragrance In Jar,Premium product,fr_Citrus,0.0,0,1.0,FC,IN,CLT B5-6 Fragrance In Jar,9
2714,5,sst_attribute_rank,CLT B5-6,Fragrance In Jar,Premium product,fr_Amber,0.0,0,1.0,FC,IN,CLT B5-6 Fragrance In Jar,10
2715,5,sst_attribute_rank,CLT B5-6,Fragrance In Jar,Premium product,fr_Woody,0.0,0,1.0,FC,IN,CLT B5-6 Fragrance In Jar,11
2716,5,sst_attribute_rank,CLT B5-6,Fragrance In Jar,Premium product,fr_Gourmand,0.0,0,1.0,FC,IN,CLT B5-6 Fragrance In Jar,12
2717,5,sst_attribute_rank,CLT B5-6,Fragrance In Jar,Premium product,fr_Watery_Marine,0.0,0,1.0,FC,IN,CLT B5-6 Fragrance In Jar,13
2718,5,sst_attribute_rank,CLT B5-6,Fragrance In Jar,Premium product,fr_Fruity,0.0,0,1.0,FC,IN,CLT B5-6 Fragrance In Jar,14
2719,6,sst_attribute_rank,CLT B11-12,CLT Skin Feel 10min,Premium product,in_thickness,11.71,0,75.67,FC,IN,CLT B11-12 CLT Skin Feel 10min,1
2720,6,sst_attribute_rank,CLT B11-12,CLT Skin Feel 10min,Premium product,in_greasy_5min,1.71,0,72.36,FC,IN,CLT B11-12 CLT Skin Feel 10min,2
1606,9,sst_attribute_rank,CLT B3-4,Skin Look 10min,Moisturization,patchy_residue_in,7.86,0,79.6,FC,IN,CLT B3-4 Skin Look 10min,1
1607,9,sst_attribute_rank,CLT B3-4,Skin Look 10min,Moisturization,in_gloss_5min,3.57,0,76.14,FC,IN,CLT B3-4 Skin Look 10min,2
1608,9,sst_attribute_rank,CLT B3-4,Skin Look 10min,Moisturization,in_gloss_imm,4.29,0,82.86,FC,IN,CLT B3-4 Skin Look 10min,3
1609,9,sst_attribute_rank,CLT B3-4,Skin Look 10min,Moisturization,patchy_residue_imm,4.29,0,39.07,FC,IN,CLT B3-4 Skin Look 10min,4
1610,9,sst_attribute_rank,CLT B3-4,Skin Look 10min,Moisturization,in_invisibility_imm,5.43,0,51.33,FC,IN,CLT B3-4 Skin Look 10min,5
1611,9,sst_attribute_rank,CLT B3-4,Skin Look 10min,Moisturization,in_invisibility_5min,4.93,0,50.67,FC,IN,CLT B3-4 Skin Look 10min,6
1612,9,sst_attribute_rank,CLT B3-4,Skin Look 10min,Moisturization,in_powderylook_imm,4.64,0,41.79,FC,IN,CLT B3-4 Skin Look 10min,7
1613,9,sst_attribute_rank,CLT B3-4,Skin Look 10min,Moisturization,in_fairness_5min,4.33,0,43.21,FC,IN,CLT B3-4 Skin Look 10min,8
1614,9,sst_attribute_rank,CLT B3-4,Skin Look 10min,Moisturization,in_powderylook_5min,4.64,0,22.73,FC,IN,CLT B3-4 Skin Look 10min,9
1615,9,sst_attribute_rank,CLT B3-4,Skin Look 10min,Moisturization,in_fairness_imm,4.33,0,50.21,FC,IN,CLT B3-4 Skin Look 10min,10
1616,9,sst_attribute_rank,CLT B3-4,Skin Look 10min,Moisturization,in_coverage_imm,4.64,0,70.27,FC,IN,CLT B3-4 Skin Look 10min,11
1617,9,sst_attribute_rank,CLT B3-4,Skin Look 10min,Moisturization,in_coverage_5min,4.64,0,67.47,FC,IN,CLT B3-4 Skin Look 10min,12
1618,9,sst_attribute_rank,CLT B3-4,Skin Look 10min,Moisturization,shimmer,0.0,0,58.8,FC,IN,CLT B3-4 Skin Look 10min,13
1619,3,sst_attribute_rank,CLT B13-14,CLT Fragrance IMD,Moisturization,in_fragrance_5min,15.43,0,64.07,FC,IN,CLT B13-14 CLT Fragrance IMD,1
1620,3,sst_attribute_rank,CLT B13-14,CLT Fragrance IMD,Moisturization,in_fragrance_imm,24.36,0,74.73,FC,IN,CLT B13-14 CLT Fragrance IMD,2
1621,3,sst_attribute_rank,CLT B13-14,CLT Fragrance IMD,Moisturization,fr_Green,0.0,0,1.0,FC,IN,CLT B13-14 CLT Fragrance IMD,3
1622,3,sst_attribute_rank,CLT B13-14,CLT Fragrance IMD,Moisturization,fr_Aldehydic,0.0,0,1.0,FC,IN,CLT B13-14 CLT Fragrance IMD,4
1623,3,sst_attribute_rank,CLT B13-14,CLT Fragrance IMD,Moisturization,fr_Aromatic_Herbeaous,0.0,0,1.0,FC,IN,CLT B13-14 CLT Fragrance IMD,5
1624,3,sst_attribute_rank,CLT B13-14,CLT Fragrance IMD,Moisturization,fr_Musky,0.0,0,1.0,FC,IN,CLT B13-14 CLT Fragrance IMD,6
1625,3,sst_attribute_rank,CLT B13-14,CLT Fragrance IMD,Moisturization,fr_Floral,0.0,0,1.0,FC,IN,CLT B13-14 CLT Fragrance IMD,7
1626,3,sst_attribute_rank,CLT B13-14,CLT Fragrance IMD,Moisturization,fr_Citrus,0.0,0,1.0,FC,IN,CLT B13-14 CLT Fragrance IMD,8
1627,10,sst_attribute_rank,CLT B15-16,CLT Fingertip,Moisturization,in_thickness,11.71,0,75.67,FC,IN,CLT B15-16 CLT Fingertip,1
1628,10,sst_attribute_rank,CLT B15-16,CLT Fingertip,Moisturization,in_greasy,3.93,0,82.86,FC,IN,CLT B15-16 CLT Fingertip,2
1629,10,sst_attribute_rank,CLT B15-16,CLT Fingertip,Moisturization,ft_firmness,6.71,0,79.57,FC,IN,CLT B15-16 CLT Fingertip,3
1630,10,sst_attribute_rank,CLT B15-16,CLT Fingertip,Moisturization,in_sticky_imm,4.29,0,73.21,FC,IN,CLT B15-16 CLT Fingertip,4
1631,10,sst_attribute_rank,CLT B15-16,CLT Fingertip,Moisturization,ft_sticky,4.93,0,74.43,FC,IN,CLT B15-16 CLT Fingertip,5
1632,10,sst_attribute_rank,CLT B15-16,CLT Fingertip,Moisturization,in_drag_imm,7.86,0,79.73,FC,IN,CLT B15-16 CLT Fingertip,6
1633,10,sst_attribute_rank,CLT B15-16,CLT Fingertip,Moisturization,in_waxy_imm,5.0,0,31.53,FC,IN,CLT B15-16 CLT Fingertip,7
1634,10,sst_attribute_rank,CLT B15-16,CLT Fingertip,Moisturization,in_oily_imm,0.64,0,79.64,FC,IN,CLT B15-16 CLT Fingertip,8
1635,10,sst_attribute_rank,CLT B15-16,CLT Fingertip,Moisturization,oily_ft,0.0,0,92.07,FC,IN,CLT B15-16 CLT Fingertip,9
1636,10,sst_attribute_rank,CLT B15-16,CLT Fingertip,Moisturization,ft_peaking,3.57,0,78.27,FC,IN,CLT B15-16 CLT Fingertip,10
2721,6,sst_attribute_rank,CLT B11-12,CLT Skin Feel 10min,Premium product,oily_ft,0.0,0,92.07,FC,IN,CLT B11-12 CLT Skin Feel 10min,3
2722,6,sst_attribute_rank,CLT B11-12,CLT Skin Feel 10min,Premium product,ft_firmness,6.71,0,79.57,FC,IN,CLT B11-12 CLT Skin Feel 10min,4
2723,6,sst_attribute_rank,CLT B11-12,CLT Skin Feel 10min,Premium product,ft_stringiness,3.57,0,67.36,FC,IN,CLT B11-12 CLT Skin Feel 10min,5
1637,10,sst_attribute_rank,CLT B15-16,CLT Fingertip,Moisturization,ft_stringiness,3.57,0,67.36,FC,IN,CLT B15-16 CLT Fingertip,11
2724,6,sst_attribute_rank,CLT B11-12,CLT Skin Feel 10min,Premium product,in_sticky_5min,4.64,0,65.43,FC,IN,CLT B11-12 CLT Skin Feel 10min,6
1638,10,sst_attribute_rank,CLT B15-16,CLT Fingertip,Moisturization,in_greasy_imm,2.5,0,79.21,FC,IN,CLT B15-16 CLT Fingertip,12
2725,6,sst_attribute_rank,CLT B11-12,CLT Skin Feel 10min,Premium product,in_oily_5min,0.71,0,73.57,FC,IN,CLT B11-12 CLT Skin Feel 10min,7
1639,10,sst_attribute_rank,CLT B15-16,CLT Fingertip,Moisturization,ft_bounciness,1.14,0,39.64,FC,IN,CLT B15-16 CLT Fingertip,13
2726,6,sst_attribute_rank,CLT B11-12,CLT Skin Feel 10min,Premium product,in_greasy,3.93,0,82.86,FC,IN,CLT B11-12 CLT Skin Feel 10min,8
2727,6,sst_attribute_rank,CLT B11-12,CLT Skin Feel 10min,Premium product,in_absorption,24.29,0,115.0,FC,IN,CLT B11-12 CLT Skin Feel 10min,9
1640,10,sst_attribute_rank,CLT B15-16,CLT Fingertip,Moisturization,in_spreadability,35.93,0,95.64,FC,IN,CLT B15-16 CLT Fingertip,14
2728,6,sst_attribute_rank,CLT B11-12,CLT Skin Feel 10min,Premium product,ft_sticky,4.93,0,74.43,FC,IN,CLT B11-12 CLT Skin Feel 10min,10
1641,10,sst_attribute_rank,CLT B15-16,CLT Fingertip,Moisturization,in_wet,1.79,0,89.79,FC,IN,CLT B15-16 CLT Fingertip,15
2729,6,sst_attribute_rank,CLT B11-12,CLT Skin Feel 10min,Premium product,ft_peaking,3.57,0,78.27,FC,IN,CLT B11-12 CLT Skin Feel 10min,11
1642,10,sst_attribute_rank,CLT B15-16,CLT Fingertip,Moisturization,in_powdery_imm,5.14,0,80.36,FC,IN,CLT B15-16 CLT Fingertip,16
2730,6,sst_attribute_rank,CLT B11-12,CLT Skin Feel 10min,Premium product,in_drag_5min,9.5,0,71.4,FC,IN,CLT B11-12 CLT Skin Feel 10min,12
1643,10,sst_attribute_rank,CLT B15-16,CLT Fingertip,Moisturization,amount_of_residue,22.21,0,93.79,FC,IN,CLT B15-16 CLT Fingertip,17
2731,6,sst_attribute_rank,CLT B11-12,CLT Skin Feel 10min,Premium product,tightness_5min,16.57,0,73.53,FC,IN,CLT B11-12 CLT Skin Feel 10min,13
1644,10,sst_attribute_rank,CLT B15-16,CLT Fingertip,Moisturization,in_creamy,7.0,0,65.33,FC,IN,CLT B15-16 CLT Fingertip,18
2732,6,sst_attribute_rank,CLT B11-12,CLT Skin Feel 10min,Premium product,in_cooling_5min,0.0,0,5.36,FC,IN,CLT B11-12 CLT Skin Feel 10min,14
1645,10,sst_attribute_rank,CLT B15-16,CLT Fingertip,Moisturization,in_oily,0.57,0,82.5,FC,IN,CLT B15-16 CLT Fingertip,19
2733,6,sst_attribute_rank,CLT B11-12,CLT Skin Feel 10min,Premium product,in_wet,1.79,0,89.79,FC,IN,CLT B11-12 CLT Skin Feel 10min,15
1646,10,sst_attribute_rank,CLT B15-16,CLT Fingertip,Moisturization,consistency_rate,10.07,0,89.64,FC,IN,CLT B15-16 CLT Fingertip,20
2734,6,sst_attribute_rank,CLT B11-12,CLT Skin Feel 10min,Premium product,in_spreadability,35.93,0,95.64,FC,IN,CLT B11-12 CLT Skin Feel 10min,16
1647,4,sst_attribute_rank,CLT B1-2,Skin Look IMD,Moisturization,patchy_residue_in,7.86,0,79.6,FC,IN,CLT B1-2 Skin Look IMD,1
2735,6,sst_attribute_rank,CLT B11-12,CLT Skin Feel 10min,Premium product,in_creamy,7.0,0,65.33,FC,IN,CLT B11-12 CLT Skin Feel 10min,17
1648,4,sst_attribute_rank,CLT B1-2,Skin Look IMD,Moisturization,patchy_residue_imm,4.29,0,39.07,FC,IN,CLT B1-2 Skin Look IMD,2
2736,10,sst_attribute_rank,CLT B15-16,CLT Fingertip,Premium product,in_thickness,11.71,0,75.67,FC,IN,CLT B15-16 CLT Fingertip,1
1649,4,sst_attribute_rank,CLT B1-2,Skin Look IMD,Moisturization,in_gloss_5min,3.57,0,76.14,FC,IN,CLT B1-2 Skin Look IMD,3
2737,10,sst_attribute_rank,CLT B15-16,CLT Fingertip,Premium product,oily_ft,0.0,0,92.07,FC,IN,CLT B15-16 CLT Fingertip,2
1650,4,sst_attribute_rank,CLT B1-2,Skin Look IMD,Moisturization,in_powderylook_imm,4.64,0,41.79,FC,IN,CLT B1-2 Skin Look IMD,4
1651,4,sst_attribute_rank,CLT B1-2,Skin Look IMD,Moisturization,in_invisibility_imm,5.43,0,51.33,FC,IN,CLT B1-2 Skin Look IMD,5
1652,4,sst_attribute_rank,CLT B1-2,Skin Look IMD,Moisturization,in_gloss_imm,4.29,0,82.86,FC,IN,CLT B1-2 Skin Look IMD,6
1653,4,sst_attribute_rank,CLT B1-2,Skin Look IMD,Moisturization,in_invisibility_5min,4.93,0,50.67,FC,IN,CLT B1-2 Skin Look IMD,7
1654,4,sst_attribute_rank,CLT B1-2,Skin Look IMD,Moisturization,in_powderylook_5min,4.64,0,22.73,FC,IN,CLT B1-2 Skin Look IMD,8
1655,4,sst_attribute_rank,CLT B1-2,Skin Look IMD,Moisturization,in_coverage_5min,4.64,0,67.47,FC,IN,CLT B1-2 Skin Look IMD,9
1656,4,sst_attribute_rank,CLT B1-2,Skin Look IMD,Moisturization,in_coverage_imm,4.64,0,70.27,FC,IN,CLT B1-2 Skin Look IMD,10
1657,4,sst_attribute_rank,CLT B1-2,Skin Look IMD,Moisturization,in_fairness_5min,4.33,0,43.21,FC,IN,CLT B1-2 Skin Look IMD,11
1658,4,sst_attribute_rank,CLT B1-2,Skin Look IMD,Moisturization,in_fairness_imm,4.33,0,50.21,FC,IN,CLT B1-2 Skin Look IMD,12
1659,4,sst_attribute_rank,CLT B1-2,Skin Look IMD,Moisturization,shimmer,0.0,0,58.8,FC,IN,CLT B1-2 Skin Look IMD,13
1660,6,sst_attribute_rank,CLT B11-12,CLT Skin Feel 10min,Moisturization,in_thickness,11.71,0,75.67,FC,IN,CLT B11-12 CLT Skin Feel 10min,1
1661,6,sst_attribute_rank,CLT B11-12,CLT Skin Feel 10min,Moisturization,in_greasy,3.93,0,82.86,FC,IN,CLT B11-12 CLT Skin Feel 10min,2
1662,6,sst_attribute_rank,CLT B11-12,CLT Skin Feel 10min,Moisturization,in_sticky_5min,4.64,0,65.43,FC,IN,CLT B11-12 CLT Skin Feel 10min,3
1663,6,sst_attribute_rank,CLT B11-12,CLT Skin Feel 10min,Moisturization,in_greasy_5min,1.71,0,72.36,FC,IN,CLT B11-12 CLT Skin Feel 10min,4
1664,6,sst_attribute_rank,CLT B11-12,CLT Skin Feel 10min,Moisturization,oily_ft,0.0,0,92.07,FC,IN,CLT B11-12 CLT Skin Feel 10min,5
1665,6,sst_attribute_rank,CLT B11-12,CLT Skin Feel 10min,Moisturization,in_oily_5min,0.71,0,73.57,FC,IN,CLT B11-12 CLT Skin Feel 10min,6
1666,6,sst_attribute_rank,CLT B11-12,CLT Skin Feel 10min,Moisturization,in_spreadability,35.93,0,95.64,FC,IN,CLT B11-12 CLT Skin Feel 10min,7
1667,6,sst_attribute_rank,CLT B11-12,CLT Skin Feel 10min,Moisturization,ft_stringiness,3.57,0,67.36,FC,IN,CLT B11-12 CLT Skin Feel 10min,8
1668,6,sst_attribute_rank,CLT B11-12,CLT Skin Feel 10min,Moisturization,in_drag_5min,9.5,0,71.4,FC,IN,CLT B11-12 CLT Skin Feel 10min,9
1669,6,sst_attribute_rank,CLT B11-12,CLT Skin Feel 10min,Moisturization,in_creamy,7.0,0,65.33,FC,IN,CLT B11-12 CLT Skin Feel 10min,10
1670,6,sst_attribute_rank,CLT B11-12,CLT Skin Feel 10min,Moisturization,ft_sticky,4.93,0,74.43,FC,IN,CLT B11-12 CLT Skin Feel 10min,11
1671,6,sst_attribute_rank,CLT B11-12,CLT Skin Feel 10min,Moisturization,ft_firmness,6.71,0,79.57,FC,IN,CLT B11-12 CLT Skin Feel 10min,12
1672,6,sst_attribute_rank,CLT B11-12,CLT Skin Feel 10min,Moisturization,tightness_5min,16.57,0,73.53,FC,IN,CLT B11-12 CLT Skin Feel 10min,13
1673,6,sst_attribute_rank,CLT B11-12,CLT Skin Feel 10min,Moisturization,in_wet,1.79,0,89.79,FC,IN,CLT B11-12 CLT Skin Feel 10min,14
1674,6,sst_attribute_rank,CLT B11-12,CLT Skin Feel 10min,Moisturization,ft_peaking,3.57,0,78.27,FC,IN,CLT B11-12 CLT Skin Feel 10min,15
1675,6,sst_attribute_rank,CLT B11-12,CLT Skin Feel 10min,Moisturization,in_cooling,0.0,0,27.93,FC,IN,CLT B11-12 CLT Skin Feel 10min,16
1676,6,sst_attribute_rank,CLT B11-12,CLT Skin Feel 10min,Moisturization,in_absorption,24.29,0,115.0,FC,IN,CLT B11-12 CLT Skin Feel 10min,17
1677,7,sst_attribute_rank,CLT B17-18,Fragrance 10min,Soft and Smooth,in_fragrance_5min,15.43,0,64.07,FC,IN,CLT B17-18 Fragrance 10min,1
1678,7,sst_attribute_rank,CLT B17-18,Fragrance 10min,Soft and Smooth,fr_Green,0.0,0,1.0,FC,IN,CLT B17-18 Fragrance 10min,2
1679,7,sst_attribute_rank,CLT B17-18,Fragrance 10min,Soft and Smooth,in_fragrance_imm,24.36,0,74.73,FC,IN,CLT B17-18 Fragrance 10min,3
1680,7,sst_attribute_rank,CLT B17-18,Fragrance 10min,Soft and Smooth,fr_Aldehydic,0.0,0,1.0,FC,IN,CLT B17-18 Fragrance 10min,4
1681,7,sst_attribute_rank,CLT B17-18,Fragrance 10min,Soft and Smooth,fr_Powdery,0.0,0,1.0,FC,IN,CLT B17-18 Fragrance 10min,5
1682,7,sst_attribute_rank,CLT B17-18,Fragrance 10min,Soft and Smooth,fr_Citrus,0.0,0,1.0,FC,IN,CLT B17-18 Fragrance 10min,6
1683,7,sst_attribute_rank,CLT B17-18,Fragrance 10min,Soft and Smooth,fr_Floral,0.0,0,1.0,FC,IN,CLT B17-18 Fragrance 10min,7
1684,7,sst_attribute_rank,CLT B17-18,Fragrance 10min,Soft and Smooth,fr_Watery_Marine,0.0,0,1.0,FC,IN,CLT B17-18 Fragrance 10min,8
1685,7,sst_attribute_rank,CLT B17-18,Fragrance 10min,Soft and Smooth,fr_Fruity,0.0,0,1.0,FC,IN,CLT B17-18 Fragrance 10min,9
1686,7,sst_attribute_rank,CLT B17-18,Fragrance 10min,Soft and Smooth,fr_Musky,0.0,0,1.0,FC,IN,CLT B17-18 Fragrance 10min,10
1687,7,sst_attribute_rank,CLT B17-18,Fragrance 10min,Soft and Smooth,fr_Aromatic_Herbeaous,0.0,0,1.0,FC,IN,CLT B17-18 Fragrance 10min,11
1688,7,sst_attribute_rank,CLT B17-18,Fragrance 10min,Soft and Smooth,fr_Woody,0.0,0,1.0,FC,IN,CLT B17-18 Fragrance 10min,12
1689,7,sst_attribute_rank,CLT B17-18,Fragrance 10min,Soft and Smooth,fr_Gourmand,0.0,0,1.0,FC,IN,CLT B17-18 Fragrance 10min,13
1690,7,sst_attribute_rank,CLT B17-18,Fragrance 10min,Soft and Smooth,fr_Amber,0.0,0,1.0,FC,IN,CLT B17-18 Fragrance 10min,14
1691,1,sst_attribute_rank,CLT B7-8,Skin feel IU,Soft and Smooth,in_cooling,0.0,0,27.93,FC,IN,CLT B7-8 Skin feel IU,1
1692,1,sst_attribute_rank,CLT B7-8,Skin feel IU,Soft and Smooth,in_absorption,24.29,0,115.0,FC,IN,CLT B7-8 Skin feel IU,2
1693,1,sst_attribute_rank,CLT B7-8,Skin feel IU,Soft and Smooth,in_wet,1.79,0,89.79,FC,IN,CLT B7-8 Skin feel IU,3
1694,1,sst_attribute_rank,CLT B7-8,Skin feel IU,Soft and Smooth,ft_peaking,3.57,0,78.27,FC,IN,CLT B7-8 Skin feel IU,4
1695,1,sst_attribute_rank,CLT B7-8,Skin feel IU,Soft and Smooth,in_creamy,7.0,0,65.33,FC,IN,CLT B7-8 Skin feel IU,5
1696,1,sst_attribute_rank,CLT B7-8,Skin feel IU,Soft and Smooth,ft_stringiness,3.57,0,67.36,FC,IN,CLT B7-8 Skin feel IU,6
1697,1,sst_attribute_rank,CLT B7-8,Skin feel IU,Soft and Smooth,oily_ft,0.0,0,92.07,FC,IN,CLT B7-8 Skin feel IU,7
1698,1,sst_attribute_rank,CLT B7-8,Skin feel IU,Soft and Smooth,in_greasy,3.93,0,82.86,FC,IN,CLT B7-8 Skin feel IU,8
1699,1,sst_attribute_rank,CLT B7-8,Skin feel IU,Soft and Smooth,ft_firmness,6.71,0,79.57,FC,IN,CLT B7-8 Skin feel IU,9
1700,1,sst_attribute_rank,CLT B7-8,Skin feel IU,Soft and Smooth,ft_sticky,4.93,0,74.43,FC,IN,CLT B7-8 Skin feel IU,10
1701,1,sst_attribute_rank,CLT B7-8,Skin feel IU,Soft and Smooth,in_spreadability,35.93,0,95.64,FC,IN,CLT B7-8 Skin feel IU,11
1702,1,sst_attribute_rank,CLT B7-8,Skin feel IU,Soft and Smooth,in_thickness,11.71,0,75.67,FC,IN,CLT B7-8 Skin feel IU,12
1703,5,sst_attribute_rank,CLT B5-6,Fragrance In Jar,Soft and Smooth,fr_Green,0.0,0,1.0,FC,IN,CLT B5-6 Fragrance In Jar,1
1704,5,sst_attribute_rank,CLT B5-6,Fragrance In Jar,Soft and Smooth,fr_Aldehydic,0.0,0,1.0,FC,IN,CLT B5-6 Fragrance In Jar,2
1705,5,sst_attribute_rank,CLT B5-6,Fragrance In Jar,Soft and Smooth,in_fragrance_5min,15.43,0,64.07,FC,IN,CLT B5-6 Fragrance In Jar,3
1706,5,sst_attribute_rank,CLT B5-6,Fragrance In Jar,Soft and Smooth,in_fragrance_imm,24.36,0,74.73,FC,IN,CLT B5-6 Fragrance In Jar,4
1707,5,sst_attribute_rank,CLT B5-6,Fragrance In Jar,Soft and Smooth,fr_Aromatic_Herbeaous,0.0,0,1.0,FC,IN,CLT B5-6 Fragrance In Jar,5
1708,5,sst_attribute_rank,CLT B5-6,Fragrance In Jar,Soft and Smooth,fr_Musky,0.0,0,1.0,FC,IN,CLT B5-6 Fragrance In Jar,6
1709,5,sst_attribute_rank,CLT B5-6,Fragrance In Jar,Soft and Smooth,fr_Citrus,0.0,0,1.0,FC,IN,CLT B5-6 Fragrance In Jar,7
1710,5,sst_attribute_rank,CLT B5-6,Fragrance In Jar,Soft and Smooth,fr_Floral,0.0,0,1.0,FC,IN,CLT B5-6 Fragrance In Jar,8
1711,2,sst_attribute_rank,CLT B9-10,Skin feel IMD,Soft and Smooth,in_cooling_imm,0.0,0,19.29,FC,IN,CLT B9-10 Skin feel IMD,1
2769,1,sst_attribute_rank,CLT B7-8,Skin feel IU,Premium product,in_absorption,24.29,0,115.0,FC,IN,CLT B7-8 Skin feel IU,2
2770,1,sst_attribute_rank,CLT B7-8,Skin feel IU,Premium product,in_wet,1.79,0,89.79,FC,IN,CLT B7-8 Skin feel IU,3
2771,1,sst_attribute_rank,CLT B7-8,Skin feel IU,Premium product,in_greasy,3.93,0,82.86,FC,IN,CLT B7-8 Skin feel IU,4
2772,1,sst_attribute_rank,CLT B7-8,Skin feel IU,Premium product,ft_peaking,3.57,0,78.27,FC,IN,CLT B7-8 Skin feel IU,5
2773,1,sst_attribute_rank,CLT B7-8,Skin feel IU,Premium product,oily_ft,0.0,0,92.07,FC,IN,CLT B7-8 Skin feel IU,6
2774,1,sst_attribute_rank,CLT B7-8,Skin feel IU,Premium product,in_creamy,7.0,0,65.33,FC,IN,CLT B7-8 Skin feel IU,7
2775,1,sst_attribute_rank,CLT B7-8,Skin feel IU,Premium product,ft_stringiness,3.57,0,67.36,FC,IN,CLT B7-8 Skin feel IU,8
2776,1,sst_attribute_rank,CLT B7-8,Skin feel IU,Premium product,ft_firmness,6.71,0,79.57,FC,IN,CLT B7-8 Skin feel IU,9
2777,1,sst_attribute_rank,CLT B7-8,Skin feel IU,Premium product,in_spreadability,35.93,0,95.64,FC,IN,CLT B7-8 Skin feel IU,10
2778,1,sst_attribute_rank,CLT B7-8,Skin feel IU,Premium product,ft_sticky,4.93,0,74.43,FC,IN,CLT B7-8 Skin feel IU,11
2779,1,sst_attribute_rank,CLT B7-8,Skin feel IU,Premium product,in_thickness,11.71,0,75.67,FC,IN,CLT B7-8 Skin feel IU,12
2780,8,sst_attribute_rank,CLT M1-2,APPEARANCE,Premium product,integrity_of_shape_rate,9.86,0,85.73,FC,IN,CLT M1-2 APPEARANCE,1
2781,8,sst_attribute_rank,CLT M1-2,APPEARANCE,Premium product,integrity_of_shape_10s_rate,9.86,0,86.2,FC,IN,CLT M1-2 APPEARANCE,2
2782,8,sst_attribute_rank,CLT M1-2,APPEARANCE,Premium product,product_b,63.0,0,255.0,FC,IN,CLT M1-2 APPEARANCE,3
2783,8,sst_attribute_rank,CLT M1-2,APPEARANCE,Premium product,product_g,133.0,0,255.0,FC,IN,CLT M1-2 APPEARANCE,4
2784,8,sst_attribute_rank,CLT M1-2,APPEARANCE,Premium product,transparency_rate,8.0,0,96.93,FC,IN,CLT M1-2 APPEARANCE,5
2785,8,sst_attribute_rank,CLT M1-2,APPEARANCE,Premium product,ft_firmness,6.71,0,79.57,FC,IN,CLT M1-2 APPEARANCE,6
2786,8,sst_attribute_rank,CLT M1-2,APPEARANCE,Premium product,lightness_of_color,1.0,0,17.0,FC,IN,CLT M1-2 APPEARANCE,7
2787,8,sst_attribute_rank,CLT M1-2,APPEARANCE,Premium product,gloss_rate,5.36,0,92.21,FC,IN,CLT M1-2 APPEARANCE,8
2788,8,sst_attribute_rank,CLT M1-2,APPEARANCE,Premium product,product_r,143.0,0,255.0,FC,IN,CLT M1-2 APPEARANCE,9
2789,8,sst_attribute_rank,CLT M1-2,APPEARANCE,Premium product,size_of_particles,1.0,0,7.0,FC,IN,CLT M1-2 APPEARANCE,10
2790,4,sst_attribute_rank,CLT B1-2,Skin Look IMD,Mild and gentle on skin,in_coverage_imm,4.64,0,70.27,FC,IN,CLT B1-2 Skin Look IMD,1
2791,4,sst_attribute_rank,CLT B1-2,Skin Look IMD,Mild and gentle on skin,in_powderylook_5min,4.64,0,22.73,FC,IN,CLT B1-2 Skin Look IMD,2
2792,4,sst_attribute_rank,CLT B1-2,Skin Look IMD,Mild and gentle on skin,in_powderylook_imm,4.64,0,41.79,FC,IN,CLT B1-2 Skin Look IMD,3
2793,4,sst_attribute_rank,CLT B1-2,Skin Look IMD,Mild and gentle on skin,in_fairness_imm,4.33,0,50.21,FC,IN,CLT B1-2 Skin Look IMD,4
2794,4,sst_attribute_rank,CLT B1-2,Skin Look IMD,Mild and gentle on skin,in_invisibility_imm,5.43,0,51.33,FC,IN,CLT B1-2 Skin Look IMD,5
2795,4,sst_attribute_rank,CLT B1-2,Skin Look IMD,Mild and gentle on skin,in_invisibility_5min,4.93,0,50.67,FC,IN,CLT B1-2 Skin Look IMD,6
2796,4,sst_attribute_rank,CLT B1-2,Skin Look IMD,Mild and gentle on skin,in_gloss_5min,3.57,0,76.14,FC,IN,CLT B1-2 Skin Look IMD,7
2797,4,sst_attribute_rank,CLT B1-2,Skin Look IMD,Mild and gentle on skin,patchy_residue_imm,4.29,0,39.07,FC,IN,CLT B1-2 Skin Look IMD,8
2798,4,sst_attribute_rank,CLT B1-2,Skin Look IMD,Mild and gentle on skin,in_coverage_5min,4.64,0,67.47,FC,IN,CLT B1-2 Skin Look IMD,9
2799,4,sst_attribute_rank,CLT B1-2,Skin Look IMD,Mild and gentle on skin,patchy_residue_in,7.86,0,79.6,FC,IN,CLT B1-2 Skin Look IMD,10
2800,4,sst_attribute_rank,CLT B1-2,Skin Look IMD,Mild and gentle on skin,shimmer,0.0,0,58.8,FC,IN,CLT B1-2 Skin Look IMD,11
2801,4,sst_attribute_rank,CLT B1-2,Skin Look IMD,Mild and gentle on skin,in_gloss_imm,4.29,0,82.86,FC,IN,CLT B1-2 Skin Look IMD,12
2802,1,sst_attribute_rank,CLT B7-8,Skin feel IU,Mild and gentle on skin,in_absorption,24.29,0,115.0,FC,IN,CLT B7-8 Skin feel IU,1
2803,1,sst_attribute_rank,CLT B7-8,Skin feel IU,Mild and gentle on skin,in_cooling,0.0,0,27.93,FC,IN,CLT B7-8 Skin feel IU,2
2804,1,sst_attribute_rank,CLT B7-8,Skin feel IU,Mild and gentle on skin,ft_stringiness,3.57,0,67.36,FC,IN,CLT B7-8 Skin feel IU,3
2805,1,sst_attribute_rank,CLT B7-8,Skin feel IU,Mild and gentle on skin,in_greasy,3.93,0,82.86,FC,IN,CLT B7-8 Skin feel IU,4
1712,2,sst_attribute_rank,CLT B9-10,Skin feel IMD,Soft and Smooth,amount_of_residue,22.21,0,93.79,FC,IN,CLT B9-10 Skin feel IMD,2
1713,2,sst_attribute_rank,CLT B9-10,Skin feel IMD,Soft and Smooth,in_absorption,24.29,0,115.0,FC,IN,CLT B9-10 Skin feel IMD,3
1714,2,sst_attribute_rank,CLT B9-10,Skin feel IMD,Soft and Smooth,in_wet,1.79,0,89.79,FC,IN,CLT B9-10 Skin feel IMD,4
1715,2,sst_attribute_rank,CLT B9-10,Skin feel IMD,Soft and Smooth,ft_peaking,3.57,0,78.27,FC,IN,CLT B9-10 Skin feel IMD,5
1716,2,sst_attribute_rank,CLT B9-10,Skin feel IMD,Soft and Smooth,softness_imm,7.29,0,72.86,FC,IN,CLT B9-10 Skin feel IMD,6
1717,2,sst_attribute_rank,CLT B9-10,Skin feel IMD,Soft and Smooth,in_sticky_imm,4.29,0,73.21,FC,IN,CLT B9-10 Skin feel IMD,7
1718,2,sst_attribute_rank,CLT B9-10,Skin feel IMD,Soft and Smooth,in_cooling,0.0,0,27.93,FC,IN,CLT B9-10 Skin feel IMD,8
1719,2,sst_attribute_rank,CLT B9-10,Skin feel IMD,Soft and Smooth,in_creamy,7.0,0,65.33,FC,IN,CLT B9-10 Skin feel IMD,9
1720,2,sst_attribute_rank,CLT B9-10,Skin feel IMD,Soft and Smooth,in_drag_imm,7.86,0,79.73,FC,IN,CLT B9-10 Skin feel IMD,10
1721,2,sst_attribute_rank,CLT B9-10,Skin feel IMD,Soft and Smooth,in_oily_imm,0.64,0,79.64,FC,IN,CLT B9-10 Skin feel IMD,11
1722,2,sst_attribute_rank,CLT B9-10,Skin feel IMD,Soft and Smooth,in_spreadability,35.93,0,95.64,FC,IN,CLT B9-10 Skin feel IMD,12
1723,2,sst_attribute_rank,CLT B9-10,Skin feel IMD,Soft and Smooth,ft_stringiness,3.57,0,67.36,FC,IN,CLT B9-10 Skin feel IMD,13
1724,2,sst_attribute_rank,CLT B9-10,Skin feel IMD,Soft and Smooth,in_greasy,3.93,0,82.86,FC,IN,CLT B9-10 Skin feel IMD,14
1725,2,sst_attribute_rank,CLT B9-10,Skin feel IMD,Soft and Smooth,oily_ft,0.0,0,92.07,FC,IN,CLT B9-10 Skin feel IMD,15
1726,2,sst_attribute_rank,CLT B9-10,Skin feel IMD,Soft and Smooth,ft_firmness,6.71,0,79.57,FC,IN,CLT B9-10 Skin feel IMD,16
1727,2,sst_attribute_rank,CLT B9-10,Skin feel IMD,Soft and Smooth,ft_sticky,4.93,0,74.43,FC,IN,CLT B9-10 Skin feel IMD,17
1728,2,sst_attribute_rank,CLT B9-10,Skin feel IMD,Soft and Smooth,in_greasy_imm,2.5,0,79.21,FC,IN,CLT B9-10 Skin feel IMD,18
1729,2,sst_attribute_rank,CLT B9-10,Skin feel IMD,Soft and Smooth,in_thickness,11.71,0,75.67,FC,IN,CLT B9-10 Skin feel IMD,19
1730,8,sst_attribute_rank,CLT M1-2,APPEARANCE,Soft and Smooth,product_b,63.0,0,255.0,FC,IN,CLT M1-2 APPEARANCE,1
1731,8,sst_attribute_rank,CLT M1-2,APPEARANCE,Soft and Smooth,transparency_rate,8.0,0,96.93,FC,IN,CLT M1-2 APPEARANCE,2
1732,8,sst_attribute_rank,CLT M1-2,APPEARANCE,Soft and Smooth,size_of_particles,1.0,0,7.0,FC,IN,CLT M1-2 APPEARANCE,3
1733,8,sst_attribute_rank,CLT M1-2,APPEARANCE,Soft and Smooth,lightness_of_color,1.0,0,17.0,FC,IN,CLT M1-2 APPEARANCE,4
1734,8,sst_attribute_rank,CLT M1-2,APPEARANCE,Soft and Smooth,integrity_of_shape_rate,9.86,0,85.73,FC,IN,CLT M1-2 APPEARANCE,5
1735,8,sst_attribute_rank,CLT M1-2,APPEARANCE,Soft and Smooth,amount_of_particles,1.0,0,6.0,FC,IN,CLT M1-2 APPEARANCE,6
1736,8,sst_attribute_rank,CLT M1-2,APPEARANCE,Soft and Smooth,product_g,133.0,0,255.0,FC,IN,CLT M1-2 APPEARANCE,7
1737,8,sst_attribute_rank,CLT M1-2,APPEARANCE,Soft and Smooth,ft_firmness,6.71,0,79.57,FC,IN,CLT M1-2 APPEARANCE,8
1738,8,sst_attribute_rank,CLT M1-2,APPEARANCE,Soft and Smooth,product_r,143.0,0,255.0,FC,IN,CLT M1-2 APPEARANCE,9
1181,7,sst_attribute_rank,CLT B17-18,Fragrance 10min,Reduce fine lines and wrinkles,in_fragrance_imm,24.36,0,74.73,FC,IN,CLT B17-18 Fragrance 10min,7
1182,4,sst_attribute_rank,CLT B1-2,Skin Look IMD,Reduce fine lines and wrinkles,in_gloss_5min,3.57,0,76.14,FC,IN,CLT B1-2 Skin Look IMD,1
1183,4,sst_attribute_rank,CLT B1-2,Skin Look IMD,Reduce fine lines and wrinkles,shimmer,0.0,0,58.8,FC,IN,CLT B1-2 Skin Look IMD,2
1184,4,sst_attribute_rank,CLT B1-2,Skin Look IMD,Reduce fine lines and wrinkles,in_coverage_5min,4.64,0,67.47,FC,IN,CLT B1-2 Skin Look IMD,3
1185,4,sst_attribute_rank,CLT B1-2,Skin Look IMD,Reduce fine lines and wrinkles,in_coverage_imm,4.64,0,70.27,FC,IN,CLT B1-2 Skin Look IMD,4
1186,4,sst_attribute_rank,CLT B1-2,Skin Look IMD,Reduce fine lines and wrinkles,in_gloss_imm,4.29,0,82.86,FC,IN,CLT B1-2 Skin Look IMD,5
1187,4,sst_attribute_rank,CLT B1-2,Skin Look IMD,Reduce fine lines and wrinkles,in_powderylook_imm,4.64,0,41.79,FC,IN,CLT B1-2 Skin Look IMD,6
1188,4,sst_attribute_rank,CLT B1-2,Skin Look IMD,Reduce fine lines and wrinkles,in_fairness_5min,4.33,0,43.21,FC,IN,CLT B1-2 Skin Look IMD,7
1189,4,sst_attribute_rank,CLT B1-2,Skin Look IMD,Reduce fine lines and wrinkles,in_fairness_imm,4.33,0,50.21,FC,IN,CLT B1-2 Skin Look IMD,8
1190,4,sst_attribute_rank,CLT B1-2,Skin Look IMD,Reduce fine lines and wrinkles,patchy_residue_in,7.86,0,79.6,FC,IN,CLT B1-2 Skin Look IMD,9
1191,4,sst_attribute_rank,CLT B1-2,Skin Look IMD,Reduce fine lines and wrinkles,patchy_residue_imm,4.29,0,39.07,FC,IN,CLT B1-2 Skin Look IMD,10
1192,4,sst_attribute_rank,CLT B1-2,Skin Look IMD,Reduce fine lines and wrinkles,in_invisibility_imm,5.43,0,51.33,FC,IN,CLT B1-2 Skin Look IMD,11
1193,4,sst_attribute_rank,CLT B1-2,Skin Look IMD,Reduce fine lines and wrinkles,in_invisibility_5min,4.93,0,50.67,FC,IN,CLT B1-2 Skin Look IMD,12
1194,4,sst_attribute_rank,CLT B1-2,Skin Look IMD,Reduce fine lines and wrinkles,in_powderylook_5min,4.64,0,22.73,FC,IN,CLT B1-2 Skin Look IMD,13
1195,5,sst_attribute_rank,CLT B5-6,Fragrance In Jar,Reduce fine lines and wrinkles,in_fragrance_5min,15.43,0,64.07,FC,IN,CLT B5-6 Fragrance In Jar,1
1196,5,sst_attribute_rank,CLT B5-6,Fragrance In Jar,Reduce fine lines and wrinkles,in_fragrance_imm,24.36,0,74.73,FC,IN,CLT B5-6 Fragrance In Jar,2
1197,5,sst_attribute_rank,CLT B5-6,Fragrance In Jar,Reduce fine lines and wrinkles,fr_Aromatic_Herbeaous,0.0,0,1.0,FC,IN,CLT B5-6 Fragrance In Jar,3
1198,5,sst_attribute_rank,CLT B5-6,Fragrance In Jar,Reduce fine lines and wrinkles,fr_Citrus,0.0,0,1.0,FC,IN,CLT B5-6 Fragrance In Jar,4
1199,5,sst_attribute_rank,CLT B5-6,Fragrance In Jar,Reduce fine lines and wrinkles,fr_Floral,0.0,0,1.0,FC,IN,CLT B5-6 Fragrance In Jar,5
1200,5,sst_attribute_rank,CLT B5-6,Fragrance In Jar,Reduce fine lines and wrinkles,fr_Aldehydic,0.0,0,1.0,FC,IN,CLT B5-6 Fragrance In Jar,6
1201,5,sst_attribute_rank,CLT B5-6,Fragrance In Jar,Reduce fine lines and wrinkles,fr_Fruity,0.0,0,1.0,FC,IN,CLT B5-6 Fragrance In Jar,7
1202,5,sst_attribute_rank,CLT B5-6,Fragrance In Jar,Reduce fine lines and wrinkles,fr_Musky,0.0,0,1.0,FC,IN,CLT B5-6 Fragrance In Jar,8
1203,5,sst_attribute_rank,CLT B5-6,Fragrance In Jar,Reduce fine lines and wrinkles,fr_Green,0.0,0,1.0,FC,IN,CLT B5-6 Fragrance In Jar,9
1204,5,sst_attribute_rank,CLT B5-6,Fragrance In Jar,Reduce fine lines and wrinkles,fr_Powdery,0.0,0,1.0,FC,IN,CLT B5-6 Fragrance In Jar,10
1205,5,sst_attribute_rank,CLT B5-6,Fragrance In Jar,Reduce fine lines and wrinkles,fr_Watery_Marine,0.0,0,1.0,FC,IN,CLT B5-6 Fragrance In Jar,11
1206,5,sst_attribute_rank,CLT B5-6,Fragrance In Jar,Reduce fine lines and wrinkles,fr_Amber,0.0,0,1.0,FC,IN,CLT B5-6 Fragrance In Jar,12
1207,5,sst_attribute_rank,CLT B5-6,Fragrance In Jar,Reduce fine lines and wrinkles,fr_Gourmand,0.0,0,1.0,FC,IN,CLT B5-6 Fragrance In Jar,13
1208,5,sst_attribute_rank,CLT B5-6,Fragrance In Jar,Reduce fine lines and wrinkles,fr_Woody,0.0,0,1.0,FC,IN,CLT B5-6 Fragrance In Jar,14
1209,1,sst_attribute_rank,CLT B7-8,Skin feel IU,Reduce fine lines and wrinkles,in_cooling,0.0,0,27.93,FC,IN,CLT B7-8 Skin feel IU,1
1210,1,sst_attribute_rank,CLT B7-8,Skin feel IU,Reduce fine lines and wrinkles,in_absorption,24.29,0,115.0,FC,IN,CLT B7-8 Skin feel IU,2
1211,1,sst_attribute_rank,CLT B7-8,Skin feel IU,Reduce fine lines and wrinkles,in_creamy,7.0,0,65.33,FC,IN,CLT B7-8 Skin feel IU,3
1212,1,sst_attribute_rank,CLT B7-8,Skin feel IU,Reduce fine lines and wrinkles,oily_ft,0.0,0,92.07,FC,IN,CLT B7-8 Skin feel IU,4
1213,1,sst_attribute_rank,CLT B7-8,Skin feel IU,Reduce fine lines and wrinkles,in_wet,1.79,0,89.79,FC,IN,CLT B7-8 Skin feel IU,5
1214,1,sst_attribute_rank,CLT B7-8,Skin feel IU,Reduce fine lines and wrinkles,ft_stringiness,3.57,0,67.36,FC,IN,CLT B7-8 Skin feel IU,6
1215,1,sst_attribute_rank,CLT B7-8,Skin feel IU,Reduce fine lines and wrinkles,ft_peaking,3.57,0,78.27,FC,IN,CLT B7-8 Skin feel IU,7
1216,1,sst_attribute_rank,CLT B7-8,Skin feel IU,Reduce fine lines and wrinkles,in_spreadability,35.93,0,95.64,FC,IN,CLT B7-8 Skin feel IU,8
1217,1,sst_attribute_rank,CLT B7-8,Skin feel IU,Reduce fine lines and wrinkles,in_thickness,11.71,0,75.67,FC,IN,CLT B7-8 Skin feel IU,9
1218,1,sst_attribute_rank,CLT B7-8,Skin feel IU,Reduce fine lines and wrinkles,in_greasy,3.93,0,82.86,FC,IN,CLT B7-8 Skin feel IU,10
1219,1,sst_attribute_rank,CLT B7-8,Skin feel IU,Reduce fine lines and wrinkles,ft_sticky,4.93,0,74.43,FC,IN,CLT B7-8 Skin feel IU,11
1220,1,sst_attribute_rank,CLT B7-8,Skin feel IU,Reduce fine lines and wrinkles,ft_firmness,6.71,0,79.57,FC,IN,CLT B7-8 Skin feel IU,12
1221,10,sst_attribute_rank,CLT B15-16,CLT Fingertip,Reduce fine lines and wrinkles,in_thickness,11.71,0,75.67,FC,IN,CLT B15-16 CLT Fingertip,1
1222,10,sst_attribute_rank,CLT B15-16,CLT Fingertip,Reduce fine lines and wrinkles,ft_firmness,6.71,0,79.57,FC,IN,CLT B15-16 CLT Fingertip,2
1223,10,sst_attribute_rank,CLT B15-16,CLT Fingertip,Reduce fine lines and wrinkles,in_greasy_imm,2.5,0,79.21,FC,IN,CLT B15-16 CLT Fingertip,3
1224,10,sst_attribute_rank,CLT B15-16,CLT Fingertip,Reduce fine lines and wrinkles,in_sticky_imm,4.29,0,73.21,FC,IN,CLT B15-16 CLT Fingertip,4
1225,10,sst_attribute_rank,CLT B15-16,CLT Fingertip,Reduce fine lines and wrinkles,in_greasy,3.93,0,82.86,FC,IN,CLT B15-16 CLT Fingertip,5
1226,10,sst_attribute_rank,CLT B15-16,CLT Fingertip,Reduce fine lines and wrinkles,in_creamy,7.0,0,65.33,FC,IN,CLT B15-16 CLT Fingertip,6
1227,10,sst_attribute_rank,CLT B15-16,CLT Fingertip,Reduce fine lines and wrinkles,oily_ft,0.0,0,92.07,FC,IN,CLT B15-16 CLT Fingertip,7
1228,10,sst_attribute_rank,CLT B15-16,CLT Fingertip,Reduce fine lines and wrinkles,in_oily,0.57,0,82.5,FC,IN,CLT B15-16 CLT Fingertip,8
1229,10,sst_attribute_rank,CLT B15-16,CLT Fingertip,Reduce fine lines and wrinkles,in_spreadability,35.93,0,95.64,FC,IN,CLT B15-16 CLT Fingertip,9
1230,10,sst_attribute_rank,CLT B15-16,CLT Fingertip,Reduce fine lines and wrinkles,ft_stringiness,3.57,0,67.36,FC,IN,CLT B15-16 CLT Fingertip,10
1231,10,sst_attribute_rank,CLT B15-16,CLT Fingertip,Reduce fine lines and wrinkles,in_oily_imm,0.64,0,79.64,FC,IN,CLT B15-16 CLT Fingertip,11
1232,10,sst_attribute_rank,CLT B15-16,CLT Fingertip,Reduce fine lines and wrinkles,consistency_rate,10.07,0,89.64,FC,IN,CLT B15-16 CLT Fingertip,12
1233,10,sst_attribute_rank,CLT B15-16,CLT Fingertip,Reduce fine lines and wrinkles,in_drag_imm,7.86,0,79.73,FC,IN,CLT B15-16 CLT Fingertip,13
1234,10,sst_attribute_rank,CLT B15-16,CLT Fingertip,Reduce fine lines and wrinkles,in_wet,1.79,0,89.79,FC,IN,CLT B15-16 CLT Fingertip,14
1235,10,sst_attribute_rank,CLT B15-16,CLT Fingertip,Reduce fine lines and wrinkles,amount_of_residue,22.21,0,93.79,FC,IN,CLT B15-16 CLT Fingertip,15
1236,10,sst_attribute_rank,CLT B15-16,CLT Fingertip,Reduce fine lines and wrinkles,ft_bounciness,1.14,0,39.64,FC,IN,CLT B15-16 CLT Fingertip,16
1237,10,sst_attribute_rank,CLT B15-16,CLT Fingertip,Reduce fine lines and wrinkles,in_powdery_imm,5.14,0,80.36,FC,IN,CLT B15-16 CLT Fingertip,17
1739,8,sst_attribute_rank,CLT M1-2,APPEARANCE,Soft and Smooth,gloss_rate,5.36,0,92.21,FC,IN,CLT M1-2 APPEARANCE,10
1740,8,sst_attribute_rank,CLT M1-2,APPEARANCE,Soft and Smooth,integrity_of_shape_10s_rate,9.86,0,86.2,FC,IN,CLT M1-2 APPEARANCE,11
1741,10,sst_attribute_rank,CLT B15-16,CLT Fingertip,Soft and Smooth,in_thickness,11.71,0,75.67,FC,IN,CLT B15-16 CLT Fingertip,1
1742,10,sst_attribute_rank,CLT B15-16,CLT Fingertip,Soft and Smooth,in_greasy,3.93,0,82.86,FC,IN,CLT B15-16 CLT Fingertip,2
1743,10,sst_attribute_rank,CLT B15-16,CLT Fingertip,Soft and Smooth,in_greasy_imm,2.5,0,79.21,FC,IN,CLT B15-16 CLT Fingertip,3
1744,10,sst_attribute_rank,CLT B15-16,CLT Fingertip,Soft and Smooth,in_sticky_imm,4.29,0,73.21,FC,IN,CLT B15-16 CLT Fingertip,4
1745,10,sst_attribute_rank,CLT B15-16,CLT Fingertip,Soft and Smooth,oily_ft,0.0,0,92.07,FC,IN,CLT B15-16 CLT Fingertip,5
1746,10,sst_attribute_rank,CLT B15-16,CLT Fingertip,Soft and Smooth,in_drag_imm,7.86,0,79.73,FC,IN,CLT B15-16 CLT Fingertip,6
1747,10,sst_attribute_rank,CLT B15-16,CLT Fingertip,Soft and Smooth,in_oily,0.57,0,82.5,FC,IN,CLT B15-16 CLT Fingertip,7
1748,10,sst_attribute_rank,CLT B15-16,CLT Fingertip,Soft and Smooth,consistency_rate,10.07,0,89.64,FC,IN,CLT B15-16 CLT Fingertip,8
1749,10,sst_attribute_rank,CLT B15-16,CLT Fingertip,Soft and Smooth,ft_peaking,3.57,0,78.27,FC,IN,CLT B15-16 CLT Fingertip,9
1750,10,sst_attribute_rank,CLT B15-16,CLT Fingertip,Soft and Smooth,in_waxy_imm,5.0,0,31.53,FC,IN,CLT B15-16 CLT Fingertip,10
1751,10,sst_attribute_rank,CLT B15-16,CLT Fingertip,Soft and Smooth,in_powdery_imm,5.14,0,80.36,FC,IN,CLT B15-16 CLT Fingertip,11
1752,10,sst_attribute_rank,CLT B15-16,CLT Fingertip,Soft and Smooth,in_creamy,7.0,0,65.33,FC,IN,CLT B15-16 CLT Fingertip,12
1753,10,sst_attribute_rank,CLT B15-16,CLT Fingertip,Soft and Smooth,ft_bounciness,1.14,0,39.64,FC,IN,CLT B15-16 CLT Fingertip,13
1754,10,sst_attribute_rank,CLT B15-16,CLT Fingertip,Soft and Smooth,in_wet,1.79,0,89.79,FC,IN,CLT B15-16 CLT Fingertip,14
1755,10,sst_attribute_rank,CLT B15-16,CLT Fingertip,Soft and Smooth,ft_stringiness,3.57,0,67.36,FC,IN,CLT B15-16 CLT Fingertip,15
1756,10,sst_attribute_rank,CLT B15-16,CLT Fingertip,Soft and Smooth,in_spreadability,35.93,0,95.64,FC,IN,CLT B15-16 CLT Fingertip,16
1757,10,sst_attribute_rank,CLT B15-16,CLT Fingertip,Soft and Smooth,amount_of_residue,22.21,0,93.79,FC,IN,CLT B15-16 CLT Fingertip,17
1758,10,sst_attribute_rank,CLT B15-16,CLT Fingertip,Soft and Smooth,ft_sticky,4.93,0,74.43,FC,IN,CLT B15-16 CLT Fingertip,18
1759,10,sst_attribute_rank,CLT B15-16,CLT Fingertip,Soft and Smooth,in_silky_imm,9.67,0,61.29,FC,IN,CLT B15-16 CLT Fingertip,19
1760,6,sst_attribute_rank,CLT B11-12,CLT Skin Feel 10min,Soft and Smooth,in_thickness,11.71,0,75.67,FC,IN,CLT B11-12 CLT Skin Feel 10min,1
1761,6,sst_attribute_rank,CLT B11-12,CLT Skin Feel 10min,Soft and Smooth,in_cooling,0.0,0,27.93,FC,IN,CLT B11-12 CLT Skin Feel 10min,2
1762,6,sst_attribute_rank,CLT B11-12,CLT Skin Feel 10min,Soft and Smooth,oily_ft,0.0,0,92.07,FC,IN,CLT B11-12 CLT Skin Feel 10min,3
1238,10,sst_attribute_rank,CLT B15-16,CLT Fingertip,Reduce fine lines and wrinkles,ft_sticky,4.93,0,74.43,FC,IN,CLT B15-16 CLT Fingertip,18
1763,6,sst_attribute_rank,CLT B11-12,CLT Skin Feel 10min,Soft and Smooth,in_creamy,7.0,0,65.33,FC,IN,CLT B11-12 CLT Skin Feel 10min,4
1239,10,sst_attribute_rank,CLT B15-16,CLT Fingertip,Reduce fine lines and wrinkles,in_silky_imm,9.67,0,61.29,FC,IN,CLT B15-16 CLT Fingertip,19
1764,6,sst_attribute_rank,CLT B11-12,CLT Skin Feel 10min,Soft and Smooth,in_oily_5min,0.71,0,73.57,FC,IN,CLT B11-12 CLT Skin Feel 10min,5
1240,9,sst_attribute_rank,CLT B3-4,Skin Look 10min,Reduce fine lines and wrinkles,in_powderylook_5min,4.64,0,22.73,FC,IN,CLT B3-4 Skin Look 10min,1
1765,6,sst_attribute_rank,CLT B11-12,CLT Skin Feel 10min,Soft and Smooth,ft_firmness,6.71,0,79.57,FC,IN,CLT B11-12 CLT Skin Feel 10min,6
1241,9,sst_attribute_rank,CLT B3-4,Skin Look 10min,Reduce fine lines and wrinkles,in_gloss_imm,4.29,0,82.86,FC,IN,CLT B3-4 Skin Look 10min,2
1242,9,sst_attribute_rank,CLT B3-4,Skin Look 10min,Reduce fine lines and wrinkles,in_coverage_imm,4.64,0,70.27,FC,IN,CLT B3-4 Skin Look 10min,3
1243,9,sst_attribute_rank,CLT B3-4,Skin Look 10min,Reduce fine lines and wrinkles,in_gloss_5min,3.57,0,76.14,FC,IN,CLT B3-4 Skin Look 10min,4
1244,9,sst_attribute_rank,CLT B3-4,Skin Look 10min,Reduce fine lines and wrinkles,in_powderylook_imm,4.64,0,41.79,FC,IN,CLT B3-4 Skin Look 10min,5
1245,9,sst_attribute_rank,CLT B3-4,Skin Look 10min,Reduce fine lines and wrinkles,in_fairness_imm,4.33,0,50.21,FC,IN,CLT B3-4 Skin Look 10min,6
1246,9,sst_attribute_rank,CLT B3-4,Skin Look 10min,Reduce fine lines and wrinkles,in_invisibility_5min,4.93,0,50.67,FC,IN,CLT B3-4 Skin Look 10min,7
1247,9,sst_attribute_rank,CLT B3-4,Skin Look 10min,Reduce fine lines and wrinkles,in_coverage_5min,4.64,0,67.47,FC,IN,CLT B3-4 Skin Look 10min,8
1248,9,sst_attribute_rank,CLT B3-4,Skin Look 10min,Reduce fine lines and wrinkles,shimmer,0.0,0,58.8,FC,IN,CLT B3-4 Skin Look 10min,9
1249,9,sst_attribute_rank,CLT B3-4,Skin Look 10min,Reduce fine lines and wrinkles,patchy_residue_imm,4.29,0,39.07,FC,IN,CLT B3-4 Skin Look 10min,10
1250,9,sst_attribute_rank,CLT B3-4,Skin Look 10min,Reduce fine lines and wrinkles,patchy_residue_in,7.86,0,79.6,FC,IN,CLT B3-4 Skin Look 10min,11
1251,10,sst_attribute_rank,CLT B15-16,CLT Fingertip,Makes skin firmer,in_thickness,11.71,0,75.67,FC,IN,CLT B15-16 CLT Fingertip,1
1252,10,sst_attribute_rank,CLT B15-16,CLT Fingertip,Makes skin firmer,ft_firmness,6.71,0,79.57,FC,IN,CLT B15-16 CLT Fingertip,2
1253,10,sst_attribute_rank,CLT B15-16,CLT Fingertip,Makes skin firmer,in_greasy,3.93,0,82.86,FC,IN,CLT B15-16 CLT Fingertip,3
1254,10,sst_attribute_rank,CLT B15-16,CLT Fingertip,Makes skin firmer,in_sticky_imm,4.29,0,73.21,FC,IN,CLT B15-16 CLT Fingertip,4
1255,10,sst_attribute_rank,CLT B15-16,CLT Fingertip,Makes skin firmer,in_greasy_imm,2.5,0,79.21,FC,IN,CLT B15-16 CLT Fingertip,5
1256,10,sst_attribute_rank,CLT B15-16,CLT Fingertip,Makes skin firmer,oily_ft,0.0,0,92.07,FC,IN,CLT B15-16 CLT Fingertip,6
1257,10,sst_attribute_rank,CLT B15-16,CLT Fingertip,Makes skin firmer,in_oily_imm,0.64,0,79.64,FC,IN,CLT B15-16 CLT Fingertip,7
1258,10,sst_attribute_rank,CLT B15-16,CLT Fingertip,Makes skin firmer,in_creamy,7.0,0,65.33,FC,IN,CLT B15-16 CLT Fingertip,8
1259,10,sst_attribute_rank,CLT B15-16,CLT Fingertip,Makes skin firmer,in_drag_imm,7.86,0,79.73,FC,IN,CLT B15-16 CLT Fingertip,9
1260,10,sst_attribute_rank,CLT B15-16,CLT Fingertip,Makes skin firmer,ft_peaking,3.57,0,78.27,FC,IN,CLT B15-16 CLT Fingertip,10
1261,10,sst_attribute_rank,CLT B15-16,CLT Fingertip,Makes skin firmer,in_waxy_imm,5.0,0,31.53,FC,IN,CLT B15-16 CLT Fingertip,11
1262,10,sst_attribute_rank,CLT B15-16,CLT Fingertip,Makes skin firmer,ft_stringiness,3.57,0,67.36,FC,IN,CLT B15-16 CLT Fingertip,12
1263,10,sst_attribute_rank,CLT B15-16,CLT Fingertip,Makes skin firmer,in_wet,1.79,0,89.79,FC,IN,CLT B15-16 CLT Fingertip,13
1264,10,sst_attribute_rank,CLT B15-16,CLT Fingertip,Makes skin firmer,in_spreadability,35.93,0,95.64,FC,IN,CLT B15-16 CLT Fingertip,14
1265,10,sst_attribute_rank,CLT B15-16,CLT Fingertip,Makes skin firmer,in_powdery_imm,5.14,0,80.36,FC,IN,CLT B15-16 CLT Fingertip,15
1266,10,sst_attribute_rank,CLT B15-16,CLT Fingertip,Makes skin firmer,consistency_rate,10.07,0,89.64,FC,IN,CLT B15-16 CLT Fingertip,16
1267,10,sst_attribute_rank,CLT B15-16,CLT Fingertip,Makes skin firmer,ft_bounciness,1.14,0,39.64,FC,IN,CLT B15-16 CLT Fingertip,17
1268,10,sst_attribute_rank,CLT B15-16,CLT Fingertip,Makes skin firmer,amount_of_residue,22.21,0,93.79,FC,IN,CLT B15-16 CLT Fingertip,18
1269,10,sst_attribute_rank,CLT B15-16,CLT Fingertip,Makes skin firmer,ft_sticky,4.93,0,74.43,FC,IN,CLT B15-16 CLT Fingertip,19
1270,10,sst_attribute_rank,CLT B15-16,CLT Fingertip,Makes skin firmer,in_oily,0.57,0,82.5,FC,IN,CLT B15-16 CLT Fingertip,20
1271,3,sst_attribute_rank,CLT B13-14,CLT Fragrance IMD,Makes skin firmer,in_fragrance_5min,15.43,0,64.07,FC,IN,CLT B13-14 CLT Fragrance IMD,1
1790,4,sst_attribute_rank,CLT B1-2,Skin Look IMD,Soft and Smooth,shimmer,0.0,0,58.8,FC,IN,CLT B1-2 Skin Look IMD,13
1791,3,sst_attribute_rank,CLT B13-14,CLT Fragrance IMD,Soft and Smooth,in_fragrance_5min,15.43,0,64.07,FC,IN,CLT B13-14 CLT Fragrance IMD,1
1792,3,sst_attribute_rank,CLT B13-14,CLT Fragrance IMD,Soft and Smooth,in_fragrance_imm,24.36,0,74.73,FC,IN,CLT B13-14 CLT Fragrance IMD,2
1793,3,sst_attribute_rank,CLT B13-14,CLT Fragrance IMD,Soft and Smooth,fr_Green,0.0,0,1.0,FC,IN,CLT B13-14 CLT Fragrance IMD,3
1794,3,sst_attribute_rank,CLT B13-14,CLT Fragrance IMD,Soft and Smooth,fr_Aldehydic,0.0,0,1.0,FC,IN,CLT B13-14 CLT Fragrance IMD,4
1795,3,sst_attribute_rank,CLT B13-14,CLT Fragrance IMD,Soft and Smooth,fr_Aromatic_Herbeaous,0.0,0,1.0,FC,IN,CLT B13-14 CLT Fragrance IMD,5
1796,3,sst_attribute_rank,CLT B13-14,CLT Fragrance IMD,Soft and Smooth,fr_Musky,0.0,0,1.0,FC,IN,CLT B13-14 CLT Fragrance IMD,6
1797,3,sst_attribute_rank,CLT B13-14,CLT Fragrance IMD,Soft and Smooth,fr_Floral,0.0,0,1.0,FC,IN,CLT B13-14 CLT Fragrance IMD,7
1798,3,sst_attribute_rank,CLT B13-14,CLT Fragrance IMD,Soft and Smooth,fr_Citrus,0.0,0,1.0,FC,IN,CLT B13-14 CLT Fragrance IMD,8
1799,9,sst_attribute_rank,CLT B3-4,Skin Look 10min,Soft and Smooth,in_fairness_imm,4.33,0,50.21,FC,IN,CLT B3-4 Skin Look 10min,1
1800,9,sst_attribute_rank,CLT B3-4,Skin Look 10min,Soft and Smooth,in_powderylook_imm,4.64,0,41.79,FC,IN,CLT B3-4 Skin Look 10min,2
1801,9,sst_attribute_rank,CLT B3-4,Skin Look 10min,Soft and Smooth,in_coverage_imm,4.64,0,70.27,FC,IN,CLT B3-4 Skin Look 10min,3
1802,9,sst_attribute_rank,CLT B3-4,Skin Look 10min,Soft and Smooth,in_fairness_5min,4.33,0,43.21,FC,IN,CLT B3-4 Skin Look 10min,4
1803,9,sst_attribute_rank,CLT B3-4,Skin Look 10min,Soft and Smooth,in_coverage_5min,4.64,0,67.47,FC,IN,CLT B3-4 Skin Look 10min,5
1804,9,sst_attribute_rank,CLT B3-4,Skin Look 10min,Soft and Smooth,in_gloss_imm,4.29,0,82.86,FC,IN,CLT B3-4 Skin Look 10min,6
1805,9,sst_attribute_rank,CLT B3-4,Skin Look 10min,Soft and Smooth,in_gloss_5min,3.57,0,76.14,FC,IN,CLT B3-4 Skin Look 10min,7
1806,9,sst_attribute_rank,CLT B3-4,Skin Look 10min,Soft and Smooth,patchy_residue_in,7.86,0,79.6,FC,IN,CLT B3-4 Skin Look 10min,8
1807,9,sst_attribute_rank,CLT B3-4,Skin Look 10min,Soft and Smooth,in_invisibility_5min,4.93,0,50.67,FC,IN,CLT B3-4 Skin Look 10min,9
1808,9,sst_attribute_rank,CLT B3-4,Skin Look 10min,Soft and Smooth,patchy_residue_imm,4.29,0,39.07,FC,IN,CLT B3-4 Skin Look 10min,10
1809,9,sst_attribute_rank,CLT B3-4,Skin Look 10min,Soft and Smooth,in_invisibility_imm,5.43,0,51.33,FC,IN,CLT B3-4 Skin Look 10min,11
1810,9,sst_attribute_rank,CLT B3-4,Skin Look 10min,Soft and Smooth,shimmer,0.0,0,58.8,FC,IN,CLT B3-4 Skin Look 10min,12
1811,9,sst_attribute_rank,CLT B3-4,Skin Look 10min,Soft and Smooth,in_powderylook_5min,4.64,0,22.73,FC,IN,CLT B3-4 Skin Look 10min,13
1812,4,sst_attribute_rank,CLT B1-2,Skin Look IMD,Sun protection,in_gloss_5min,3.57,0,76.14,FC,IN,CLT B1-2 Skin Look IMD,1
1813,4,sst_attribute_rank,CLT B1-2,Skin Look IMD,Sun protection,patchy_residue_in,7.86,0,79.6,FC,IN,CLT B1-2 Skin Look IMD,2
1814,4,sst_attribute_rank,CLT B1-2,Skin Look IMD,Sun protection,patchy_residue_imm,4.29,0,39.07,FC,IN,CLT B1-2 Skin Look IMD,3
1815,4,sst_attribute_rank,CLT B1-2,Skin Look IMD,Sun protection,in_coverage_imm,4.64,0,70.27,FC,IN,CLT B1-2 Skin Look IMD,4
1816,4,sst_attribute_rank,CLT B1-2,Skin Look IMD,Sun protection,in_gloss_imm,4.29,0,82.86,FC,IN,CLT B1-2 Skin Look IMD,5
1817,4,sst_attribute_rank,CLT B1-2,Skin Look IMD,Sun protection,in_invisibility_5min,4.93,0,50.67,FC,IN,CLT B1-2 Skin Look IMD,6
1818,4,sst_attribute_rank,CLT B1-2,Skin Look IMD,Sun protection,in_invisibility_imm,5.43,0,51.33,FC,IN,CLT B1-2 Skin Look IMD,7
1819,4,sst_attribute_rank,CLT B1-2,Skin Look IMD,Sun protection,in_powderylook_imm,4.64,0,41.79,FC,IN,CLT B1-2 Skin Look IMD,8
1310,2,sst_attribute_rank,CLT B9-10,Skin feel IMD,Makes skin firmer,in_sticky_imm,4.29,0,73.21,FC,IN,CLT B9-10 Skin feel IMD,14
1820,4,sst_attribute_rank,CLT B1-2,Skin Look IMD,Sun protection,in_powderylook_5min,4.64,0,22.73,FC,IN,CLT B1-2 Skin Look IMD,9
1821,4,sst_attribute_rank,CLT B1-2,Skin Look IMD,Sun protection,in_fairness_5min,4.33,0,43.21,FC,IN,CLT B1-2 Skin Look IMD,10
1822,4,sst_attribute_rank,CLT B1-2,Skin Look IMD,Sun protection,in_coverage_5min,4.64,0,67.47,FC,IN,CLT B1-2 Skin Look IMD,11
1823,4,sst_attribute_rank,CLT B1-2,Skin Look IMD,Sun protection,in_fairness_imm,4.33,0,50.21,FC,IN,CLT B1-2 Skin Look IMD,12
1824,4,sst_attribute_rank,CLT B1-2,Skin Look IMD,Sun protection,shimmer,0.0,0,58.8,FC,IN,CLT B1-2 Skin Look IMD,13
1825,10,sst_attribute_rank,CLT B15-16,CLT Fingertip,Sun protection,in_thickness,11.71,0,75.67,FC,IN,CLT B15-16 CLT Fingertip,1
1826,10,sst_attribute_rank,CLT B15-16,CLT Fingertip,Sun protection,ft_firmness,6.71,0,79.57,FC,IN,CLT B15-16 CLT Fingertip,2
1827,10,sst_attribute_rank,CLT B15-16,CLT Fingertip,Sun protection,in_greasy_imm,2.5,0,79.21,FC,IN,CLT B15-16 CLT Fingertip,3
1828,10,sst_attribute_rank,CLT B15-16,CLT Fingertip,Sun protection,in_greasy,3.93,0,82.86,FC,IN,CLT B15-16 CLT Fingertip,4
1829,10,sst_attribute_rank,CLT B15-16,CLT Fingertip,Sun protection,in_sticky_imm,4.29,0,73.21,FC,IN,CLT B15-16 CLT Fingertip,5
1830,10,sst_attribute_rank,CLT B15-16,CLT Fingertip,Sun protection,ft_peaking,3.57,0,78.27,FC,IN,CLT B15-16 CLT Fingertip,6
831,8,sst_attribute_rank,CLT M1-2,APPEARANCE,Fairness over time,size_of_particles,1.0,0,7.0,FC,IN,CLT M1-2 APPEARANCE,9
832,8,sst_attribute_rank,CLT M1-2,APPEARANCE,Fairness over time,product_r,143.0,0,255.0,FC,IN,CLT M1-2 APPEARANCE,10
833,1,sst_attribute_rank,CLT B7-8,Skin feel IU,Even tone,in_absorption,24.29,0,115.0,FC,IN,CLT B7-8 Skin feel IU,1
834,1,sst_attribute_rank,CLT B7-8,Skin feel IU,Even tone,ft_stringiness,3.57,0,67.36,FC,IN,CLT B7-8 Skin feel IU,2
835,1,sst_attribute_rank,CLT B7-8,Skin feel IU,Even tone,in_wet,1.79,0,89.79,FC,IN,CLT B7-8 Skin feel IU,3
836,1,sst_attribute_rank,CLT B7-8,Skin feel IU,Even tone,in_greasy,3.93,0,82.86,FC,IN,CLT B7-8 Skin feel IU,4
837,1,sst_attribute_rank,CLT B7-8,Skin feel IU,Even tone,oily_ft,0.0,0,92.07,FC,IN,CLT B7-8 Skin feel IU,5
838,1,sst_attribute_rank,CLT B7-8,Skin feel IU,Even tone,in_creamy,7.0,0,65.33,FC,IN,CLT B7-8 Skin feel IU,6
839,1,sst_attribute_rank,CLT B7-8,Skin feel IU,Even tone,in_cooling,0.0,0,27.93,FC,IN,CLT B7-8 Skin feel IU,7
840,1,sst_attribute_rank,CLT B7-8,Skin feel IU,Even tone,in_spreadability,35.93,0,95.64,FC,IN,CLT B7-8 Skin feel IU,8
841,1,sst_attribute_rank,CLT B7-8,Skin feel IU,Even tone,in_thickness,11.71,0,75.67,FC,IN,CLT B7-8 Skin feel IU,9
842,1,sst_attribute_rank,CLT B7-8,Skin feel IU,Even tone,ft_firmness,6.71,0,79.57,FC,IN,CLT B7-8 Skin feel IU,10
843,1,sst_attribute_rank,CLT B7-8,Skin feel IU,Even tone,ft_sticky,4.93,0,74.43,FC,IN,CLT B7-8 Skin feel IU,11
844,1,sst_attribute_rank,CLT B7-8,Skin feel IU,Even tone,ft_peaking,3.57,0,78.27,FC,IN,CLT B7-8 Skin feel IU,12
845,4,sst_attribute_rank,CLT B1-2,Skin Look IMD,Even tone,in_coverage_imm,4.64,0,70.27,FC,IN,CLT B1-2 Skin Look IMD,1
846,4,sst_attribute_rank,CLT B1-2,Skin Look IMD,Even tone,in_coverage_5min,4.64,0,67.47,FC,IN,CLT B1-2 Skin Look IMD,2
847,4,sst_attribute_rank,CLT B1-2,Skin Look IMD,Even tone,in_gloss_5min,3.57,0,76.14,FC,IN,CLT B1-2 Skin Look IMD,3
848,4,sst_attribute_rank,CLT B1-2,Skin Look IMD,Even tone,in_powderylook_5min,4.64,0,22.73,FC,IN,CLT B1-2 Skin Look IMD,4
849,4,sst_attribute_rank,CLT B1-2,Skin Look IMD,Even tone,in_gloss_imm,4.29,0,82.86,FC,IN,CLT B1-2 Skin Look IMD,5
850,4,sst_attribute_rank,CLT B1-2,Skin Look IMD,Even tone,in_fairness_5min,4.33,0,43.21,FC,IN,CLT B1-2 Skin Look IMD,6
851,4,sst_attribute_rank,CLT B1-2,Skin Look IMD,Even tone,in_powderylook_imm,4.64,0,41.79,FC,IN,CLT B1-2 Skin Look IMD,7
852,4,sst_attribute_rank,CLT B1-2,Skin Look IMD,Even tone,in_fairness_imm,4.33,0,50.21,FC,IN,CLT B1-2 Skin Look IMD,8
853,4,sst_attribute_rank,CLT B1-2,Skin Look IMD,Even tone,patchy_residue_in,7.86,0,79.6,FC,IN,CLT B1-2 Skin Look IMD,9
1311,2,sst_attribute_rank,CLT B9-10,Skin feel IMD,Makes skin firmer,ft_sticky,4.93,0,74.43,FC,IN,CLT B9-10 Skin feel IMD,15
1312,2,sst_attribute_rank,CLT B9-10,Skin feel IMD,Makes skin firmer,ft_firmness,6.71,0,79.57,FC,IN,CLT B9-10 Skin feel IMD,16
1313,2,sst_attribute_rank,CLT B9-10,Skin feel IMD,Makes skin firmer,in_spreadability,35.93,0,95.64,FC,IN,CLT B9-10 Skin feel IMD,17
1314,2,sst_attribute_rank,CLT B9-10,Skin feel IMD,Makes skin firmer,in_oily_imm,0.64,0,79.64,FC,IN,CLT B9-10 Skin feel IMD,18
1315,4,sst_attribute_rank,CLT B1-2,Skin Look IMD,Makes skin firmer,in_powderylook_5min,4.64,0,22.73,FC,IN,CLT B1-2 Skin Look IMD,1
1316,4,sst_attribute_rank,CLT B1-2,Skin Look IMD,Makes skin firmer,in_invisibility_5min,4.93,0,50.67,FC,IN,CLT B1-2 Skin Look IMD,2
1317,4,sst_attribute_rank,CLT B1-2,Skin Look IMD,Makes skin firmer,in_coverage_imm,4.64,0,70.27,FC,IN,CLT B1-2 Skin Look IMD,3
1318,4,sst_attribute_rank,CLT B1-2,Skin Look IMD,Makes skin firmer,in_gloss_5min,3.57,0,76.14,FC,IN,CLT B1-2 Skin Look IMD,4
1319,4,sst_attribute_rank,CLT B1-2,Skin Look IMD,Makes skin firmer,patchy_residue_imm,4.29,0,39.07,FC,IN,CLT B1-2 Skin Look IMD,5
1320,4,sst_attribute_rank,CLT B1-2,Skin Look IMD,Makes skin firmer,in_fairness_imm,4.33,0,50.21,FC,IN,CLT B1-2 Skin Look IMD,6
1321,4,sst_attribute_rank,CLT B1-2,Skin Look IMD,Makes skin firmer,shimmer,0.0,0,58.8,FC,IN,CLT B1-2 Skin Look IMD,7
134,10,sst_attribute_rank,CLT B15-16,CLT Fingertip,Overall opinion,ft_bounciness,1.14,0,39.64,FC,IN,CLT B15-16 CLT Fingertip,17
135,10,sst_attribute_rank,CLT B15-16,CLT Fingertip,Overall opinion,consistency_rate,10.07,0,89.64,FC,IN,CLT B15-16 CLT Fingertip,18
136,10,sst_attribute_rank,CLT B15-16,CLT Fingertip,Overall opinion,in_oily_imm,0.64,0,79.64,FC,IN,CLT B15-16 CLT Fingertip,19
137,2,sst_attribute_rank,CLT B9-10,Skin feel IMD,Makes my skin glow,in_greasy,3.93,0,82.86,FC,IN,CLT B9-10 Skin feel IMD,1
138,2,sst_attribute_rank,CLT B9-10,Skin feel IMD,Makes my skin glow,oily_ft,0.0,0,92.07,FC,IN,CLT B9-10 Skin feel IMD,2
139,2,sst_attribute_rank,CLT B9-10,Skin feel IMD,Makes my skin glow,in_thickness,11.71,0,75.67,FC,IN,CLT B9-10 Skin feel IMD,3
140,2,sst_attribute_rank,CLT B9-10,Skin feel IMD,Makes my skin glow,softness_imm,7.29,0,72.86,FC,IN,CLT B9-10 Skin feel IMD,4
141,2,sst_attribute_rank,CLT B9-10,Skin feel IMD,Makes my skin glow,in_creamy,7.0,0,65.33,FC,IN,CLT B9-10 Skin feel IMD,5
142,2,sst_attribute_rank,CLT B9-10,Skin feel IMD,Makes my skin glow,in_wet,1.79,0,89.79,FC,IN,CLT B9-10 Skin feel IMD,6
143,2,sst_attribute_rank,CLT B9-10,Skin feel IMD,Makes my skin glow,ft_stringiness,3.57,0,67.36,FC,IN,CLT B9-10 Skin feel IMD,7
144,2,sst_attribute_rank,CLT B9-10,Skin feel IMD,Makes my skin glow,ft_peaking,3.57,0,78.27,FC,IN,CLT B9-10 Skin feel IMD,8
145,2,sst_attribute_rank,CLT B9-10,Skin feel IMD,Makes my skin glow,ft_sticky,4.93,0,74.43,FC,IN,CLT B9-10 Skin feel IMD,9
146,2,sst_attribute_rank,CLT B9-10,Skin feel IMD,Makes my skin glow,ft_firmness,6.71,0,79.57,FC,IN,CLT B9-10 Skin feel IMD,10
147,2,sst_attribute_rank,CLT B9-10,Skin feel IMD,Makes my skin glow,in_sticky_imm,4.29,0,73.21,FC,IN,CLT B9-10 Skin feel IMD,11
148,2,sst_attribute_rank,CLT B9-10,Skin feel IMD,Makes my skin glow,in_drag_imm,7.86,0,79.73,FC,IN,CLT B9-10 Skin feel IMD,12
149,2,sst_attribute_rank,CLT B9-10,Skin feel IMD,Makes my skin glow,in_oily_imm,0.64,0,79.64,FC,IN,CLT B9-10 Skin feel IMD,13
150,2,sst_attribute_rank,CLT B9-10,Skin feel IMD,Makes my skin glow,in_greasy_imm,2.5,0,79.21,FC,IN,CLT B9-10 Skin feel IMD,14
151,2,sst_attribute_rank,CLT B9-10,Skin feel IMD,Makes my skin glow,amount_of_residue,22.21,0,93.79,FC,IN,CLT B9-10 Skin feel IMD,15
152,2,sst_attribute_rank,CLT B9-10,Skin feel IMD,Makes my skin glow,in_absorption,24.29,0,115.0,FC,IN,CLT B9-10 Skin feel IMD,16
153,2,sst_attribute_rank,CLT B9-10,Skin feel IMD,Makes my skin glow,in_spreadability,35.93,0,95.64,FC,IN,CLT B9-10 Skin feel IMD,17
154,2,sst_attribute_rank,CLT B9-10,Skin feel IMD,Makes my skin glow,in_cooling,0.0,0,27.93,FC,IN,CLT B9-10 Skin feel IMD,18
155,4,sst_attribute_rank,CLT B1-2,Skin Look IMD,Makes my skin glow,in_coverage_imm,4.64,0,70.27,FC,IN,CLT B1-2 Skin Look IMD,1
156,4,sst_attribute_rank,CLT B1-2,Skin Look IMD,Makes my skin glow,in_gloss_5min,3.57,0,76.14,FC,IN,CLT B1-2 Skin Look IMD,2
157,4,sst_attribute_rank,CLT B1-2,Skin Look IMD,Makes my skin glow,in_coverage_5min,4.64,0,67.47,FC,IN,CLT B1-2 Skin Look IMD,3
158,4,sst_attribute_rank,CLT B1-2,Skin Look IMD,Makes my skin glow,in_gloss_imm,4.29,0,82.86,FC,IN,CLT B1-2 Skin Look IMD,4
159,4,sst_attribute_rank,CLT B1-2,Skin Look IMD,Makes my skin glow,in_fairness_imm,4.33,0,50.21,FC,IN,CLT B1-2 Skin Look IMD,5
160,4,sst_attribute_rank,CLT B1-2,Skin Look IMD,Makes my skin glow,patchy_residue_in,7.86,0,79.6,FC,IN,CLT B1-2 Skin Look IMD,6
161,4,sst_attribute_rank,CLT B1-2,Skin Look IMD,Makes my skin glow,in_powderylook_imm,4.64,0,41.79,FC,IN,CLT B1-2 Skin Look IMD,7
162,4,sst_attribute_rank,CLT B1-2,Skin Look IMD,Makes my skin glow,in_invisibility_imm,5.43,0,51.33,FC,IN,CLT B1-2 Skin Look IMD,8
163,4,sst_attribute_rank,CLT B1-2,Skin Look IMD,Makes my skin glow,shimmer,0.0,0,58.8,FC,IN,CLT B1-2 Skin Look IMD,9
164,4,sst_attribute_rank,CLT B1-2,Skin Look IMD,Makes my skin glow,patchy_residue_imm,4.29,0,39.07,FC,IN,CLT B1-2 Skin Look IMD,10
165,4,sst_attribute_rank,CLT B1-2,Skin Look IMD,Makes my skin glow,in_powderylook_5min,4.64,0,22.73,FC,IN,CLT B1-2 Skin Look IMD,11
166,4,sst_attribute_rank,CLT B1-2,Skin Look IMD,Makes my skin glow,in_invisibility_5min,4.93,0,50.67,FC,IN,CLT B1-2 Skin Look IMD,12
167,4,sst_attribute_rank,CLT B1-2,Skin Look IMD,Makes my skin glow,in_fairness_5min,4.33,0,43.21,FC,IN,CLT B1-2 Skin Look IMD,13
168,6,sst_attribute_rank,CLT B11-12,CLT Skin Feel 10min,Makes my skin glow,in_thickness,11.71,0,75.67,FC,IN,CLT B11-12 CLT Skin Feel 10min,1
169,6,sst_attribute_rank,CLT B11-12,CLT Skin Feel 10min,Makes my skin glow,in_greasy,3.93,0,82.86,FC,IN,CLT B11-12 CLT Skin Feel 10min,2
170,6,sst_attribute_rank,CLT B11-12,CLT Skin Feel 10min,Makes my skin glow,in_sticky_5min,4.64,0,65.43,FC,IN,CLT B11-12 CLT Skin Feel 10min,3
171,6,sst_attribute_rank,CLT B11-12,CLT Skin Feel 10min,Makes my skin glow,oily_ft,0.0,0,92.07,FC,IN,CLT B11-12 CLT Skin Feel 10min,4
172,6,sst_attribute_rank,CLT B11-12,CLT Skin Feel 10min,Makes my skin glow,ft_peaking,3.57,0,78.27,FC,IN,CLT B11-12 CLT Skin Feel 10min,5
173,6,sst_attribute_rank,CLT B11-12,CLT Skin Feel 10min,Makes my skin glow,ft_stringiness,3.57,0,67.36,FC,IN,CLT B11-12 CLT Skin Feel 10min,6
174,6,sst_attribute_rank,CLT B11-12,CLT Skin Feel 10min,Makes my skin glow,in_creamy,7.0,0,65.33,FC,IN,CLT B11-12 CLT Skin Feel 10min,7
175,6,sst_attribute_rank,CLT B11-12,CLT Skin Feel 10min,Makes my skin glow,in_cooling,0.0,0,27.93,FC,IN,CLT B11-12 CLT Skin Feel 10min,8
176,6,sst_attribute_rank,CLT B11-12,CLT Skin Feel 10min,Makes my skin glow,in_oily_5min,0.71,0,73.57,FC,IN,CLT B11-12 CLT Skin Feel 10min,9
177,6,sst_attribute_rank,CLT B11-12,CLT Skin Feel 10min,Makes my skin glow,in_drag_5min,9.5,0,71.4,FC,IN,CLT B11-12 CLT Skin Feel 10min,10
178,6,sst_attribute_rank,CLT B11-12,CLT Skin Feel 10min,Makes my skin glow,in_cooling_5min,0.0,0,5.36,FC,IN,CLT B11-12 CLT Skin Feel 10min,11
179,6,sst_attribute_rank,CLT B11-12,CLT Skin Feel 10min,Makes my skin glow,in_wet,1.79,0,89.79,FC,IN,CLT B11-12 CLT Skin Feel 10min,12
180,6,sst_attribute_rank,CLT B11-12,CLT Skin Feel 10min,Makes my skin glow,in_spreadability,35.93,0,95.64,FC,IN,CLT B11-12 CLT Skin Feel 10min,13
181,6,sst_attribute_rank,CLT B11-12,CLT Skin Feel 10min,Makes my skin glow,ft_firmness,6.71,0,79.57,FC,IN,CLT B11-12 CLT Skin Feel 10min,14
182,6,sst_attribute_rank,CLT B11-12,CLT Skin Feel 10min,Makes my skin glow,in_greasy_5min,1.71,0,72.36,FC,IN,CLT B11-12 CLT Skin Feel 10min,15
183,6,sst_attribute_rank,CLT B11-12,CLT Skin Feel 10min,Makes my skin glow,ft_sticky,4.93,0,74.43,FC,IN,CLT B11-12 CLT Skin Feel 10min,16
184,6,sst_attribute_rank,CLT B11-12,CLT Skin Feel 10min,Makes my skin glow,tightness_5min,16.57,0,73.53,FC,IN,CLT B11-12 CLT Skin Feel 10min,17
185,6,sst_attribute_rank,CLT B11-12,CLT Skin Feel 10min,Makes my skin glow,in_absorption,24.29,0,115.0,FC,IN,CLT B11-12 CLT Skin Feel 10min,18
186,8,sst_attribute_rank,CLT M1-2,APPEARANCE,Makes my skin glow,integrity_of_shape_rate,9.86,0,85.73,FC,IN,CLT M1-2 APPEARANCE,1
187,8,sst_attribute_rank,CLT M1-2,APPEARANCE,Makes my skin glow,integrity_of_shape_10s_rate,9.86,0,86.2,FC,IN,CLT M1-2 APPEARANCE,2
188,8,sst_attribute_rank,CLT M1-2,APPEARANCE,Makes my skin glow,product_b,63.0,0,255.0,FC,IN,CLT M1-2 APPEARANCE,3
189,8,sst_attribute_rank,CLT M1-2,APPEARANCE,Makes my skin glow,transparency_rate,8.0,0,96.93,FC,IN,CLT M1-2 APPEARANCE,4
190,8,sst_attribute_rank,CLT M1-2,APPEARANCE,Makes my skin glow,product_g,133.0,0,255.0,FC,IN,CLT M1-2 APPEARANCE,5
191,8,sst_attribute_rank,CLT M1-2,APPEARANCE,Makes my skin glow,lightness_of_color,1.0,0,17.0,FC,IN,CLT M1-2 APPEARANCE,6
192,8,sst_attribute_rank,CLT M1-2,APPEARANCE,Makes my skin glow,ft_firmness,6.71,0,79.57,FC,IN,CLT M1-2 APPEARANCE,7
193,8,sst_attribute_rank,CLT M1-2,APPEARANCE,Makes my skin glow,size_of_particles,1.0,0,7.0,FC,IN,CLT M1-2 APPEARANCE,8
194,8,sst_attribute_rank,CLT M1-2,APPEARANCE,Makes my skin glow,product_r,143.0,0,255.0,FC,IN,CLT M1-2 APPEARANCE,9
195,8,sst_attribute_rank,CLT M1-2,APPEARANCE,Makes my skin glow,gloss_rate,5.36,0,92.21,FC,IN,CLT M1-2 APPEARANCE,10
196,5,sst_attribute_rank,CLT B5-6,Fragrance In Jar,Makes my skin glow,fr_Green,0.0,0,1.0,FC,IN,CLT B5-6 Fragrance In Jar,1
197,5,sst_attribute_rank,CLT B5-6,Fragrance In Jar,Makes my skin glow,fr_Aromatic_Herbeaous,0.0,0,1.0,FC,IN,CLT B5-6 Fragrance In Jar,2
198,5,sst_attribute_rank,CLT B5-6,Fragrance In Jar,Makes my skin glow,fr_Powdery,0.0,0,1.0,FC,IN,CLT B5-6 Fragrance In Jar,3
199,5,sst_attribute_rank,CLT B5-6,Fragrance In Jar,Makes my skin glow,fr_Aldehydic,0.0,0,1.0,FC,IN,CLT B5-6 Fragrance In Jar,4
200,5,sst_attribute_rank,CLT B5-6,Fragrance In Jar,Makes my skin glow,fr_Watery_Marine,0.0,0,1.0,FC,IN,CLT B5-6 Fragrance In Jar,5
201,5,sst_attribute_rank,CLT B5-6,Fragrance In Jar,Makes my skin glow,in_fragrance_imm,24.36,0,74.73,FC,IN,CLT B5-6 Fragrance In Jar,6
202,5,sst_attribute_rank,CLT B5-6,Fragrance In Jar,Makes my skin glow,fr_Amber,0.0,0,1.0,FC,IN,CLT B5-6 Fragrance In Jar,7
203,5,sst_attribute_rank,CLT B5-6,Fragrance In Jar,Makes my skin glow,fr_Musky,0.0,0,1.0,FC,IN,CLT B5-6 Fragrance In Jar,8
204,5,sst_attribute_rank,CLT B5-6,Fragrance In Jar,Makes my skin glow,in_fragrance_5min,15.43,0,64.07,FC,IN,CLT B5-6 Fragrance In Jar,9
205,5,sst_attribute_rank,CLT B5-6,Fragrance In Jar,Makes my skin glow,fr_Floral,0.0,0,1.0,FC,IN,CLT B5-6 Fragrance In Jar,10
206,5,sst_attribute_rank,CLT B5-6,Fragrance In Jar,Makes my skin glow,fr_Citrus,0.0,0,1.0,FC,IN,CLT B5-6 Fragrance In Jar,11
207,5,sst_attribute_rank,CLT B5-6,Fragrance In Jar,Makes my skin glow,fr_Woody,0.0,0,1.0,FC,IN,CLT B5-6 Fragrance In Jar,12
208,5,sst_attribute_rank,CLT B5-6,Fragrance In Jar,Makes my skin glow,fr_Fruity,0.0,0,1.0,FC,IN,CLT B5-6 Fragrance In Jar,13
209,5,sst_attribute_rank,CLT B5-6,Fragrance In Jar,Makes my skin glow,fr_Gourmand,0.0,0,1.0,FC,IN,CLT B5-6 Fragrance In Jar,14
210,7,sst_attribute_rank,CLT B17-18,Fragrance 10min,Makes my skin glow,in_fragrance_imm,24.36,0,74.73,FC,IN,CLT B17-18 Fragrance 10min,1
211,7,sst_attribute_rank,CLT B17-18,Fragrance 10min,Makes my skin glow,fr_Green,0.0,0,1.0,FC,IN,CLT B17-18 Fragrance 10min,2
212,7,sst_attribute_rank,CLT B17-18,Fragrance 10min,Makes my skin glow,fr_Aromatic_Herbeaous,0.0,0,1.0,FC,IN,CLT B17-18 Fragrance 10min,3
213,7,sst_attribute_rank,CLT B17-18,Fragrance 10min,Makes my skin glow,fr_Aldehydic,0.0,0,1.0,FC,IN,CLT B17-18 Fragrance 10min,4
214,7,sst_attribute_rank,CLT B17-18,Fragrance 10min,Makes my skin glow,fr_Floral,0.0,0,1.0,FC,IN,CLT B17-18 Fragrance 10min,5
215,7,sst_attribute_rank,CLT B17-18,Fragrance 10min,Makes my skin glow,fr_Musky,0.0,0,1.0,FC,IN,CLT B17-18 Fragrance 10min,6
216,7,sst_attribute_rank,CLT B17-18,Fragrance 10min,Makes my skin glow,fr_Citrus,0.0,0,1.0,FC,IN,CLT B17-18 Fragrance 10min,7
217,10,sst_attribute_rank,CLT B15-16,CLT Fingertip,Makes my skin glow,in_thickness,11.71,0,75.67,FC,IN,CLT B15-16 CLT Fingertip,1
218,10,sst_attribute_rank,CLT B15-16,CLT Fingertip,Makes my skin glow,ft_firmness,6.71,0,79.57,FC,IN,CLT B15-16 CLT Fingertip,2
219,10,sst_attribute_rank,CLT B15-16,CLT Fingertip,Makes my skin glow,in_greasy,3.93,0,82.86,FC,IN,CLT B15-16 CLT Fingertip,3
220,10,sst_attribute_rank,CLT B15-16,CLT Fingertip,Makes my skin glow,oily_ft,0.0,0,92.07,FC,IN,CLT B15-16 CLT Fingertip,4
221,10,sst_attribute_rank,CLT B15-16,CLT Fingertip,Makes my skin glow,in_sticky_imm,4.29,0,73.21,FC,IN,CLT B15-16 CLT Fingertip,5
222,10,sst_attribute_rank,CLT B15-16,CLT Fingertip,Makes my skin glow,in_oily,0.57,0,82.5,FC,IN,CLT B15-16 CLT Fingertip,6
223,10,sst_attribute_rank,CLT B15-16,CLT Fingertip,Makes my skin glow,in_creamy,7.0,0,65.33,FC,IN,CLT B15-16 CLT Fingertip,7
224,10,sst_attribute_rank,CLT B15-16,CLT Fingertip,Makes my skin glow,in_spreadability,35.93,0,95.64,FC,IN,CLT B15-16 CLT Fingertip,8
225,10,sst_attribute_rank,CLT B15-16,CLT Fingertip,Makes my skin glow,in_greasy_imm,2.5,0,79.21,FC,IN,CLT B15-16 CLT Fingertip,9
226,10,sst_attribute_rank,CLT B15-16,CLT Fingertip,Makes my skin glow,ft_stringiness,3.57,0,67.36,FC,IN,CLT B15-16 CLT Fingertip,10
227,10,sst_attribute_rank,CLT B15-16,CLT Fingertip,Makes my skin glow,ft_peaking,3.57,0,78.27,FC,IN,CLT B15-16 CLT Fingertip,11
228,10,sst_attribute_rank,CLT B15-16,CLT Fingertip,Makes my skin glow,in_drag_imm,7.86,0,79.73,FC,IN,CLT B15-16 CLT Fingertip,12
229,10,sst_attribute_rank,CLT B15-16,CLT Fingertip,Makes my skin glow,amount_of_residue,22.21,0,93.79,FC,IN,CLT B15-16 CLT Fingertip,13
230,10,sst_attribute_rank,CLT B15-16,CLT Fingertip,Makes my skin glow,consistency_rate,10.07,0,89.64,FC,IN,CLT B15-16 CLT Fingertip,14
231,10,sst_attribute_rank,CLT B15-16,CLT Fingertip,Makes my skin glow,ft_bounciness,1.14,0,39.64,FC,IN,CLT B15-16 CLT Fingertip,15
232,10,sst_attribute_rank,CLT B15-16,CLT Fingertip,Makes my skin glow,in_wet,1.79,0,89.79,FC,IN,CLT B15-16 CLT Fingertip,16
233,10,sst_attribute_rank,CLT B15-16,CLT Fingertip,Makes my skin glow,in_waxy_imm,5.0,0,31.53,FC,IN,CLT B15-16 CLT Fingertip,17
234,10,sst_attribute_rank,CLT B15-16,CLT Fingertip,Makes my skin glow,in_powdery_imm,5.14,0,80.36,FC,IN,CLT B15-16 CLT Fingertip,18
235,10,sst_attribute_rank,CLT B15-16,CLT Fingertip,Makes my skin glow,in_silky_imm,9.67,0,61.29,FC,IN,CLT B15-16 CLT Fingertip,19
236,10,sst_attribute_rank,CLT B15-16,CLT Fingertip,Makes my skin glow,in_oily_imm,0.64,0,79.64,FC,IN,CLT B15-16 CLT Fingertip,20
237,10,sst_attribute_rank,CLT B15-16,CLT Fingertip,Makes my skin glow,ft_sticky,4.93,0,74.43,FC,IN,CLT B15-16 CLT Fingertip,21
238,9,sst_attribute_rank,CLT B3-4,Skin Look 10min,Makes my skin glow,in_coverage_imm,4.64,0,70.27,FC,IN,CLT B3-4 Skin Look 10min,1
239,9,sst_attribute_rank,CLT B3-4,Skin Look 10min,Makes my skin glow,patchy_residue_in,7.86,0,79.6,FC,IN,CLT B3-4 Skin Look 10min,2
240,9,sst_attribute_rank,CLT B3-4,Skin Look 10min,Makes my skin glow,patchy_residue_imm,4.29,0,39.07,FC,IN,CLT B3-4 Skin Look 10min,3
241,9,sst_attribute_rank,CLT B3-4,Skin Look 10min,Makes my skin glow,in_invisibility_imm,5.43,0,51.33,FC,IN,CLT B3-4 Skin Look 10min,4
242,9,sst_attribute_rank,CLT B3-4,Skin Look 10min,Makes my skin glow,in_gloss_5min,3.57,0,76.14,FC,IN,CLT B3-4 Skin Look 10min,5
243,9,sst_attribute_rank,CLT B3-4,Skin Look 10min,Makes my skin glow,in_coverage_5min,4.64,0,67.47,FC,IN,CLT B3-4 Skin Look 10min,6
244,9,sst_attribute_rank,CLT B3-4,Skin Look 10min,Makes my skin glow,in_gloss_imm,4.29,0,82.86,FC,IN,CLT B3-4 Skin Look 10min,7
245,9,sst_attribute_rank,CLT B3-4,Skin Look 10min,Makes my skin glow,in_invisibility_5min,4.93,0,50.67,FC,IN,CLT B3-4 Skin Look 10min,8
246,9,sst_attribute_rank,CLT B3-4,Skin Look 10min,Makes my skin glow,in_powderylook_5min,4.64,0,22.73,FC,IN,CLT B3-4 Skin Look 10min,9
247,9,sst_attribute_rank,CLT B3-4,Skin Look 10min,Makes my skin glow,in_fairness_imm,4.33,0,50.21,FC,IN,CLT B3-4 Skin Look 10min,10
248,9,sst_attribute_rank,CLT B3-4,Skin Look 10min,Makes my skin glow,in_powderylook_imm,4.64,0,41.79,FC,IN,CLT B3-4 Skin Look 10min,11
249,9,sst_attribute_rank,CLT B3-4,Skin Look 10min,Makes my skin glow,in_fairness_5min,4.33,0,43.21,FC,IN,CLT B3-4 Skin Look 10min,12
250,9,sst_attribute_rank,CLT B3-4,Skin Look 10min,Makes my skin glow,shimmer,0.0,0,58.8,FC,IN,CLT B3-4 Skin Look 10min,13
251,3,sst_attribute_rank,CLT B13-14,CLT Fragrance IMD,Makes my skin glow,fr_Green,0.0,0,1.0,FC,IN,CLT B13-14 CLT Fragrance IMD,1
252,3,sst_attribute_rank,CLT B13-14,CLT Fragrance IMD,Makes my skin glow,fr_Aromatic_Herbeaous,0.0,0,1.0,FC,IN,CLT B13-14 CLT Fragrance IMD,2
253,3,sst_attribute_rank,CLT B13-14,CLT Fragrance IMD,Makes my skin glow,fr_Musky,0.0,0,1.0,FC,IN,CLT B13-14 CLT Fragrance IMD,3
254,3,sst_attribute_rank,CLT B13-14,CLT Fragrance IMD,Makes my skin glow,fr_Powdery,0.0,0,1.0,FC,IN,CLT B13-14 CLT Fragrance IMD,4
255,3,sst_attribute_rank,CLT B13-14,CLT Fragrance IMD,Makes my skin glow,fr_Aldehydic,0.0,0,1.0,FC,IN,CLT B13-14 CLT Fragrance IMD,5
256,3,sst_attribute_rank,CLT B13-14,CLT Fragrance IMD,Makes my skin glow,in_fragrance_5min,15.43,0,64.07,FC,IN,CLT B13-14 CLT Fragrance IMD,6
257,3,sst_attribute_rank,CLT B13-14,CLT Fragrance IMD,Makes my skin glow,in_fragrance_imm,24.36,0,74.73,FC,IN,CLT B13-14 CLT Fragrance IMD,7
258,3,sst_attribute_rank,CLT B13-14,CLT Fragrance IMD,Makes my skin glow,fr_Watery_Marine,0.0,0,1.0,FC,IN,CLT B13-14 CLT Fragrance IMD,8
259,3,sst_attribute_rank,CLT B13-14,CLT Fragrance IMD,Makes my skin glow,fr_Citrus,0.0,0,1.0,FC,IN,CLT B13-14 CLT Fragrance IMD,9
260,3,sst_attribute_rank,CLT B13-14,CLT Fragrance IMD,Makes my skin glow,fr_Woody,0.0,0,1.0,FC,IN,CLT B13-14 CLT Fragrance IMD,10
261,3,sst_attribute_rank,CLT B13-14,CLT Fragrance IMD,Makes my skin glow,fr_Amber,0.0,0,1.0,FC,IN,CLT B13-14 CLT Fragrance IMD,11
262,3,sst_attribute_rank,CLT B13-14,CLT Fragrance IMD,Makes my skin glow,fr_Floral,0.0,0,1.0,FC,IN,CLT B13-14 CLT Fragrance IMD,12
263,3,sst_attribute_rank,CLT B13-14,CLT Fragrance IMD,Makes my skin glow,fr_Fruity,0.0,0,1.0,FC,IN,CLT B13-14 CLT Fragrance IMD,13
264,3,sst_attribute_rank,CLT B13-14,CLT Fragrance IMD,Makes my skin glow,fr_Gourmand,0.0,0,1.0,FC,IN,CLT B13-14 CLT Fragrance IMD,14
265,1,sst_attribute_rank,CLT B7-8,Skin feel IU,Makes my skin glow,in_thickness,11.71,0,75.67,FC,IN,CLT B7-8 Skin feel IU,1
266,1,sst_attribute_rank,CLT B7-8,Skin feel IU,Makes my skin glow,in_greasy,3.93,0,82.86,FC,IN,CLT B7-8 Skin feel IU,2
267,1,sst_attribute_rank,CLT B7-8,Skin feel IU,Makes my skin glow,ft_peaking,3.57,0,78.27,FC,IN,CLT B7-8 Skin feel IU,3
268,1,sst_attribute_rank,CLT B7-8,Skin feel IU,Makes my skin glow,in_absorption,24.29,0,115.0,FC,IN,CLT B7-8 Skin feel IU,4
269,1,sst_attribute_rank,CLT B7-8,Skin feel IU,Makes my skin glow,oily_ft,0.0,0,92.07,FC,IN,CLT B7-8 Skin feel IU,5
270,1,sst_attribute_rank,CLT B7-8,Skin feel IU,Makes my skin glow,ft_stringiness,3.57,0,67.36,FC,IN,CLT B7-8 Skin feel IU,6
271,1,sst_attribute_rank,CLT B7-8,Skin feel IU,Makes my skin glow,ft_sticky,4.93,0,74.43,FC,IN,CLT B7-8 Skin feel IU,7
272,1,sst_attribute_rank,CLT B7-8,Skin feel IU,Makes my skin glow,in_creamy,7.0,0,65.33,FC,IN,CLT B7-8 Skin feel IU,8
273,1,sst_attribute_rank,CLT B7-8,Skin feel IU,Makes my skin glow,in_spreadability,35.93,0,95.64,FC,IN,CLT B7-8 Skin feel IU,9
274,1,sst_attribute_rank,CLT B7-8,Skin feel IU,Makes my skin glow,in_cooling,0.0,0,27.93,FC,IN,CLT B7-8 Skin feel IU,10
275,1,sst_attribute_rank,CLT B7-8,Skin feel IU,Makes my skin glow,in_wet,1.79,0,89.79,FC,IN,CLT B7-8 Skin feel IU,11
276,1,sst_attribute_rank,CLT B7-8,Skin feel IU,Makes my skin glow,ft_firmness,6.71,0,79.57,FC,IN,CLT B7-8 Skin feel IU,12
277,2,sst_attribute_rank,CLT B9-10,Skin feel IMD,Instant glow,in_thickness,11.71,0,75.67,FC,IN,CLT B9-10 Skin feel IMD,1
278,2,sst_attribute_rank,CLT B9-10,Skin feel IMD,Instant glow,in_greasy,3.93,0,82.86,FC,IN,CLT B9-10 Skin feel IMD,2
498,6,sst_attribute_rank,CLT B11-12,CLT Skin Feel 10min,Instant brightness,in_oily_5min,0.71,0,73.57,FC,IN,CLT B11-12 CLT Skin Feel 10min,9
499,6,sst_attribute_rank,CLT B11-12,CLT Skin Feel 10min,Instant brightness,tightness_5min,16.57,0,73.53,FC,IN,CLT B11-12 CLT Skin Feel 10min,10
500,6,sst_attribute_rank,CLT B11-12,CLT Skin Feel 10min,Instant brightness,ft_stringiness,3.57,0,67.36,FC,IN,CLT B11-12 CLT Skin Feel 10min,11
501,6,sst_attribute_rank,CLT B11-12,CLT Skin Feel 10min,Instant brightness,in_spreadability,35.93,0,95.64,FC,IN,CLT B11-12 CLT Skin Feel 10min,12
502,6,sst_attribute_rank,CLT B11-12,CLT Skin Feel 10min,Instant brightness,in_cooling,0.0,0,27.93,FC,IN,CLT B11-12 CLT Skin Feel 10min,13
503,6,sst_attribute_rank,CLT B11-12,CLT Skin Feel 10min,Instant brightness,in_cooling_5min,0.0,0,5.36,FC,IN,CLT B11-12 CLT Skin Feel 10min,14
504,6,sst_attribute_rank,CLT B11-12,CLT Skin Feel 10min,Instant brightness,in_absorption,24.29,0,115.0,FC,IN,CLT B11-12 CLT Skin Feel 10min,15
505,6,sst_attribute_rank,CLT B11-12,CLT Skin Feel 10min,Instant brightness,in_wet,1.79,0,89.79,FC,IN,CLT B11-12 CLT Skin Feel 10min,16
506,6,sst_attribute_rank,CLT B11-12,CLT Skin Feel 10min,Instant brightness,ft_peaking,3.57,0,78.27,FC,IN,CLT B11-12 CLT Skin Feel 10min,17
507,6,sst_attribute_rank,CLT B11-12,CLT Skin Feel 10min,Instant brightness,in_greasy_5min,1.71,0,72.36,FC,IN,CLT B11-12 CLT Skin Feel 10min,18
508,2,sst_attribute_rank,CLT B9-10,Skin feel IMD,Instant brightness,in_thickness,11.71,0,75.67,FC,IN,CLT B9-10 Skin feel IMD,1
509,2,sst_attribute_rank,CLT B9-10,Skin feel IMD,Instant brightness,in_greasy,3.93,0,82.86,FC,IN,CLT B9-10 Skin feel IMD,2
510,2,sst_attribute_rank,CLT B9-10,Skin feel IMD,Instant brightness,oily_ft,0.0,0,92.07,FC,IN,CLT B9-10 Skin feel IMD,3
511,2,sst_attribute_rank,CLT B9-10,Skin feel IMD,Instant brightness,in_greasy_imm,2.5,0,79.21,FC,IN,CLT B9-10 Skin feel IMD,4
512,2,sst_attribute_rank,CLT B9-10,Skin feel IMD,Instant brightness,ft_stringiness,3.57,0,67.36,FC,IN,CLT B9-10 Skin feel IMD,5
513,2,sst_attribute_rank,CLT B9-10,Skin feel IMD,Instant brightness,in_sticky_imm,4.29,0,73.21,FC,IN,CLT B9-10 Skin feel IMD,6
514,2,sst_attribute_rank,CLT B9-10,Skin feel IMD,Instant brightness,ft_sticky,4.93,0,74.43,FC,IN,CLT B9-10 Skin feel IMD,7
515,2,sst_attribute_rank,CLT B9-10,Skin feel IMD,Instant brightness,in_absorption,24.29,0,115.0,FC,IN,CLT B9-10 Skin feel IMD,8
516,2,sst_attribute_rank,CLT B9-10,Skin feel IMD,Instant brightness,amount_of_residue,22.21,0,93.79,FC,IN,CLT B9-10 Skin feel IMD,9
517,2,sst_attribute_rank,CLT B9-10,Skin feel IMD,Instant brightness,in_oily_imm,0.64,0,79.64,FC,IN,CLT B9-10 Skin feel IMD,10
518,2,sst_attribute_rank,CLT B9-10,Skin feel IMD,Instant brightness,softness_imm,7.29,0,72.86,FC,IN,CLT B9-10 Skin feel IMD,11
519,2,sst_attribute_rank,CLT B9-10,Skin feel IMD,Instant brightness,in_cooling,0.0,0,27.93,FC,IN,CLT B9-10 Skin feel IMD,12
520,2,sst_attribute_rank,CLT B9-10,Skin feel IMD,Instant brightness,ft_peaking,3.57,0,78.27,FC,IN,CLT B9-10 Skin feel IMD,13
521,2,sst_attribute_rank,CLT B9-10,Skin feel IMD,Instant brightness,ft_firmness,6.71,0,79.57,FC,IN,CLT B9-10 Skin feel IMD,14
522,2,sst_attribute_rank,CLT B9-10,Skin feel IMD,Instant brightness,in_drag_imm,7.86,0,79.73,FC,IN,CLT B9-10 Skin feel IMD,15
523,2,sst_attribute_rank,CLT B9-10,Skin feel IMD,Instant brightness,in_wet,1.79,0,89.79,FC,IN,CLT B9-10 Skin feel IMD,16
524,2,sst_attribute_rank,CLT B9-10,Skin feel IMD,Instant brightness,in_spreadability,35.93,0,95.64,FC,IN,CLT B9-10 Skin feel IMD,17
525,5,sst_attribute_rank,CLT B5-6,Fragrance In Jar,Instant brightness,in_fragrance_imm,24.36,0,74.73,FC,IN,CLT B5-6 Fragrance In Jar,1
526,5,sst_attribute_rank,CLT B5-6,Fragrance In Jar,Instant brightness,fr_Green,0.0,0,1.0,FC,IN,CLT B5-6 Fragrance In Jar,2
527,5,sst_attribute_rank,CLT B5-6,Fragrance In Jar,Instant brightness,fr_Musky,0.0,0,1.0,FC,IN,CLT B5-6 Fragrance In Jar,3
528,5,sst_attribute_rank,CLT B5-6,Fragrance In Jar,Instant brightness,fr_Aromatic_Herbeaous,0.0,0,1.0,FC,IN,CLT B5-6 Fragrance In Jar,4
529,5,sst_attribute_rank,CLT B5-6,Fragrance In Jar,Instant brightness,fr_Citrus,0.0,0,1.0,FC,IN,CLT B5-6 Fragrance In Jar,5
530,5,sst_attribute_rank,CLT B5-6,Fragrance In Jar,Instant brightness,fr_Watery_Marine,0.0,0,1.0,FC,IN,CLT B5-6 Fragrance In Jar,6
531,5,sst_attribute_rank,CLT B5-6,Fragrance In Jar,Instant brightness,in_fragrance_5min,15.43,0,64.07,FC,IN,CLT B5-6 Fragrance In Jar,7
532,5,sst_attribute_rank,CLT B5-6,Fragrance In Jar,Instant brightness,fr_Floral,0.0,0,1.0,FC,IN,CLT B5-6 Fragrance In Jar,8
533,7,sst_attribute_rank,CLT B17-18,Fragrance 10min,Instant brightness,fr_Green,0.0,0,1.0,FC,IN,CLT B17-18 Fragrance 10min,1
534,7,sst_attribute_rank,CLT B17-18,Fragrance 10min,Instant brightness,in_fragrance_imm,24.36,0,74.73,FC,IN,CLT B17-18 Fragrance 10min,2
535,7,sst_attribute_rank,CLT B17-18,Fragrance 10min,Instant brightness,fr_Aromatic_Herbeaous,0.0,0,1.0,FC,IN,CLT B17-18 Fragrance 10min,3
536,7,sst_attribute_rank,CLT B17-18,Fragrance 10min,Instant brightness,fr_Musky,0.0,0,1.0,FC,IN,CLT B17-18 Fragrance 10min,4
537,7,sst_attribute_rank,CLT B17-18,Fragrance 10min,Instant brightness,fr_Citrus,0.0,0,1.0,FC,IN,CLT B17-18 Fragrance 10min,5
538,7,sst_attribute_rank,CLT B17-18,Fragrance 10min,Instant brightness,fr_Floral,0.0,0,1.0,FC,IN,CLT B17-18 Fragrance 10min,6
539,8,sst_attribute_rank,CLT M1-2,APPEARANCE,Instant brightness,pearlescence_rate,0.0,0,1.0,FC,IN,CLT M1-2 APPEARANCE,1
540,8,sst_attribute_rank,CLT M1-2,APPEARANCE,Instant brightness,transparency_rate,8.0,0,96.93,FC,IN,CLT M1-2 APPEARANCE,2
541,8,sst_attribute_rank,CLT M1-2,APPEARANCE,Instant brightness,integrity_of_shape_rate,9.86,0,85.73,FC,IN,CLT M1-2 APPEARANCE,3
542,8,sst_attribute_rank,CLT M1-2,APPEARANCE,Instant brightness,product_b,63.0,0,255.0,FC,IN,CLT M1-2 APPEARANCE,4
543,8,sst_attribute_rank,CLT M1-2,APPEARANCE,Instant brightness,product_g,133.0,0,255.0,FC,IN,CLT M1-2 APPEARANCE,5
544,8,sst_attribute_rank,CLT M1-2,APPEARANCE,Instant brightness,gloss_rate,5.36,0,92.21,FC,IN,CLT M1-2 APPEARANCE,6
545,8,sst_attribute_rank,CLT M1-2,APPEARANCE,Instant brightness,ft_firmness,6.71,0,79.57,FC,IN,CLT M1-2 APPEARANCE,7
546,8,sst_attribute_rank,CLT M1-2,APPEARANCE,Instant brightness,product_r,143.0,0,255.0,FC,IN,CLT M1-2 APPEARANCE,8
547,8,sst_attribute_rank,CLT M1-2,APPEARANCE,Instant brightness,integrity_of_shape_10s_rate,9.86,0,86.2,FC,IN,CLT M1-2 APPEARANCE,9
548,8,sst_attribute_rank,CLT M1-2,APPEARANCE,Instant brightness,amount_of_particles,1.0,0,6.0,FC,IN,CLT M1-2 APPEARANCE,10
549,8,sst_attribute_rank,CLT M1-2,APPEARANCE,Instant brightness,size_of_particles,1.0,0,7.0,FC,IN,CLT M1-2 APPEARANCE,11
550,8,sst_attribute_rank,CLT M1-2,APPEARANCE,Instant brightness,lightness_of_color,1.0,0,17.0,FC,IN,CLT M1-2 APPEARANCE,12
551,2,sst_attribute_rank,CLT B9-10,Skin feel IMD,Instant fairness,in_thickness,11.71,0,75.67,FC,IN,CLT B9-10 Skin feel IMD,1
552,2,sst_attribute_rank,CLT B9-10,Skin feel IMD,Instant fairness,in_greasy,3.93,0,82.86,FC,IN,CLT B9-10 Skin feel IMD,2
553,2,sst_attribute_rank,CLT B9-10,Skin feel IMD,Instant fairness,oily_ft,0.0,0,92.07,FC,IN,CLT B9-10 Skin feel IMD,3
554,2,sst_attribute_rank,CLT B9-10,Skin feel IMD,Instant fairness,ft_stringiness,3.57,0,67.36,FC,IN,CLT B9-10 Skin feel IMD,4
555,2,sst_attribute_rank,CLT B9-10,Skin feel IMD,Instant fairness,in_greasy_imm,2.5,0,79.21,FC,IN,CLT B9-10 Skin feel IMD,5
556,2,sst_attribute_rank,CLT B9-10,Skin feel IMD,Instant fairness,ft_sticky,4.93,0,74.43,FC,IN,CLT B9-10 Skin feel IMD,6
557,2,sst_attribute_rank,CLT B9-10,Skin feel IMD,Instant fairness,ft_peaking,3.57,0,78.27,FC,IN,CLT B9-10 Skin feel IMD,7
558,2,sst_attribute_rank,CLT B9-10,Skin feel IMD,Instant fairness,amount_of_residue,22.21,0,93.79,FC,IN,CLT B9-10 Skin feel IMD,8
559,2,sst_attribute_rank,CLT B9-10,Skin feel IMD,Instant fairness,softness_imm,7.29,0,72.86,FC,IN,CLT B9-10 Skin feel IMD,9
590,7,sst_attribute_rank,CLT B17-18,Fragrance 10min,Instant fairness,in_fragrance_imm,24.36,0,74.73,FC,IN,CLT B17-18 Fragrance 10min,5
591,7,sst_attribute_rank,CLT B17-18,Fragrance 10min,Instant fairness,fr_Musky,0.0,0,1.0,FC,IN,CLT B17-18 Fragrance 10min,6
592,7,sst_attribute_rank,CLT B17-18,Fragrance 10min,Instant fairness,fr_Floral,0.0,0,1.0,FC,IN,CLT B17-18 Fragrance 10min,7
593,7,sst_attribute_rank,CLT B17-18,Fragrance 10min,Instant fairness,fr_Citrus,0.0,0,1.0,FC,IN,CLT B17-18 Fragrance 10min,8
594,4,sst_attribute_rank,CLT B1-2,Skin Look IMD,Instant fairness,in_coverage_imm,4.64,0,70.27,FC,IN,CLT B1-2 Skin Look IMD,1
595,4,sst_attribute_rank,CLT B1-2,Skin Look IMD,Instant fairness,shimmer,0.0,0,58.8,FC,IN,CLT B1-2 Skin Look IMD,2
596,4,sst_attribute_rank,CLT B1-2,Skin Look IMD,Instant fairness,in_invisibility_imm,5.43,0,51.33,FC,IN,CLT B1-2 Skin Look IMD,3
597,4,sst_attribute_rank,CLT B1-2,Skin Look IMD,Instant fairness,in_coverage_5min,4.64,0,67.47,FC,IN,CLT B1-2 Skin Look IMD,4
598,4,sst_attribute_rank,CLT B1-2,Skin Look IMD,Instant fairness,patchy_residue_in,7.86,0,79.6,FC,IN,CLT B1-2 Skin Look IMD,5
599,4,sst_attribute_rank,CLT B1-2,Skin Look IMD,Instant fairness,in_fairness_imm,4.33,0,50.21,FC,IN,CLT B1-2 Skin Look IMD,6
600,4,sst_attribute_rank,CLT B1-2,Skin Look IMD,Instant fairness,in_powderylook_5min,4.64,0,22.73,FC,IN,CLT B1-2 Skin Look IMD,7
601,4,sst_attribute_rank,CLT B1-2,Skin Look IMD,Instant fairness,in_gloss_5min,3.57,0,76.14,FC,IN,CLT B1-2 Skin Look IMD,8
602,4,sst_attribute_rank,CLT B1-2,Skin Look IMD,Instant fairness,in_fairness_5min,4.33,0,43.21,FC,IN,CLT B1-2 Skin Look IMD,9
603,4,sst_attribute_rank,CLT B1-2,Skin Look IMD,Instant fairness,in_gloss_imm,4.29,0,82.86,FC,IN,CLT B1-2 Skin Look IMD,10
604,4,sst_attribute_rank,CLT B1-2,Skin Look IMD,Instant fairness,in_invisibility_5min,4.93,0,50.67,FC,IN,CLT B1-2 Skin Look IMD,11
605,4,sst_attribute_rank,CLT B1-2,Skin Look IMD,Instant fairness,in_powderylook_imm,4.64,0,41.79,FC,IN,CLT B1-2 Skin Look IMD,12
606,4,sst_attribute_rank,CLT B1-2,Skin Look IMD,Instant fairness,patchy_residue_imm,4.29,0,39.07,FC,IN,CLT B1-2 Skin Look IMD,13
607,9,sst_attribute_rank,CLT B3-4,Skin Look 10min,Instant fairness,in_coverage_imm,4.64,0,70.27,FC,IN,CLT B3-4 Skin Look 10min,1
608,9,sst_attribute_rank,CLT B3-4,Skin Look 10min,Instant fairness,in_coverage_5min,4.64,0,67.47,FC,IN,CLT B3-4 Skin Look 10min,2
609,9,sst_attribute_rank,CLT B3-4,Skin Look 10min,Instant fairness,shimmer,0.0,0,58.8,FC,IN,CLT B3-4 Skin Look 10min,3
610,9,sst_attribute_rank,CLT B3-4,Skin Look 10min,Instant fairness,patchy_residue_in,7.86,0,79.6,FC,IN,CLT B3-4 Skin Look 10min,4
611,9,sst_attribute_rank,CLT B3-4,Skin Look 10min,Instant fairness,in_invisibility_5min,4.93,0,50.67,FC,IN,CLT B3-4 Skin Look 10min,5
854,4,sst_attribute_rank,CLT B1-2,Skin Look IMD,Even tone,patchy_residue_imm,4.29,0,39.07,FC,IN,CLT B1-2 Skin Look IMD,10
855,4,sst_attribute_rank,CLT B1-2,Skin Look IMD,Even tone,in_invisibility_imm,5.43,0,51.33,FC,IN,CLT B1-2 Skin Look IMD,11
856,4,sst_attribute_rank,CLT B1-2,Skin Look IMD,Even tone,in_invisibility_5min,4.93,0,50.67,FC,IN,CLT B1-2 Skin Look IMD,12
857,4,sst_attribute_rank,CLT B1-2,Skin Look IMD,Even tone,shimmer,0.0,0,58.8,FC,IN,CLT B1-2 Skin Look IMD,13
858,10,sst_attribute_rank,CLT B15-16,CLT Fingertip,Even tone,in_thickness,11.71,0,75.67,FC,IN,CLT B15-16 CLT Fingertip,1
859,10,sst_attribute_rank,CLT B15-16,CLT Fingertip,Even tone,ft_firmness,6.71,0,79.57,FC,IN,CLT B15-16 CLT Fingertip,2
860,10,sst_attribute_rank,CLT B15-16,CLT Fingertip,Even tone,in_greasy_imm,2.5,0,79.21,FC,IN,CLT B15-16 CLT Fingertip,3
861,10,sst_attribute_rank,CLT B15-16,CLT Fingertip,Even tone,in_oily,0.57,0,82.5,FC,IN,CLT B15-16 CLT Fingertip,4
862,10,sst_attribute_rank,CLT B15-16,CLT Fingertip,Even tone,oily_ft,0.0,0,92.07,FC,IN,CLT B15-16 CLT Fingertip,5
863,10,sst_attribute_rank,CLT B15-16,CLT Fingertip,Even tone,in_sticky_imm,4.29,0,73.21,FC,IN,CLT B15-16 CLT Fingertip,6
864,10,sst_attribute_rank,CLT B15-16,CLT Fingertip,Even tone,ft_peaking,3.57,0,78.27,FC,IN,CLT B15-16 CLT Fingertip,7
865,10,sst_attribute_rank,CLT B15-16,CLT Fingertip,Even tone,in_oily_imm,0.64,0,79.64,FC,IN,CLT B15-16 CLT Fingertip,8
866,10,sst_attribute_rank,CLT B15-16,CLT Fingertip,Even tone,in_spreadability,35.93,0,95.64,FC,IN,CLT B15-16 CLT Fingertip,9
867,10,sst_attribute_rank,CLT B15-16,CLT Fingertip,Even tone,in_creamy,7.0,0,65.33,FC,IN,CLT B15-16 CLT Fingertip,10
868,10,sst_attribute_rank,CLT B15-16,CLT Fingertip,Even tone,in_drag_imm,7.86,0,79.73,FC,IN,CLT B15-16 CLT Fingertip,11
869,10,sst_attribute_rank,CLT B15-16,CLT Fingertip,Even tone,ft_sticky,4.93,0,74.43,FC,IN,CLT B15-16 CLT Fingertip,12
870,10,sst_attribute_rank,CLT B15-16,CLT Fingertip,Even tone,in_wet,1.79,0,89.79,FC,IN,CLT B15-16 CLT Fingertip,13
871,10,sst_attribute_rank,CLT B15-16,CLT Fingertip,Even tone,in_powdery_imm,5.14,0,80.36,FC,IN,CLT B15-16 CLT Fingertip,14
872,10,sst_attribute_rank,CLT B15-16,CLT Fingertip,Even tone,amount_of_residue,22.21,0,93.79,FC,IN,CLT B15-16 CLT Fingertip,15
873,10,sst_attribute_rank,CLT B15-16,CLT Fingertip,Even tone,ft_bounciness,1.14,0,39.64,FC,IN,CLT B15-16 CLT Fingertip,16
874,10,sst_attribute_rank,CLT B15-16,CLT Fingertip,Even tone,ft_stringiness,3.57,0,67.36,FC,IN,CLT B15-16 CLT Fingertip,17
875,10,sst_attribute_rank,CLT B15-16,CLT Fingertip,Even tone,consistency_rate,10.07,0,89.64,FC,IN,CLT B15-16 CLT Fingertip,18
876,10,sst_attribute_rank,CLT B15-16,CLT Fingertip,Even tone,in_greasy,3.93,0,82.86,FC,IN,CLT B15-16 CLT Fingertip,19
877,10,sst_attribute_rank,CLT B15-16,CLT Fingertip,Even tone,in_silky_imm,9.67,0,61.29,FC,IN,CLT B15-16 CLT Fingertip,20
878,6,sst_attribute_rank,CLT B11-12,CLT Skin Feel 10min,Even tone,in_thickness,11.71,0,75.67,FC,IN,CLT B11-12 CLT Skin Feel 10min,1
879,6,sst_attribute_rank,CLT B11-12,CLT Skin Feel 10min,Even tone,ft_firmness,6.71,0,79.57,FC,IN,CLT B11-12 CLT Skin Feel 10min,2
880,6,sst_attribute_rank,CLT B11-12,CLT Skin Feel 10min,Even tone,in_greasy,3.93,0,82.86,FC,IN,CLT B11-12 CLT Skin Feel 10min,3
881,6,sst_attribute_rank,CLT B11-12,CLT Skin Feel 10min,Even tone,in_sticky_5min,4.64,0,65.43,FC,IN,CLT B11-12 CLT Skin Feel 10min,4
882,6,sst_attribute_rank,CLT B11-12,CLT Skin Feel 10min,Even tone,oily_ft,0.0,0,92.07,FC,IN,CLT B11-12 CLT Skin Feel 10min,5
883,6,sst_attribute_rank,CLT B11-12,CLT Skin Feel 10min,Even tone,in_oily_5min,0.71,0,73.57,FC,IN,CLT B11-12 CLT Skin Feel 10min,6
884,6,sst_attribute_rank,CLT B11-12,CLT Skin Feel 10min,Even tone,in_creamy,7.0,0,65.33,FC,IN,CLT B11-12 CLT Skin Feel 10min,7
885,6,sst_attribute_rank,CLT B11-12,CLT Skin Feel 10min,Even tone,ft_sticky,4.93,0,74.43,FC,IN,CLT B11-12 CLT Skin Feel 10min,8
886,6,sst_attribute_rank,CLT B11-12,CLT Skin Feel 10min,Even tone,in_cooling,0.0,0,27.93,FC,IN,CLT B11-12 CLT Skin Feel 10min,9
887,6,sst_attribute_rank,CLT B11-12,CLT Skin Feel 10min,Even tone,in_spreadability,35.93,0,95.64,FC,IN,CLT B11-12 CLT Skin Feel 10min,10
888,6,sst_attribute_rank,CLT B11-12,CLT Skin Feel 10min,Even tone,ft_stringiness,3.57,0,67.36,FC,IN,CLT B11-12 CLT Skin Feel 10min,11
889,6,sst_attribute_rank,CLT B11-12,CLT Skin Feel 10min,Even tone,in_drag_5min,9.5,0,71.4,FC,IN,CLT B11-12 CLT Skin Feel 10min,12
890,6,sst_attribute_rank,CLT B11-12,CLT Skin Feel 10min,Even tone,in_cooling_5min,0.0,0,5.36,FC,IN,CLT B11-12 CLT Skin Feel 10min,13
891,6,sst_attribute_rank,CLT B11-12,CLT Skin Feel 10min,Even tone,in_wet,1.79,0,89.79,FC,IN,CLT B11-12 CLT Skin Feel 10min,14
892,6,sst_attribute_rank,CLT B11-12,CLT Skin Feel 10min,Even tone,tightness_5min,16.57,0,73.53,FC,IN,CLT B11-12 CLT Skin Feel 10min,15
893,6,sst_attribute_rank,CLT B11-12,CLT Skin Feel 10min,Even tone,in_greasy_5min,1.71,0,72.36,FC,IN,CLT B11-12 CLT Skin Feel 10min,16
894,6,sst_attribute_rank,CLT B11-12,CLT Skin Feel 10min,Even tone,ft_peaking,3.57,0,78.27,FC,IN,CLT B11-12 CLT Skin Feel 10min,17
895,6,sst_attribute_rank,CLT B11-12,CLT Skin Feel 10min,Even tone,in_absorption,24.29,0,115.0,FC,IN,CLT B11-12 CLT Skin Feel 10min,18
896,3,sst_attribute_rank,CLT B13-14,CLT Fragrance IMD,Even tone,fr_Green,0.0,0,1.0,FC,IN,CLT B13-14 CLT Fragrance IMD,1
897,3,sst_attribute_rank,CLT B13-14,CLT Fragrance IMD,Even tone,fr_Aromatic_Herbeaous,0.0,0,1.0,FC,IN,CLT B13-14 CLT Fragrance IMD,2
898,3,sst_attribute_rank,CLT B13-14,CLT Fragrance IMD,Even tone,fr_Aldehydic,0.0,0,1.0,FC,IN,CLT B13-14 CLT Fragrance IMD,3
899,3,sst_attribute_rank,CLT B13-14,CLT Fragrance IMD,Even tone,fr_Powdery,0.0,0,1.0,FC,IN,CLT B13-14 CLT Fragrance IMD,4
900,3,sst_attribute_rank,CLT B13-14,CLT Fragrance IMD,Even tone,fr_Musky,0.0,0,1.0,FC,IN,CLT B13-14 CLT Fragrance IMD,5
901,3,sst_attribute_rank,CLT B13-14,CLT Fragrance IMD,Even tone,fr_Amber,0.0,0,1.0,FC,IN,CLT B13-14 CLT Fragrance IMD,6
902,3,sst_attribute_rank,CLT B13-14,CLT Fragrance IMD,Even tone,in_fragrance_5min,15.43,0,64.07,FC,IN,CLT B13-14 CLT Fragrance IMD,7
903,3,sst_attribute_rank,CLT B13-14,CLT Fragrance IMD,Even tone,in_fragrance_imm,24.36,0,74.73,FC,IN,CLT B13-14 CLT Fragrance IMD,8
904,3,sst_attribute_rank,CLT B13-14,CLT Fragrance IMD,Even tone,fr_Citrus,0.0,0,1.0,FC,IN,CLT B13-14 CLT Fragrance IMD,9
905,3,sst_attribute_rank,CLT B13-14,CLT Fragrance IMD,Even tone,fr_Woody,0.0,0,1.0,FC,IN,CLT B13-14 CLT Fragrance IMD,10
906,3,sst_attribute_rank,CLT B13-14,CLT Fragrance IMD,Even tone,fr_Gourmand,0.0,0,1.0,FC,IN,CLT B13-14 CLT Fragrance IMD,11
907,3,sst_attribute_rank,CLT B13-14,CLT Fragrance IMD,Even tone,fr_Watery_Marine,0.0,0,1.0,FC,IN,CLT B13-14 CLT Fragrance IMD,12
908,3,sst_attribute_rank,CLT B13-14,CLT Fragrance IMD,Even tone,fr_Fruity,0.0,0,1.0,FC,IN,CLT B13-14 CLT Fragrance IMD,13
909,3,sst_attribute_rank,CLT B13-14,CLT Fragrance IMD,Even tone,fr_Floral,0.0,0,1.0,FC,IN,CLT B13-14 CLT Fragrance IMD,14
910,8,sst_attribute_rank,CLT M1-2,APPEARANCE,Even tone,integrity_of_shape_rate,9.86,0,85.73,FC,IN,CLT M1-2 APPEARANCE,1
911,8,sst_attribute_rank,CLT M1-2,APPEARANCE,Even tone,integrity_of_shape_10s_rate,9.86,0,86.2,FC,IN,CLT M1-2 APPEARANCE,2
912,8,sst_attribute_rank,CLT M1-2,APPEARANCE,Even tone,product_b,63.0,0,255.0,FC,IN,CLT M1-2 APPEARANCE,3
913,8,sst_attribute_rank,CLT M1-2,APPEARANCE,Even tone,transparency_rate,8.0,0,96.93,FC,IN,CLT M1-2 APPEARANCE,4
914,8,sst_attribute_rank,CLT M1-2,APPEARANCE,Even tone,product_g,133.0,0,255.0,FC,IN,CLT M1-2 APPEARANCE,5
915,8,sst_attribute_rank,CLT M1-2,APPEARANCE,Even tone,lightness_of_color,1.0,0,17.0,FC,IN,CLT M1-2 APPEARANCE,6
916,8,sst_attribute_rank,CLT M1-2,APPEARANCE,Even tone,size_of_particles,1.0,0,7.0,FC,IN,CLT M1-2 APPEARANCE,7
917,8,sst_attribute_rank,CLT M1-2,APPEARANCE,Even tone,ft_firmness,6.71,0,79.57,FC,IN,CLT M1-2 APPEARANCE,8
918,8,sst_attribute_rank,CLT M1-2,APPEARANCE,Even tone,amount_of_particles,1.0,0,6.0,FC,IN,CLT M1-2 APPEARANCE,9
919,8,sst_attribute_rank,CLT M1-2,APPEARANCE,Even tone,product_r,143.0,0,255.0,FC,IN,CLT M1-2 APPEARANCE,10
920,8,sst_attribute_rank,CLT M1-2,APPEARANCE,Even tone,gloss_rate,5.36,0,92.21,FC,IN,CLT M1-2 APPEARANCE,11
921,9,sst_attribute_rank,CLT B3-4,Skin Look 10min,Even tone,in_gloss_5min,3.57,0,76.14,FC,IN,CLT B3-4 Skin Look 10min,1
922,9,sst_attribute_rank,CLT B3-4,Skin Look 10min,Even tone,in_gloss_imm,4.29,0,82.86,FC,IN,CLT B3-4 Skin Look 10min,2
923,9,sst_attribute_rank,CLT B3-4,Skin Look 10min,Even tone,in_invisibility_imm,5.43,0,51.33,FC,IN,CLT B3-4 Skin Look 10min,3
924,9,sst_attribute_rank,CLT B3-4,Skin Look 10min,Even tone,patchy_residue_in,7.86,0,79.6,FC,IN,CLT B3-4 Skin Look 10min,4
925,9,sst_attribute_rank,CLT B3-4,Skin Look 10min,Even tone,in_coverage_imm,4.64,0,70.27,FC,IN,CLT B3-4 Skin Look 10min,5
926,9,sst_attribute_rank,CLT B3-4,Skin Look 10min,Even tone,in_invisibility_5min,4.93,0,50.67,FC,IN,CLT B3-4 Skin Look 10min,6
927,9,sst_attribute_rank,CLT B3-4,Skin Look 10min,Even tone,patchy_residue_imm,4.29,0,39.07,FC,IN,CLT B3-4 Skin Look 10min,7
928,9,sst_attribute_rank,CLT B3-4,Skin Look 10min,Even tone,in_coverage_5min,4.64,0,67.47,FC,IN,CLT B3-4 Skin Look 10min,8
929,9,sst_attribute_rank,CLT B3-4,Skin Look 10min,Even tone,in_fairness_5min,4.33,0,43.21,FC,IN,CLT B3-4 Skin Look 10min,9
930,9,sst_attribute_rank,CLT B3-4,Skin Look 10min,Even tone,in_powderylook_imm,4.64,0,41.79,FC,IN,CLT B3-4 Skin Look 10min,10
931,9,sst_attribute_rank,CLT B3-4,Skin Look 10min,Even tone,in_fairness_imm,4.33,0,50.21,FC,IN,CLT B3-4 Skin Look 10min,11
932,9,sst_attribute_rank,CLT B3-4,Skin Look 10min,Even tone,in_powderylook_5min,4.64,0,22.73,FC,IN,CLT B3-4 Skin Look 10min,12
933,9,sst_attribute_rank,CLT B3-4,Skin Look 10min,Even tone,shimmer,0.0,0,58.8,FC,IN,CLT B3-4 Skin Look 10min,13
934,2,sst_attribute_rank,CLT B9-10,Skin feel IMD,Even tone,in_thickness,11.71,0,75.67,FC,IN,CLT B9-10 Skin feel IMD,1
935,2,sst_attribute_rank,CLT B9-10,Skin feel IMD,Even tone,in_greasy_imm,2.5,0,79.21,FC,IN,CLT B9-10 Skin feel IMD,2
936,2,sst_attribute_rank,CLT B9-10,Skin feel IMD,Even tone,in_greasy,3.93,0,82.86,FC,IN,CLT B9-10 Skin feel IMD,3
937,2,sst_attribute_rank,CLT B9-10,Skin feel IMD,Even tone,oily_ft,0.0,0,92.07,FC,IN,CLT B9-10 Skin feel IMD,4
938,2,sst_attribute_rank,CLT B9-10,Skin feel IMD,Even tone,ft_stringiness,3.57,0,67.36,FC,IN,CLT B9-10 Skin feel IMD,5
939,2,sst_attribute_rank,CLT B9-10,Skin feel IMD,Even tone,ft_peaking,3.57,0,78.27,FC,IN,CLT B9-10 Skin feel IMD,6
940,2,sst_attribute_rank,CLT B9-10,Skin feel IMD,Even tone,ft_firmness,6.71,0,79.57,FC,IN,CLT B9-10 Skin feel IMD,7
941,2,sst_attribute_rank,CLT B9-10,Skin feel IMD,Even tone,in_absorption,24.29,0,115.0,FC,IN,CLT B9-10 Skin feel IMD,8
942,2,sst_attribute_rank,CLT B9-10,Skin feel IMD,Even tone,in_sticky_imm,4.29,0,73.21,FC,IN,CLT B9-10 Skin feel IMD,9
943,2,sst_attribute_rank,CLT B9-10,Skin feel IMD,Even tone,softness_imm,7.29,0,72.86,FC,IN,CLT B9-10 Skin feel IMD,10
944,2,sst_attribute_rank,CLT B9-10,Skin feel IMD,Even tone,in_oily_imm,0.64,0,79.64,FC,IN,CLT B9-10 Skin feel IMD,11
945,2,sst_attribute_rank,CLT B9-10,Skin feel IMD,Even tone,amount_of_residue,22.21,0,93.79,FC,IN,CLT B9-10 Skin feel IMD,12
946,2,sst_attribute_rank,CLT B9-10,Skin feel IMD,Even tone,ft_sticky,4.93,0,74.43,FC,IN,CLT B9-10 Skin feel IMD,13
947,2,sst_attribute_rank,CLT B9-10,Skin feel IMD,Even tone,in_drag_imm,7.86,0,79.73,FC,IN,CLT B9-10 Skin feel IMD,14
948,2,sst_attribute_rank,CLT B9-10,Skin feel IMD,Even tone,in_cooling,0.0,0,27.93,FC,IN,CLT B9-10 Skin feel IMD,15
949,2,sst_attribute_rank,CLT B9-10,Skin feel IMD,Even tone,in_creamy,7.0,0,65.33,FC,IN,CLT B9-10 Skin feel IMD,16
950,2,sst_attribute_rank,CLT B9-10,Skin feel IMD,Even tone,in_wet,1.79,0,89.79,FC,IN,CLT B9-10 Skin feel IMD,17
951,2,sst_attribute_rank,CLT B9-10,Skin feel IMD,Even tone,in_spreadability,35.93,0,95.64,FC,IN,CLT B9-10 Skin feel IMD,18
952,7,sst_attribute_rank,CLT B17-18,Fragrance 10min,Even tone,fr_Green,0.0,0,1.0,FC,IN,CLT B17-18 Fragrance 10min,1
953,7,sst_attribute_rank,CLT B17-18,Fragrance 10min,Even tone,in_fragrance_5min,15.43,0,64.07,FC,IN,CLT B17-18 Fragrance 10min,2
954,7,sst_attribute_rank,CLT B17-18,Fragrance 10min,Even tone,fr_Aldehydic,0.0,0,1.0,FC,IN,CLT B17-18 Fragrance 10min,3
2806,1,sst_attribute_rank,CLT B7-8,Skin feel IU,Mild and gentle on skin,ft_sticky,4.93,0,74.43,FC,IN,CLT B7-8 Skin feel IU,5
2807,1,sst_attribute_rank,CLT B7-8,Skin feel IU,Mild and gentle on skin,ft_peaking,3.57,0,78.27,FC,IN,CLT B7-8 Skin feel IU,6
2808,1,sst_attribute_rank,CLT B7-8,Skin feel IU,Mild and gentle on skin,oily_ft,0.0,0,92.07,FC,IN,CLT B7-8 Skin feel IU,7
2809,1,sst_attribute_rank,CLT B7-8,Skin feel IU,Mild and gentle on skin,in_creamy,7.0,0,65.33,FC,IN,CLT B7-8 Skin feel IU,8
2810,1,sst_attribute_rank,CLT B7-8,Skin feel IU,Mild and gentle on skin,in_spreadability,35.93,0,95.64,FC,IN,CLT B7-8 Skin feel IU,9
2811,1,sst_attribute_rank,CLT B7-8,Skin feel IU,Mild and gentle on skin,ft_firmness,6.71,0,79.57,FC,IN,CLT B7-8 Skin feel IU,10
2812,1,sst_attribute_rank,CLT B7-8,Skin feel IU,Mild and gentle on skin,in_thickness,11.71,0,75.67,FC,IN,CLT B7-8 Skin feel IU,11
2813,1,sst_attribute_rank,CLT B7-8,Skin feel IU,Mild and gentle on skin,in_wet,1.79,0,89.79,FC,IN,CLT B7-8 Skin feel IU,12
2814,3,sst_attribute_rank,CLT B13-14,CLT Fragrance IMD,Mild and gentle on skin,in_fragrance_5min,15.43,0,64.07,FC,IN,CLT B13-14 CLT Fragrance IMD,1
2815,3,sst_attribute_rank,CLT B13-14,CLT Fragrance IMD,Mild and gentle on skin,in_fragrance_imm,24.36,0,74.73,FC,IN,CLT B13-14 CLT Fragrance IMD,2
2816,3,sst_attribute_rank,CLT B13-14,CLT Fragrance IMD,Mild and gentle on skin,fr_Green,0.0,0,1.0,FC,IN,CLT B13-14 CLT Fragrance IMD,3
2817,3,sst_attribute_rank,CLT B13-14,CLT Fragrance IMD,Mild and gentle on skin,fr_Citrus,0.0,0,1.0,FC,IN,CLT B13-14 CLT Fragrance IMD,4
2818,3,sst_attribute_rank,CLT B13-14,CLT Fragrance IMD,Mild and gentle on skin,fr_Aldehydic,0.0,0,1.0,FC,IN,CLT B13-14 CLT Fragrance IMD,5
2819,3,sst_attribute_rank,CLT B13-14,CLT Fragrance IMD,Mild and gentle on skin,fr_Powdery,0.0,0,1.0,FC,IN,CLT B13-14 CLT Fragrance IMD,6
2820,3,sst_attribute_rank,CLT B13-14,CLT Fragrance IMD,Mild and gentle on skin,fr_Musky,0.0,0,1.0,FC,IN,CLT B13-14 CLT Fragrance IMD,7
2821,3,sst_attribute_rank,CLT B13-14,CLT Fragrance IMD,Mild and gentle on skin,fr_Aromatic_Herbeaous,0.0,0,1.0,FC,IN,CLT B13-14 CLT Fragrance IMD,8
2822,3,sst_attribute_rank,CLT B13-14,CLT Fragrance IMD,Mild and gentle on skin,fr_Fruity,0.0,0,1.0,FC,IN,CLT B13-14 CLT Fragrance IMD,9
2823,3,sst_attribute_rank,CLT B13-14,CLT Fragrance IMD,Mild and gentle on skin,fr_Floral,0.0,0,1.0,FC,IN,CLT B13-14 CLT Fragrance IMD,10
2824,3,sst_attribute_rank,CLT B13-14,CLT Fragrance IMD,Mild and gentle on skin,fr_Watery_Marine,0.0,0,1.0,FC,IN,CLT B13-14 CLT Fragrance IMD,11
2825,3,sst_attribute_rank,CLT B13-14,CLT Fragrance IMD,Mild and gentle on skin,fr_Gourmand,0.0,0,1.0,FC,IN,CLT B13-14 CLT Fragrance IMD,12
2826,3,sst_attribute_rank,CLT B13-14,CLT Fragrance IMD,Mild and gentle on skin,fr_Amber,0.0,0,1.0,FC,IN,CLT B13-14 CLT Fragrance IMD,13
2827,3,sst_attribute_rank,CLT B13-14,CLT Fragrance IMD,Mild and gentle on skin,fr_Woody,0.0,0,1.0,FC,IN,CLT B13-14 CLT Fragrance IMD,14
2828,8,sst_attribute_rank,CLT M1-2,APPEARANCE,Mild and gentle on skin,product_b,63.0,0,255.0,FC,IN,CLT M1-2 APPEARANCE,1
2829,8,sst_attribute_rank,CLT M1-2,APPEARANCE,Mild and gentle on skin,transparency_rate,8.0,0,96.93,FC,IN,CLT M1-2 APPEARANCE,2
2830,8,sst_attribute_rank,CLT M1-2,APPEARANCE,Mild and gentle on skin,product_g,133.0,0,255.0,FC,IN,CLT M1-2 APPEARANCE,3
2831,8,sst_attribute_rank,CLT M1-2,APPEARANCE,Mild and gentle on skin,ft_firmness,6.71,0,79.57,FC,IN,CLT M1-2 APPEARANCE,4
2832,8,sst_attribute_rank,CLT M1-2,APPEARANCE,Mild and gentle on skin,integrity_of_shape_rate,9.86,0,85.73,FC,IN,CLT M1-2 APPEARANCE,5
2833,8,sst_attribute_rank,CLT M1-2,APPEARANCE,Mild and gentle on skin,lightness_of_color,1.0,0,17.0,FC,IN,CLT M1-2 APPEARANCE,6
2834,8,sst_attribute_rank,CLT M1-2,APPEARANCE,Mild and gentle on skin,integrity_of_shape_10s_rate,9.86,0,86.2,FC,IN,CLT M1-2 APPEARANCE,7
2835,8,sst_attribute_rank,CLT M1-2,APPEARANCE,Mild and gentle on skin,size_of_particles,1.0,0,7.0,FC,IN,CLT M1-2 APPEARANCE,8
2836,8,sst_attribute_rank,CLT M1-2,APPEARANCE,Mild and gentle on skin,product_r,143.0,0,255.0,FC,IN,CLT M1-2 APPEARANCE,9
2837,8,sst_attribute_rank,CLT M1-2,APPEARANCE,Mild and gentle on skin,gloss_rate,5.36,0,92.21,FC,IN,CLT M1-2 APPEARANCE,10
2838,6,sst_attribute_rank,CLT B11-12,CLT Skin Feel 10min,Mild and gentle on skin,in_thickness,11.71,0,75.67,FC,IN,CLT B11-12 CLT Skin Feel 10min,1
2839,6,sst_attribute_rank,CLT B11-12,CLT Skin Feel 10min,Mild and gentle on skin,in_greasy_5min,1.71,0,72.36,FC,IN,CLT B11-12 CLT Skin Feel 10min,2
2840,6,sst_attribute_rank,CLT B11-12,CLT Skin Feel 10min,Mild and gentle on skin,oily_ft,0.0,0,92.07,FC,IN,CLT B11-12 CLT Skin Feel 10min,3
2841,6,sst_attribute_rank,CLT B11-12,CLT Skin Feel 10min,Mild and gentle on skin,in_cooling,0.0,0,27.93,FC,IN,CLT B11-12 CLT Skin Feel 10min,4
2842,6,sst_attribute_rank,CLT B11-12,CLT Skin Feel 10min,Mild and gentle on skin,in_sticky_5min,4.64,0,65.43,FC,IN,CLT B11-12 CLT Skin Feel 10min,5
2843,6,sst_attribute_rank,CLT B11-12,CLT Skin Feel 10min,Mild and gentle on skin,in_wet,1.79,0,89.79,FC,IN,CLT B11-12 CLT Skin Feel 10min,6
2844,6,sst_attribute_rank,CLT B11-12,CLT Skin Feel 10min,Mild and gentle on skin,in_cooling_5min,0.0,0,5.36,FC,IN,CLT B11-12 CLT Skin Feel 10min,7
2845,6,sst_attribute_rank,CLT B11-12,CLT Skin Feel 10min,Mild and gentle on skin,ft_firmness,6.71,0,79.57,FC,IN,CLT B11-12 CLT Skin Feel 10min,8
2846,6,sst_attribute_rank,CLT B11-12,CLT Skin Feel 10min,Mild and gentle on skin,in_absorption,24.29,0,115.0,FC,IN,CLT B11-12 CLT Skin Feel 10min,9
2847,6,sst_attribute_rank,CLT B11-12,CLT Skin Feel 10min,Mild and gentle on skin,in_oily_5min,0.71,0,73.57,FC,IN,CLT B11-12 CLT Skin Feel 10min,10
2848,6,sst_attribute_rank,CLT B11-12,CLT Skin Feel 10min,Mild and gentle on skin,ft_stringiness,3.57,0,67.36,FC,IN,CLT B11-12 CLT Skin Feel 10min,11
2849,6,sst_attribute_rank,CLT B11-12,CLT Skin Feel 10min,Mild and gentle on skin,in_drag_5min,9.5,0,71.4,FC,IN,CLT B11-12 CLT Skin Feel 10min,12
2850,6,sst_attribute_rank,CLT B11-12,CLT Skin Feel 10min,Mild and gentle on skin,ft_sticky,4.93,0,74.43,FC,IN,CLT B11-12 CLT Skin Feel 10min,13
2851,6,sst_attribute_rank,CLT B11-12,CLT Skin Feel 10min,Mild and gentle on skin,in_creamy,7.0,0,65.33,FC,IN,CLT B11-12 CLT Skin Feel 10min,14
2852,6,sst_attribute_rank,CLT B11-12,CLT Skin Feel 10min,Mild and gentle on skin,in_spreadability,35.93,0,95.64,FC,IN,CLT B11-12 CLT Skin Feel 10min,15
2853,6,sst_attribute_rank,CLT B11-12,CLT Skin Feel 10min,Mild and gentle on skin,in_greasy,3.93,0,82.86,FC,IN,CLT B11-12 CLT Skin Feel 10min,16
2854,6,sst_attribute_rank,CLT B11-12,CLT Skin Feel 10min,Mild and gentle on skin,ft_peaking,3.57,0,78.27,FC,IN,CLT B11-12 CLT Skin Feel 10min,17
2855,6,sst_attribute_rank,CLT B11-12,CLT Skin Feel 10min,Mild and gentle on skin,tightness_5min,16.57,0,73.53,FC,IN,CLT B11-12 CLT Skin Feel 10min,18
2856,5,sst_attribute_rank,CLT B5-6,Fragrance In Jar,Mild and gentle on skin,in_fragrance_imm,24.36,0,74.73,FC,IN,CLT B5-6 Fragrance In Jar,1
2857,5,sst_attribute_rank,CLT B5-6,Fragrance In Jar,Mild and gentle on skin,in_fragrance_5min,15.43,0,64.07,FC,IN,CLT B5-6 Fragrance In Jar,2
2858,5,sst_attribute_rank,CLT B5-6,Fragrance In Jar,Mild and gentle on skin,fr_Musky,0.0,0,1.0,FC,IN,CLT B5-6 Fragrance In Jar,3
2859,5,sst_attribute_rank,CLT B5-6,Fragrance In Jar,Mild and gentle on skin,fr_Aromatic_Herbeaous,0.0,0,1.0,FC,IN,CLT B5-6 Fragrance In Jar,4
2860,5,sst_attribute_rank,CLT B5-6,Fragrance In Jar,Mild and gentle on skin,fr_Citrus,0.0,0,1.0,FC,IN,CLT B5-6 Fragrance In Jar,5
2861,5,sst_attribute_rank,CLT B5-6,Fragrance In Jar,Mild and gentle on skin,fr_Floral,0.0,0,1.0,FC,IN,CLT B5-6 Fragrance In Jar,6
2862,5,sst_attribute_rank,CLT B5-6,Fragrance In Jar,Mild and gentle on skin,fr_Green,0.0,0,1.0,FC,IN,CLT B5-6 Fragrance In Jar,7
2863,5,sst_attribute_rank,CLT B5-6,Fragrance In Jar,Mild and gentle on skin,fr_Aldehydic,0.0,0,1.0,FC,IN,CLT B5-6 Fragrance In Jar,8
2864,5,sst_attribute_rank,CLT B5-6,Fragrance In Jar,Mild and gentle on skin,fr_Watery_Marine,0.0,0,1.0,FC,IN,CLT B5-6 Fragrance In Jar,9
2865,5,sst_attribute_rank,CLT B5-6,Fragrance In Jar,Mild and gentle on skin,fr_Fruity,0.0,0,1.0,FC,IN,CLT B5-6 Fragrance In Jar,10
2866,5,sst_attribute_rank,CLT B5-6,Fragrance In Jar,Mild and gentle on skin,fr_Powdery,0.0,0,1.0,FC,IN,CLT B5-6 Fragrance In Jar,11
2867,5,sst_attribute_rank,CLT B5-6,Fragrance In Jar,Mild and gentle on skin,fr_Amber,0.0,0,1.0,FC,IN,CLT B5-6 Fragrance In Jar,12
2868,5,sst_attribute_rank,CLT B5-6,Fragrance In Jar,Mild and gentle on skin,fr_Gourmand,0.0,0,1.0,FC,IN,CLT B5-6 Fragrance In Jar,13
2869,5,sst_attribute_rank,CLT B5-6,Fragrance In Jar,Mild and gentle on skin,fr_Woody,0.0,0,1.0,FC,IN,CLT B5-6 Fragrance In Jar,14
2870,7,sst_attribute_rank,CLT B17-18,Fragrance 10min,Mild and gentle on skin,fr_Green,0.0,0,1.0,FC,IN,CLT B17-18 Fragrance 10min,1
2871,7,sst_attribute_rank,CLT B17-18,Fragrance 10min,Mild and gentle on skin,fr_Aldehydic,0.0,0,1.0,FC,IN,CLT B17-18 Fragrance 10min,2
2872,7,sst_attribute_rank,CLT B17-18,Fragrance 10min,Mild and gentle on skin,fr_Aromatic_Herbeaous,0.0,0,1.0,FC,IN,CLT B17-18 Fragrance 10min,3
2873,7,sst_attribute_rank,CLT B17-18,Fragrance 10min,Mild and gentle on skin,in_fragrance_imm,24.36,0,74.73,FC,IN,CLT B17-18 Fragrance 10min,4
2874,7,sst_attribute_rank,CLT B17-18,Fragrance 10min,Mild and gentle on skin,in_fragrance_5min,15.43,0,64.07,FC,IN,CLT B17-18 Fragrance 10min,5
2875,7,sst_attribute_rank,CLT B17-18,Fragrance 10min,Mild and gentle on skin,fr_Citrus,0.0,0,1.0,FC,IN,CLT B17-18 Fragrance 10min,6
2876,7,sst_attribute_rank,CLT B17-18,Fragrance 10min,Mild and gentle on skin,fr_Floral,0.0,0,1.0,FC,IN,CLT B17-18 Fragrance 10min,7
2877,7,sst_attribute_rank,CLT B17-18,Fragrance 10min,Mild and gentle on skin,fr_Musky,0.0,0,1.0,FC,IN,CLT B17-18 Fragrance 10min,8
2878,2,sst_attribute_rank,CLT B9-10,Skin feel IMD,Mild and gentle on skin,in_thickness,11.71,0,75.67,FC,IN,CLT B9-10 Skin feel IMD,1
2879,2,sst_attribute_rank,CLT B9-10,Skin feel IMD,Mild and gentle on skin,ft_sticky,4.93,0,74.43,FC,IN,CLT B9-10 Skin feel IMD,2
2880,2,sst_attribute_rank,CLT B9-10,Skin feel IMD,Mild and gentle on skin,oily_ft,0.0,0,92.07,FC,IN,CLT B9-10 Skin feel IMD,3
2881,2,sst_attribute_rank,CLT B9-10,Skin feel IMD,Mild and gentle on skin,in_greasy_imm,2.5,0,79.21,FC,IN,CLT B9-10 Skin feel IMD,4
2882,2,sst_attribute_rank,CLT B9-10,Skin feel IMD,Mild and gentle on skin,in_greasy,3.93,0,82.86,FC,IN,CLT B9-10 Skin feel IMD,5
2883,2,sst_attribute_rank,CLT B9-10,Skin feel IMD,Mild and gentle on skin,in_absorption,24.29,0,115.0,FC,IN,CLT B9-10 Skin feel IMD,6
2884,2,sst_attribute_rank,CLT B9-10,Skin feel IMD,Mild and gentle on skin,amount_of_residue,22.21,0,93.79,FC,IN,CLT B9-10 Skin feel IMD,7
2885,2,sst_attribute_rank,CLT B9-10,Skin feel IMD,Mild and gentle on skin,softness_imm,7.29,0,72.86,FC,IN,CLT B9-10 Skin feel IMD,8
2886,2,sst_attribute_rank,CLT B9-10,Skin feel IMD,Mild and gentle on skin,in_sticky_imm,4.29,0,73.21,FC,IN,CLT B9-10 Skin feel IMD,9
2887,2,sst_attribute_rank,CLT B9-10,Skin feel IMD,Mild and gentle on skin,ft_peaking,3.57,0,78.27,FC,IN,CLT B9-10 Skin feel IMD,10
2888,2,sst_attribute_rank,CLT B9-10,Skin feel IMD,Mild and gentle on skin,in_cooling_imm,0.0,0,19.29,FC,IN,CLT B9-10 Skin feel IMD,11
2889,2,sst_attribute_rank,CLT B9-10,Skin feel IMD,Mild and gentle on skin,in_oily_imm,0.64,0,79.64,FC,IN,CLT B9-10 Skin feel IMD,12
2890,2,sst_attribute_rank,CLT B9-10,Skin feel IMD,Mild and gentle on skin,in_spreadability,35.93,0,95.64,FC,IN,CLT B9-10 Skin feel IMD,13
2891,2,sst_attribute_rank,CLT B9-10,Skin feel IMD,Mild and gentle on skin,in_creamy,7.0,0,65.33,FC,IN,CLT B9-10 Skin feel IMD,14
2892,2,sst_attribute_rank,CLT B9-10,Skin feel IMD,Mild and gentle on skin,in_drag_imm,7.86,0,79.73,FC,IN,CLT B9-10 Skin feel IMD,15
2893,2,sst_attribute_rank,CLT B9-10,Skin feel IMD,Mild and gentle on skin,in_cooling,0.0,0,27.93,FC,IN,CLT B9-10 Skin feel IMD,16
2894,2,sst_attribute_rank,CLT B9-10,Skin feel IMD,Mild and gentle on skin,in_wet,1.79,0,89.79,FC,IN,CLT B9-10 Skin feel IMD,17
2895,2,sst_attribute_rank,CLT B9-10,Skin feel IMD,Mild and gentle on skin,ft_stringiness,3.57,0,67.36,FC,IN,CLT B9-10 Skin feel IMD,18
2896,10,sst_attribute_rank,CLT B15-16,CLT Fingertip,Mild and gentle on skin,in_thickness,11.71,0,75.67,FC,IN,CLT B15-16 CLT Fingertip,1
2897,10,sst_attribute_rank,CLT B15-16,CLT Fingertip,Mild and gentle on skin,in_greasy,3.93,0,82.86,FC,IN,CLT B15-16 CLT Fingertip,2
2898,10,sst_attribute_rank,CLT B15-16,CLT Fingertip,Mild and gentle on skin,ft_firmness,6.71,0,79.57,FC,IN,CLT B15-16 CLT Fingertip,3
2899,10,sst_attribute_rank,CLT B15-16,CLT Fingertip,Mild and gentle on skin,in_sticky_imm,4.29,0,73.21,FC,IN,CLT B15-16 CLT Fingertip,4
2900,10,sst_attribute_rank,CLT B15-16,CLT Fingertip,Mild and gentle on skin,oily_ft,0.0,0,92.07,FC,IN,CLT B15-16 CLT Fingertip,5
2901,10,sst_attribute_rank,CLT B15-16,CLT Fingertip,Mild and gentle on skin,in_drag_imm,7.86,0,79.73,FC,IN,CLT B15-16 CLT Fingertip,6
2902,10,sst_attribute_rank,CLT B15-16,CLT Fingertip,Mild and gentle on skin,in_waxy_imm,5.0,0,31.53,FC,IN,CLT B15-16 CLT Fingertip,7
2903,10,sst_attribute_rank,CLT B15-16,CLT Fingertip,Mild and gentle on skin,ft_sticky,4.93,0,74.43,FC,IN,CLT B15-16 CLT Fingertip,8
2904,10,sst_attribute_rank,CLT B15-16,CLT Fingertip,Mild and gentle on skin,ft_stringiness,3.57,0,67.36,FC,IN,CLT B15-16 CLT Fingertip,9
2905,10,sst_attribute_rank,CLT B15-16,CLT Fingertip,Mild and gentle on skin,in_oily,0.57,0,82.5,FC,IN,CLT B15-16 CLT Fingertip,10
2906,10,sst_attribute_rank,CLT B15-16,CLT Fingertip,Mild and gentle on skin,ft_peaking,3.57,0,78.27,FC,IN,CLT B15-16 CLT Fingertip,11
2907,10,sst_attribute_rank,CLT B15-16,CLT Fingertip,Mild and gentle on skin,in_creamy,7.0,0,65.33,FC,IN,CLT B15-16 CLT Fingertip,12
2908,10,sst_attribute_rank,CLT B15-16,CLT Fingertip,Mild and gentle on skin,in_oily_imm,0.64,0,79.64,FC,IN,CLT B15-16 CLT Fingertip,13
2909,10,sst_attribute_rank,CLT B15-16,CLT Fingertip,Mild and gentle on skin,amount_of_residue,22.21,0,93.79,FC,IN,CLT B15-16 CLT Fingertip,14
2910,10,sst_attribute_rank,CLT B15-16,CLT Fingertip,Mild and gentle on skin,in_greasy_imm,2.5,0,79.21,FC,IN,CLT B15-16 CLT Fingertip,15
2911,10,sst_attribute_rank,CLT B15-16,CLT Fingertip,Mild and gentle on skin,in_powdery_imm,5.14,0,80.36,FC,IN,CLT B15-16 CLT Fingertip,16
2912,10,sst_attribute_rank,CLT B15-16,CLT Fingertip,Mild and gentle on skin,ft_bounciness,1.14,0,39.64,FC,IN,CLT B15-16 CLT Fingertip,17
2913,10,sst_attribute_rank,CLT B15-16,CLT Fingertip,Mild and gentle on skin,in_silky_imm,9.67,0,61.29,FC,IN,CLT B15-16 CLT Fingertip,18
2914,10,sst_attribute_rank,CLT B15-16,CLT Fingertip,Mild and gentle on skin,in_spreadability,35.93,0,95.64,FC,IN,CLT B15-16 CLT Fingertip,19
2915,10,sst_attribute_rank,CLT B15-16,CLT Fingertip,Mild and gentle on skin,consistency_rate,10.07,0,89.64,FC,IN,CLT B15-16 CLT Fingertip,20
2916,10,sst_attribute_rank,CLT B15-16,CLT Fingertip,Mild and gentle on skin,in_wet,1.79,0,89.79,FC,IN,CLT B15-16 CLT Fingertip,21
2917,9,sst_attribute_rank,CLT B3-4,Skin Look 10min,Mild and gentle on skin,in_gloss_5min,3.57,0,76.14,FC,IN,CLT B3-4 Skin Look 10min,1
2918,9,sst_attribute_rank,CLT B3-4,Skin Look 10min,Mild and gentle on skin,in_gloss_imm,4.29,0,82.86,FC,IN,CLT B3-4 Skin Look 10min,2
279,2,sst_attribute_rank,CLT B9-10,Skin feel IMD,Instant glow,ft_sticky,4.93,0,74.43,FC,IN,CLT B9-10 Skin feel IMD,3
280,2,sst_attribute_rank,CLT B9-10,Skin feel IMD,Instant glow,oily_ft,0.0,0,92.07,FC,IN,CLT B9-10 Skin feel IMD,4
281,2,sst_attribute_rank,CLT B9-10,Skin feel IMD,Instant glow,in_cooling,0.0,0,27.93,FC,IN,CLT B9-10 Skin feel IMD,5
282,2,sst_attribute_rank,CLT B9-10,Skin feel IMD,Instant glow,in_cooling_imm,0.0,0,19.29,FC,IN,CLT B9-10 Skin feel IMD,6
283,2,sst_attribute_rank,CLT B9-10,Skin feel IMD,Instant glow,in_sticky_imm,4.29,0,73.21,FC,IN,CLT B9-10 Skin feel IMD,7
284,2,sst_attribute_rank,CLT B9-10,Skin feel IMD,Instant glow,in_greasy_imm,2.5,0,79.21,FC,IN,CLT B9-10 Skin feel IMD,8
285,2,sst_attribute_rank,CLT B9-10,Skin feel IMD,Instant glow,in_absorption,24.29,0,115.0,FC,IN,CLT B9-10 Skin feel IMD,9
286,2,sst_attribute_rank,CLT B9-10,Skin feel IMD,Instant glow,softness_imm,7.29,0,72.86,FC,IN,CLT B9-10 Skin feel IMD,10
287,2,sst_attribute_rank,CLT B9-10,Skin feel IMD,Instant glow,in_oily_imm,0.64,0,79.64,FC,IN,CLT B9-10 Skin feel IMD,11
288,2,sst_attribute_rank,CLT B9-10,Skin feel IMD,Instant glow,ft_stringiness,3.57,0,67.36,FC,IN,CLT B9-10 Skin feel IMD,12
289,2,sst_attribute_rank,CLT B9-10,Skin feel IMD,Instant glow,in_wet,1.79,0,89.79,FC,IN,CLT B9-10 Skin feel IMD,13
290,2,sst_attribute_rank,CLT B9-10,Skin feel IMD,Instant glow,amount_of_residue,22.21,0,93.79,FC,IN,CLT B9-10 Skin feel IMD,14
291,2,sst_attribute_rank,CLT B9-10,Skin feel IMD,Instant glow,in_creamy,7.0,0,65.33,FC,IN,CLT B9-10 Skin feel IMD,15
1353,7,sst_attribute_rank,CLT B17-18,Fragrance 10min,Makes skin firmer,fr_Watery_Marine,0.0,0,1.0,FC,IN,CLT B17-18 Fragrance 10min,14
1354,6,sst_attribute_rank,CLT B11-12,CLT Skin Feel 10min,Makes skin firmer,in_thickness,11.71,0,75.67,FC,IN,CLT B11-12 CLT Skin Feel 10min,1
1355,6,sst_attribute_rank,CLT B11-12,CLT Skin Feel 10min,Makes skin firmer,ft_sticky,4.93,0,74.43,FC,IN,CLT B11-12 CLT Skin Feel 10min,2
1356,6,sst_attribute_rank,CLT B11-12,CLT Skin Feel 10min,Makes skin firmer,ft_firmness,6.71,0,79.57,FC,IN,CLT B11-12 CLT Skin Feel 10min,3
1357,6,sst_attribute_rank,CLT B11-12,CLT Skin Feel 10min,Makes skin firmer,in_greasy,3.93,0,82.86,FC,IN,CLT B11-12 CLT Skin Feel 10min,4
1358,6,sst_attribute_rank,CLT B11-12,CLT Skin Feel 10min,Makes skin firmer,oily_ft,0.0,0,92.07,FC,IN,CLT B11-12 CLT Skin Feel 10min,5
1359,6,sst_attribute_rank,CLT B11-12,CLT Skin Feel 10min,Makes skin firmer,in_sticky_5min,4.64,0,65.43,FC,IN,CLT B11-12 CLT Skin Feel 10min,6
1360,6,sst_attribute_rank,CLT B11-12,CLT Skin Feel 10min,Makes skin firmer,in_oily_5min,0.71,0,73.57,FC,IN,CLT B11-12 CLT Skin Feel 10min,7
1361,6,sst_attribute_rank,CLT B11-12,CLT Skin Feel 10min,Makes skin firmer,ft_peaking,3.57,0,78.27,FC,IN,CLT B11-12 CLT Skin Feel 10min,8
1362,6,sst_attribute_rank,CLT B11-12,CLT Skin Feel 10min,Makes skin firmer,in_cooling,0.0,0,27.93,FC,IN,CLT B11-12 CLT Skin Feel 10min,9
1363,6,sst_attribute_rank,CLT B11-12,CLT Skin Feel 10min,Makes skin firmer,in_wet,1.79,0,89.79,FC,IN,CLT B11-12 CLT Skin Feel 10min,10
1364,6,sst_attribute_rank,CLT B11-12,CLT Skin Feel 10min,Makes skin firmer,in_drag_5min,9.5,0,71.4,FC,IN,CLT B11-12 CLT Skin Feel 10min,11
1365,6,sst_attribute_rank,CLT B11-12,CLT Skin Feel 10min,Makes skin firmer,ft_stringiness,3.57,0,67.36,FC,IN,CLT B11-12 CLT Skin Feel 10min,12
1366,6,sst_attribute_rank,CLT B11-12,CLT Skin Feel 10min,Makes skin firmer,in_cooling_5min,0.0,0,5.36,FC,IN,CLT B11-12 CLT Skin Feel 10min,13
1367,6,sst_attribute_rank,CLT B11-12,CLT Skin Feel 10min,Makes skin firmer,in_spreadability,35.93,0,95.64,FC,IN,CLT B11-12 CLT Skin Feel 10min,14
1368,6,sst_attribute_rank,CLT B11-12,CLT Skin Feel 10min,Makes skin firmer,in_creamy,7.0,0,65.33,FC,IN,CLT B11-12 CLT Skin Feel 10min,15
1369,6,sst_attribute_rank,CLT B11-12,CLT Skin Feel 10min,Makes skin firmer,tightness_5min,16.57,0,73.53,FC,IN,CLT B11-12 CLT Skin Feel 10min,16
1370,6,sst_attribute_rank,CLT B11-12,CLT Skin Feel 10min,Makes skin firmer,in_greasy_5min,1.71,0,72.36,FC,IN,CLT B11-12 CLT Skin Feel 10min,17
1371,6,sst_attribute_rank,CLT B11-12,CLT Skin Feel 10min,Makes skin firmer,in_absorption,24.29,0,115.0,FC,IN,CLT B11-12 CLT Skin Feel 10min,18
1372,9,sst_attribute_rank,CLT B3-4,Skin Look 10min,Makes skin firmer,in_coverage_imm,4.64,0,70.27,FC,IN,CLT B3-4 Skin Look 10min,1
1373,9,sst_attribute_rank,CLT B3-4,Skin Look 10min,Makes skin firmer,in_gloss_imm,4.29,0,82.86,FC,IN,CLT B3-4 Skin Look 10min,2
1374,9,sst_attribute_rank,CLT B3-4,Skin Look 10min,Makes skin firmer,in_gloss_5min,3.57,0,76.14,FC,IN,CLT B3-4 Skin Look 10min,3
1375,9,sst_attribute_rank,CLT B3-4,Skin Look 10min,Makes skin firmer,in_coverage_5min,4.64,0,67.47,FC,IN,CLT B3-4 Skin Look 10min,4
1376,9,sst_attribute_rank,CLT B3-4,Skin Look 10min,Makes skin firmer,patchy_residue_in,7.86,0,79.6,FC,IN,CLT B3-4 Skin Look 10min,5
1377,9,sst_attribute_rank,CLT B3-4,Skin Look 10min,Makes skin firmer,in_invisibility_imm,5.43,0,51.33,FC,IN,CLT B3-4 Skin Look 10min,6
1378,9,sst_attribute_rank,CLT B3-4,Skin Look 10min,Makes skin firmer,patchy_residue_imm,4.29,0,39.07,FC,IN,CLT B3-4 Skin Look 10min,7
1379,9,sst_attribute_rank,CLT B3-4,Skin Look 10min,Makes skin firmer,in_powderylook_5min,4.64,0,22.73,FC,IN,CLT B3-4 Skin Look 10min,8
1380,9,sst_attribute_rank,CLT B3-4,Skin Look 10min,Makes skin firmer,shimmer,0.0,0,58.8,FC,IN,CLT B3-4 Skin Look 10min,9
1381,9,sst_attribute_rank,CLT B3-4,Skin Look 10min,Makes skin firmer,in_powderylook_imm,4.64,0,41.79,FC,IN,CLT B3-4 Skin Look 10min,10
1382,9,sst_attribute_rank,CLT B3-4,Skin Look 10min,Makes skin firmer,in_fairness_5min,4.33,0,43.21,FC,IN,CLT B3-4 Skin Look 10min,11
1383,9,sst_attribute_rank,CLT B3-4,Skin Look 10min,Makes skin firmer,in_invisibility_5min,4.93,0,50.67,FC,IN,CLT B3-4 Skin Look 10min,12
1384,9,sst_attribute_rank,CLT B3-4,Skin Look 10min,Makes skin firmer,in_fairness_imm,4.33,0,50.21,FC,IN,CLT B3-4 Skin Look 10min,13
1385,1,sst_attribute_rank,CLT B7-8,Skin feel IU,Makes skin firmer,in_cooling,0.0,0,27.93,FC,IN,CLT B7-8 Skin feel IU,1
1386,1,sst_attribute_rank,CLT B7-8,Skin feel IU,Makes skin firmer,in_absorption,24.29,0,115.0,FC,IN,CLT B7-8 Skin feel IU,2
1387,1,sst_attribute_rank,CLT B7-8,Skin feel IU,Makes skin firmer,in_creamy,7.0,0,65.33,FC,IN,CLT B7-8 Skin feel IU,3
1388,1,sst_attribute_rank,CLT B7-8,Skin feel IU,Makes skin firmer,oily_ft,0.0,0,92.07,FC,IN,CLT B7-8 Skin feel IU,4
1389,1,sst_attribute_rank,CLT B7-8,Skin feel IU,Makes skin firmer,in_wet,1.79,0,89.79,FC,IN,CLT B7-8 Skin feel IU,5
1390,1,sst_attribute_rank,CLT B7-8,Skin feel IU,Makes skin firmer,in_greasy,3.93,0,82.86,FC,IN,CLT B7-8 Skin feel IU,6
1391,1,sst_attribute_rank,CLT B7-8,Skin feel IU,Makes skin firmer,ft_stringiness,3.57,0,67.36,FC,IN,CLT B7-8 Skin feel IU,7
1392,1,sst_attribute_rank,CLT B7-8,Skin feel IU,Makes skin firmer,ft_peaking,3.57,0,78.27,FC,IN,CLT B7-8 Skin feel IU,8
1393,1,sst_attribute_rank,CLT B7-8,Skin feel IU,Makes skin firmer,in_spreadability,35.93,0,95.64,FC,IN,CLT B7-8 Skin feel IU,9
1394,1,sst_attribute_rank,CLT B7-8,Skin feel IU,Makes skin firmer,ft_sticky,4.93,0,74.43,FC,IN,CLT B7-8 Skin feel IU,10
1395,1,sst_attribute_rank,CLT B7-8,Skin feel IU,Makes skin firmer,ft_firmness,6.71,0,79.57,FC,IN,CLT B7-8 Skin feel IU,11
1396,1,sst_attribute_rank,CLT B7-8,Skin feel IU,Makes skin firmer,in_thickness,11.71,0,75.67,FC,IN,CLT B7-8 Skin feel IU,12
1397,3,sst_attribute_rank,CLT B13-14,CLT Fragrance IMD,Reduce dark circles,in_fragrance_imm,24.36,0,74.73,FC,IN,CLT B13-14 CLT Fragrance IMD,1
1398,3,sst_attribute_rank,CLT B13-14,CLT Fragrance IMD,Reduce dark circles,in_fragrance_5min,15.43,0,64.07,FC,IN,CLT B13-14 CLT Fragrance IMD,2
1399,3,sst_attribute_rank,CLT B13-14,CLT Fragrance IMD,Reduce dark circles,fr_Citrus,0.0,0,1.0,FC,IN,CLT B13-14 CLT Fragrance IMD,3
1400,3,sst_attribute_rank,CLT B13-14,CLT Fragrance IMD,Reduce dark circles,fr_Aromatic_Herbeaous,0.0,0,1.0,FC,IN,CLT B13-14 CLT Fragrance IMD,4
1401,3,sst_attribute_rank,CLT B13-14,CLT Fragrance IMD,Reduce dark circles,fr_Musky,0.0,0,1.0,FC,IN,CLT B13-14 CLT Fragrance IMD,5
1402,3,sst_attribute_rank,CLT B13-14,CLT Fragrance IMD,Reduce dark circles,fr_Green,0.0,0,1.0,FC,IN,CLT B13-14 CLT Fragrance IMD,6
1403,3,sst_attribute_rank,CLT B13-14,CLT Fragrance IMD,Reduce dark circles,fr_Floral,0.0,0,1.0,FC,IN,CLT B13-14 CLT Fragrance IMD,7
1404,3,sst_attribute_rank,CLT B13-14,CLT Fragrance IMD,Reduce dark circles,fr_Aldehydic,0.0,0,1.0,FC,IN,CLT B13-14 CLT Fragrance IMD,8
1405,3,sst_attribute_rank,CLT B13-14,CLT Fragrance IMD,Reduce dark circles,fr_Fruity,0.0,0,1.0,FC,IN,CLT B13-14 CLT Fragrance IMD,9
1406,3,sst_attribute_rank,CLT B13-14,CLT Fragrance IMD,Reduce dark circles,fr_Watery_Marine,0.0,0,1.0,FC,IN,CLT B13-14 CLT Fragrance IMD,10
1407,3,sst_attribute_rank,CLT B13-14,CLT Fragrance IMD,Reduce dark circles,fr_Powdery,0.0,0,1.0,FC,IN,CLT B13-14 CLT Fragrance IMD,11
1408,3,sst_attribute_rank,CLT B13-14,CLT Fragrance IMD,Reduce dark circles,fr_Gourmand,0.0,0,1.0,FC,IN,CLT B13-14 CLT Fragrance IMD,12
1409,3,sst_attribute_rank,CLT B13-14,CLT Fragrance IMD,Reduce dark circles,fr_Amber,0.0,0,1.0,FC,IN,CLT B13-14 CLT Fragrance IMD,13
1410,3,sst_attribute_rank,CLT B13-14,CLT Fragrance IMD,Reduce dark circles,fr_Woody,0.0,0,1.0,FC,IN,CLT B13-14 CLT Fragrance IMD,14
1411,4,sst_attribute_rank,CLT B1-2,Skin Look IMD,Reduce dark circles,in_coverage_5min,4.64,0,67.47,FC,IN,CLT B1-2 Skin Look IMD,1
1412,4,sst_attribute_rank,CLT B1-2,Skin Look IMD,Reduce dark circles,in_gloss_5min,3.57,0,76.14,FC,IN,CLT B1-2 Skin Look IMD,2
1413,4,sst_attribute_rank,CLT B1-2,Skin Look IMD,Reduce dark circles,in_coverage_imm,4.64,0,70.27,FC,IN,CLT B1-2 Skin Look IMD,3
1414,4,sst_attribute_rank,CLT B1-2,Skin Look IMD,Reduce dark circles,in_gloss_imm,4.29,0,82.86,FC,IN,CLT B1-2 Skin Look IMD,4
1415,4,sst_attribute_rank,CLT B1-2,Skin Look IMD,Reduce dark circles,in_invisibility_imm,5.43,0,51.33,FC,IN,CLT B1-2 Skin Look IMD,5
1416,4,sst_attribute_rank,CLT B1-2,Skin Look IMD,Reduce dark circles,in_invisibility_5min,4.93,0,50.67,FC,IN,CLT B1-2 Skin Look IMD,6
1417,4,sst_attribute_rank,CLT B1-2,Skin Look IMD,Reduce dark circles,patchy_residue_imm,4.29,0,39.07,FC,IN,CLT B1-2 Skin Look IMD,7
1418,4,sst_attribute_rank,CLT B1-2,Skin Look IMD,Reduce dark circles,patchy_residue_in,7.86,0,79.6,FC,IN,CLT B1-2 Skin Look IMD,8
1419,4,sst_attribute_rank,CLT B1-2,Skin Look IMD,Reduce dark circles,in_fairness_imm,4.33,0,50.21,FC,IN,CLT B1-2 Skin Look IMD,9
1420,4,sst_attribute_rank,CLT B1-2,Skin Look IMD,Reduce dark circles,in_powderylook_5min,4.64,0,22.73,FC,IN,CLT B1-2 Skin Look IMD,10
1421,4,sst_attribute_rank,CLT B1-2,Skin Look IMD,Reduce dark circles,in_fairness_5min,4.33,0,43.21,FC,IN,CLT B1-2 Skin Look IMD,11
1422,4,sst_attribute_rank,CLT B1-2,Skin Look IMD,Reduce dark circles,in_powderylook_imm,4.64,0,41.79,FC,IN,CLT B1-2 Skin Look IMD,12
1423,4,sst_attribute_rank,CLT B1-2,Skin Look IMD,Reduce dark circles,shimmer,0.0,0,58.8,FC,IN,CLT B1-2 Skin Look IMD,13
1424,7,sst_attribute_rank,CLT B17-18,Fragrance 10min,Reduce dark circles,fr_Green,0.0,0,1.0,FC,IN,CLT B17-18 Fragrance 10min,1
1425,7,sst_attribute_rank,CLT B17-18,Fragrance 10min,Reduce dark circles,in_fragrance_imm,24.36,0,74.73,FC,IN,CLT B17-18 Fragrance 10min,2
1426,7,sst_attribute_rank,CLT B17-18,Fragrance 10min,Reduce dark circles,fr_Aldehydic,0.0,0,1.0,FC,IN,CLT B17-18 Fragrance 10min,3
1427,7,sst_attribute_rank,CLT B17-18,Fragrance 10min,Reduce dark circles,fr_Musky,0.0,0,1.0,FC,IN,CLT B17-18 Fragrance 10min,4
1428,7,sst_attribute_rank,CLT B17-18,Fragrance 10min,Reduce dark circles,fr_Citrus,0.0,0,1.0,FC,IN,CLT B17-18 Fragrance 10min,5
1429,7,sst_attribute_rank,CLT B17-18,Fragrance 10min,Reduce dark circles,fr_Floral,0.0,0,1.0,FC,IN,CLT B17-18 Fragrance 10min,6
1430,9,sst_attribute_rank,CLT B3-4,Skin Look 10min,Reduce dark circles,in_coverage_imm,4.64,0,70.27,FC,IN,CLT B3-4 Skin Look 10min,1
1431,9,sst_attribute_rank,CLT B3-4,Skin Look 10min,Reduce dark circles,in_coverage_5min,4.64,0,67.47,FC,IN,CLT B3-4 Skin Look 10min,2
1432,9,sst_attribute_rank,CLT B3-4,Skin Look 10min,Reduce dark circles,in_gloss_5min,3.57,0,76.14,FC,IN,CLT B3-4 Skin Look 10min,3
1433,9,sst_attribute_rank,CLT B3-4,Skin Look 10min,Reduce dark circles,in_gloss_imm,4.29,0,82.86,FC,IN,CLT B3-4 Skin Look 10min,4
1434,9,sst_attribute_rank,CLT B3-4,Skin Look 10min,Reduce dark circles,in_fairness_5min,4.33,0,43.21,FC,IN,CLT B3-4 Skin Look 10min,5
1435,9,sst_attribute_rank,CLT B3-4,Skin Look 10min,Reduce dark circles,in_invisibility_imm,5.43,0,51.33,FC,IN,CLT B3-4 Skin Look 10min,6
1436,9,sst_attribute_rank,CLT B3-4,Skin Look 10min,Reduce dark circles,in_powderylook_5min,4.64,0,22.73,FC,IN,CLT B3-4 Skin Look 10min,7
1437,9,sst_attribute_rank,CLT B3-4,Skin Look 10min,Reduce dark circles,patchy_residue_in,7.86,0,79.6,FC,IN,CLT B3-4 Skin Look 10min,8
1438,9,sst_attribute_rank,CLT B3-4,Skin Look 10min,Reduce dark circles,in_invisibility_5min,4.93,0,50.67,FC,IN,CLT B3-4 Skin Look 10min,9
1439,9,sst_attribute_rank,CLT B3-4,Skin Look 10min,Reduce dark circles,in_fairness_imm,4.33,0,50.21,FC,IN,CLT B3-4 Skin Look 10min,10
292,2,sst_attribute_rank,CLT B9-10,Skin feel IMD,Instant glow,ft_peaking,3.57,0,78.27,FC,IN,CLT B9-10 Skin feel IMD,16
293,2,sst_attribute_rank,CLT B9-10,Skin feel IMD,Instant glow,in_drag_imm,7.86,0,79.73,FC,IN,CLT B9-10 Skin feel IMD,17
294,2,sst_attribute_rank,CLT B9-10,Skin feel IMD,Instant glow,in_spreadability,35.93,0,95.64,FC,IN,CLT B9-10 Skin feel IMD,18
295,2,sst_attribute_rank,CLT B9-10,Skin feel IMD,Instant glow,ft_firmness,6.71,0,79.57,FC,IN,CLT B9-10 Skin feel IMD,19
296,4,sst_attribute_rank,CLT B1-2,Skin Look IMD,Instant glow,in_gloss_5min,3.57,0,76.14,FC,IN,CLT B1-2 Skin Look IMD,1
297,4,sst_attribute_rank,CLT B1-2,Skin Look IMD,Instant glow,patchy_residue_in,7.86,0,79.6,FC,IN,CLT B1-2 Skin Look IMD,2
298,4,sst_attribute_rank,CLT B1-2,Skin Look IMD,Instant glow,in_gloss_imm,4.29,0,82.86,FC,IN,CLT B1-2 Skin Look IMD,3
299,4,sst_attribute_rank,CLT B1-2,Skin Look IMD,Instant glow,patchy_residue_imm,4.29,0,39.07,FC,IN,CLT B1-2 Skin Look IMD,4
300,4,sst_attribute_rank,CLT B1-2,Skin Look IMD,Instant glow,in_invisibility_5min,4.93,0,50.67,FC,IN,CLT B1-2 Skin Look IMD,5
301,4,sst_attribute_rank,CLT B1-2,Skin Look IMD,Instant glow,in_coverage_imm,4.64,0,70.27,FC,IN,CLT B1-2 Skin Look IMD,6
302,4,sst_attribute_rank,CLT B1-2,Skin Look IMD,Instant glow,in_invisibility_imm,5.43,0,51.33,FC,IN,CLT B1-2 Skin Look IMD,7
303,4,sst_attribute_rank,CLT B1-2,Skin Look IMD,Instant glow,in_fairness_imm,4.33,0,50.21,FC,IN,CLT B1-2 Skin Look IMD,8
304,4,sst_attribute_rank,CLT B1-2,Skin Look IMD,Instant glow,in_powderylook_5min,4.64,0,22.73,FC,IN,CLT B1-2 Skin Look IMD,9
305,4,sst_attribute_rank,CLT B1-2,Skin Look IMD,Instant glow,in_fairness_5min,4.33,0,43.21,FC,IN,CLT B1-2 Skin Look IMD,10
306,4,sst_attribute_rank,CLT B1-2,Skin Look IMD,Instant glow,in_coverage_5min,4.64,0,67.47,FC,IN,CLT B1-2 Skin Look IMD,11
307,4,sst_attribute_rank,CLT B1-2,Skin Look IMD,Instant glow,in_powderylook_imm,4.64,0,41.79,FC,IN,CLT B1-2 Skin Look IMD,12
308,4,sst_attribute_rank,CLT B1-2,Skin Look IMD,Instant glow,shimmer,0.0,0,58.8,FC,IN,CLT B1-2 Skin Look IMD,13
309,5,sst_attribute_rank,CLT B5-6,Fragrance In Jar,Instant glow,in_fragrance_imm,24.36,0,74.73,FC,IN,CLT B5-6 Fragrance In Jar,1
310,5,sst_attribute_rank,CLT B5-6,Fragrance In Jar,Instant glow,in_fragrance_5min,15.43,0,64.07,FC,IN,CLT B5-6 Fragrance In Jar,2
311,5,sst_attribute_rank,CLT B5-6,Fragrance In Jar,Instant glow,fr_Aromatic_Herbeaous,0.0,0,1.0,FC,IN,CLT B5-6 Fragrance In Jar,3
312,5,sst_attribute_rank,CLT B5-6,Fragrance In Jar,Instant glow,fr_Floral,0.0,0,1.0,FC,IN,CLT B5-6 Fragrance In Jar,4
313,5,sst_attribute_rank,CLT B5-6,Fragrance In Jar,Instant glow,fr_Musky,0.0,0,1.0,FC,IN,CLT B5-6 Fragrance In Jar,5
314,5,sst_attribute_rank,CLT B5-6,Fragrance In Jar,Instant glow,fr_Citrus,0.0,0,1.0,FC,IN,CLT B5-6 Fragrance In Jar,6
315,5,sst_attribute_rank,CLT B5-6,Fragrance In Jar,Instant glow,fr_Green,0.0,0,1.0,FC,IN,CLT B5-6 Fragrance In Jar,7
316,5,sst_attribute_rank,CLT B5-6,Fragrance In Jar,Instant glow,fr_Watery_Marine,0.0,0,1.0,FC,IN,CLT B5-6 Fragrance In Jar,8
317,5,sst_attribute_rank,CLT B5-6,Fragrance In Jar,Instant glow,fr_Aldehydic,0.0,0,1.0,FC,IN,CLT B5-6 Fragrance In Jar,9
318,5,sst_attribute_rank,CLT B5-6,Fragrance In Jar,Instant glow,fr_Powdery,0.0,0,1.0,FC,IN,CLT B5-6 Fragrance In Jar,10
319,5,sst_attribute_rank,CLT B5-6,Fragrance In Jar,Instant glow,fr_Fruity,0.0,0,1.0,FC,IN,CLT B5-6 Fragrance In Jar,11
320,5,sst_attribute_rank,CLT B5-6,Fragrance In Jar,Instant glow,fr_Woody,0.0,0,1.0,FC,IN,CLT B5-6 Fragrance In Jar,12
321,5,sst_attribute_rank,CLT B5-6,Fragrance In Jar,Instant glow,fr_Gourmand,0.0,0,1.0,FC,IN,CLT B5-6 Fragrance In Jar,13
322,5,sst_attribute_rank,CLT B5-6,Fragrance In Jar,Instant glow,fr_Amber,0.0,0,1.0,FC,IN,CLT B5-6 Fragrance In Jar,14
323,6,sst_attribute_rank,CLT B11-12,CLT Skin Feel 10min,Instant glow,in_thickness,11.71,0,75.67,FC,IN,CLT B11-12 CLT Skin Feel 10min,1
324,6,sst_attribute_rank,CLT B11-12,CLT Skin Feel 10min,Instant glow,ft_firmness,6.71,0,79.57,FC,IN,CLT B11-12 CLT Skin Feel 10min,2
325,6,sst_attribute_rank,CLT B11-12,CLT Skin Feel 10min,Instant glow,in_greasy,3.93,0,82.86,FC,IN,CLT B11-12 CLT Skin Feel 10min,3
326,6,sst_attribute_rank,CLT B11-12,CLT Skin Feel 10min,Instant glow,oily_ft,0.0,0,92.07,FC,IN,CLT B11-12 CLT Skin Feel 10min,4
327,6,sst_attribute_rank,CLT B11-12,CLT Skin Feel 10min,Instant glow,in_sticky_5min,4.64,0,65.43,FC,IN,CLT B11-12 CLT Skin Feel 10min,5
328,6,sst_attribute_rank,CLT B11-12,CLT Skin Feel 10min,Instant glow,ft_sticky,4.93,0,74.43,FC,IN,CLT B11-12 CLT Skin Feel 10min,6
329,6,sst_attribute_rank,CLT B11-12,CLT Skin Feel 10min,Instant glow,in_oily_5min,0.71,0,73.57,FC,IN,CLT B11-12 CLT Skin Feel 10min,7
330,6,sst_attribute_rank,CLT B11-12,CLT Skin Feel 10min,Instant glow,in_greasy_5min,1.71,0,72.36,FC,IN,CLT B11-12 CLT Skin Feel 10min,8
331,6,sst_attribute_rank,CLT B11-12,CLT Skin Feel 10min,Instant glow,ft_stringiness,3.57,0,67.36,FC,IN,CLT B11-12 CLT Skin Feel 10min,9
332,6,sst_attribute_rank,CLT B11-12,CLT Skin Feel 10min,Instant glow,in_spreadability,35.93,0,95.64,FC,IN,CLT B11-12 CLT Skin Feel 10min,10
333,6,sst_attribute_rank,CLT B11-12,CLT Skin Feel 10min,Instant glow,ft_peaking,3.57,0,78.27,FC,IN,CLT B11-12 CLT Skin Feel 10min,11
334,6,sst_attribute_rank,CLT B11-12,CLT Skin Feel 10min,Instant glow,in_drag_5min,9.5,0,71.4,FC,IN,CLT B11-12 CLT Skin Feel 10min,12
335,6,sst_attribute_rank,CLT B11-12,CLT Skin Feel 10min,Instant glow,in_creamy,7.0,0,65.33,FC,IN,CLT B11-12 CLT Skin Feel 10min,13
336,6,sst_attribute_rank,CLT B11-12,CLT Skin Feel 10min,Instant glow,tightness_5min,16.57,0,73.53,FC,IN,CLT B11-12 CLT Skin Feel 10min,14
337,6,sst_attribute_rank,CLT B11-12,CLT Skin Feel 10min,Instant glow,in_absorption,24.29,0,115.0,FC,IN,CLT B11-12 CLT Skin Feel 10min,15
338,6,sst_attribute_rank,CLT B11-12,CLT Skin Feel 10min,Instant glow,in_cooling,0.0,0,27.93,FC,IN,CLT B11-12 CLT Skin Feel 10min,16
339,6,sst_attribute_rank,CLT B11-12,CLT Skin Feel 10min,Instant glow,in_wet,1.79,0,89.79,FC,IN,CLT B11-12 CLT Skin Feel 10min,17
340,10,sst_attribute_rank,CLT B15-16,CLT Fingertip,Instant glow,in_thickness,11.71,0,75.67,FC,IN,CLT B15-16 CLT Fingertip,1
341,10,sst_attribute_rank,CLT B15-16,CLT Fingertip,Instant glow,in_greasy,3.93,0,82.86,FC,IN,CLT B15-16 CLT Fingertip,2
342,10,sst_attribute_rank,CLT B15-16,CLT Fingertip,Instant glow,ft_firmness,6.71,0,79.57,FC,IN,CLT B15-16 CLT Fingertip,3
343,10,sst_attribute_rank,CLT B15-16,CLT Fingertip,Instant glow,oily_ft,0.0,0,92.07,FC,IN,CLT B15-16 CLT Fingertip,4
344,10,sst_attribute_rank,CLT B15-16,CLT Fingertip,Instant glow,in_spreadability,35.93,0,95.64,FC,IN,CLT B15-16 CLT Fingertip,5
345,10,sst_attribute_rank,CLT B15-16,CLT Fingertip,Instant glow,in_sticky_imm,4.29,0,73.21,FC,IN,CLT B15-16 CLT Fingertip,6
346,10,sst_attribute_rank,CLT B15-16,CLT Fingertip,Instant glow,in_oily,0.57,0,82.5,FC,IN,CLT B15-16 CLT Fingertip,7
347,10,sst_attribute_rank,CLT B15-16,CLT Fingertip,Instant glow,in_creamy,7.0,0,65.33,FC,IN,CLT B15-16 CLT Fingertip,8
348,10,sst_attribute_rank,CLT B15-16,CLT Fingertip,Instant glow,consistency_rate,10.07,0,89.64,FC,IN,CLT B15-16 CLT Fingertip,9
349,10,sst_attribute_rank,CLT B15-16,CLT Fingertip,Instant glow,ft_sticky,4.93,0,74.43,FC,IN,CLT B15-16 CLT Fingertip,10
350,10,sst_attribute_rank,CLT B15-16,CLT Fingertip,Instant glow,in_greasy_imm,2.5,0,79.21,FC,IN,CLT B15-16 CLT Fingertip,11
351,10,sst_attribute_rank,CLT B15-16,CLT Fingertip,Instant glow,in_drag_imm,7.86,0,79.73,FC,IN,CLT B15-16 CLT Fingertip,12
352,10,sst_attribute_rank,CLT B15-16,CLT Fingertip,Instant glow,ft_stringiness,3.57,0,67.36,FC,IN,CLT B15-16 CLT Fingertip,13
353,10,sst_attribute_rank,CLT B15-16,CLT Fingertip,Instant glow,amount_of_residue,22.21,0,93.79,FC,IN,CLT B15-16 CLT Fingertip,14
354,10,sst_attribute_rank,CLT B15-16,CLT Fingertip,Instant glow,in_wet,1.79,0,89.79,FC,IN,CLT B15-16 CLT Fingertip,15
355,10,sst_attribute_rank,CLT B15-16,CLT Fingertip,Instant glow,ft_peaking,3.57,0,78.27,FC,IN,CLT B15-16 CLT Fingertip,16
356,10,sst_attribute_rank,CLT B15-16,CLT Fingertip,Instant glow,in_silky_imm,9.67,0,61.29,FC,IN,CLT B15-16 CLT Fingertip,17
357,10,sst_attribute_rank,CLT B15-16,CLT Fingertip,Instant glow,in_powdery_imm,5.14,0,80.36,FC,IN,CLT B15-16 CLT Fingertip,18
358,10,sst_attribute_rank,CLT B15-16,CLT Fingertip,Instant glow,ft_bounciness,1.14,0,39.64,FC,IN,CLT B15-16 CLT Fingertip,19
359,10,sst_attribute_rank,CLT B15-16,CLT Fingertip,Instant glow,in_oily_imm,0.64,0,79.64,FC,IN,CLT B15-16 CLT Fingertip,20
360,3,sst_attribute_rank,CLT B13-14,CLT Fragrance IMD,Instant glow,in_fragrance_5min,15.43,0,64.07,FC,IN,CLT B13-14 CLT Fragrance IMD,1
612,9,sst_attribute_rank,CLT B3-4,Skin Look 10min,Instant fairness,patchy_residue_imm,4.29,0,39.07,FC,IN,CLT B3-4 Skin Look 10min,6
613,9,sst_attribute_rank,CLT B3-4,Skin Look 10min,Instant fairness,in_gloss_5min,3.57,0,76.14,FC,IN,CLT B3-4 Skin Look 10min,7
614,9,sst_attribute_rank,CLT B3-4,Skin Look 10min,Instant fairness,in_fairness_imm,4.33,0,50.21,FC,IN,CLT B3-4 Skin Look 10min,8
615,9,sst_attribute_rank,CLT B3-4,Skin Look 10min,Instant fairness,in_gloss_imm,4.29,0,82.86,FC,IN,CLT B3-4 Skin Look 10min,9
616,9,sst_attribute_rank,CLT B3-4,Skin Look 10min,Instant fairness,in_fairness_5min,4.33,0,43.21,FC,IN,CLT B3-4 Skin Look 10min,10
617,9,sst_attribute_rank,CLT B3-4,Skin Look 10min,Instant fairness,in_invisibility_imm,5.43,0,51.33,FC,IN,CLT B3-4 Skin Look 10min,11
618,9,sst_attribute_rank,CLT B3-4,Skin Look 10min,Instant fairness,in_powderylook_5min,4.64,0,22.73,FC,IN,CLT B3-4 Skin Look 10min,12
619,9,sst_attribute_rank,CLT B3-4,Skin Look 10min,Instant fairness,in_powderylook_imm,4.64,0,41.79,FC,IN,CLT B3-4 Skin Look 10min,13
620,3,sst_attribute_rank,CLT B13-14,CLT Fragrance IMD,Instant fairness,fr_Green,0.0,0,1.0,FC,IN,CLT B13-14 CLT Fragrance IMD,1
621,3,sst_attribute_rank,CLT B13-14,CLT Fragrance IMD,Instant fairness,fr_Musky,0.0,0,1.0,FC,IN,CLT B13-14 CLT Fragrance IMD,2
622,3,sst_attribute_rank,CLT B13-14,CLT Fragrance IMD,Instant fairness,fr_Powdery,0.0,0,1.0,FC,IN,CLT B13-14 CLT Fragrance IMD,3
623,3,sst_attribute_rank,CLT B13-14,CLT Fragrance IMD,Instant fairness,fr_Aldehydic,0.0,0,1.0,FC,IN,CLT B13-14 CLT Fragrance IMD,4
624,3,sst_attribute_rank,CLT B13-14,CLT Fragrance IMD,Instant fairness,fr_Aromatic_Herbeaous,0.0,0,1.0,FC,IN,CLT B13-14 CLT Fragrance IMD,5
625,3,sst_attribute_rank,CLT B13-14,CLT Fragrance IMD,Instant fairness,in_fragrance_5min,15.43,0,64.07,FC,IN,CLT B13-14 CLT Fragrance IMD,6
626,3,sst_attribute_rank,CLT B13-14,CLT Fragrance IMD,Instant fairness,in_fragrance_imm,24.36,0,74.73,FC,IN,CLT B13-14 CLT Fragrance IMD,7
627,3,sst_attribute_rank,CLT B13-14,CLT Fragrance IMD,Instant fairness,fr_Amber,0.0,0,1.0,FC,IN,CLT B13-14 CLT Fragrance IMD,8
628,3,sst_attribute_rank,CLT B13-14,CLT Fragrance IMD,Instant fairness,fr_Citrus,0.0,0,1.0,FC,IN,CLT B13-14 CLT Fragrance IMD,9
629,3,sst_attribute_rank,CLT B13-14,CLT Fragrance IMD,Instant fairness,fr_Woody,0.0,0,1.0,FC,IN,CLT B13-14 CLT Fragrance IMD,10
630,3,sst_attribute_rank,CLT B13-14,CLT Fragrance IMD,Instant fairness,fr_Fruity,0.0,0,1.0,FC,IN,CLT B13-14 CLT Fragrance IMD,11
631,3,sst_attribute_rank,CLT B13-14,CLT Fragrance IMD,Instant fairness,fr_Floral,0.0,0,1.0,FC,IN,CLT B13-14 CLT Fragrance IMD,12
632,3,sst_attribute_rank,CLT B13-14,CLT Fragrance IMD,Instant fairness,fr_Watery_Marine,0.0,0,1.0,FC,IN,CLT B13-14 CLT Fragrance IMD,13
633,3,sst_attribute_rank,CLT B13-14,CLT Fragrance IMD,Instant fairness,fr_Gourmand,0.0,0,1.0,FC,IN,CLT B13-14 CLT Fragrance IMD,14
634,5,sst_attribute_rank,CLT B5-6,Fragrance In Jar,Instant fairness,in_fragrance_5min,15.43,0,64.07,FC,IN,CLT B5-6 Fragrance In Jar,1
635,5,sst_attribute_rank,CLT B5-6,Fragrance In Jar,Instant fairness,in_fragrance_imm,24.36,0,74.73,FC,IN,CLT B5-6 Fragrance In Jar,2
636,5,sst_attribute_rank,CLT B5-6,Fragrance In Jar,Instant fairness,fr_Musky,0.0,0,1.0,FC,IN,CLT B5-6 Fragrance In Jar,3
637,5,sst_attribute_rank,CLT B5-6,Fragrance In Jar,Instant fairness,fr_Aromatic_Herbeaous,0.0,0,1.0,FC,IN,CLT B5-6 Fragrance In Jar,4
638,5,sst_attribute_rank,CLT B5-6,Fragrance In Jar,Instant fairness,fr_Green,0.0,0,1.0,FC,IN,CLT B5-6 Fragrance In Jar,5
639,5,sst_attribute_rank,CLT B5-6,Fragrance In Jar,Instant fairness,fr_Aldehydic,0.0,0,1.0,FC,IN,CLT B5-6 Fragrance In Jar,6
640,5,sst_attribute_rank,CLT B5-6,Fragrance In Jar,Instant fairness,fr_Citrus,0.0,0,1.0,FC,IN,CLT B5-6 Fragrance In Jar,7
641,5,sst_attribute_rank,CLT B5-6,Fragrance In Jar,Instant fairness,fr_Fruity,0.0,0,1.0,FC,IN,CLT B5-6 Fragrance In Jar,8
642,5,sst_attribute_rank,CLT B5-6,Fragrance In Jar,Instant fairness,fr_Powdery,0.0,0,1.0,FC,IN,CLT B5-6 Fragrance In Jar,9
643,5,sst_attribute_rank,CLT B5-6,Fragrance In Jar,Instant fairness,fr_Floral,0.0,0,1.0,FC,IN,CLT B5-6 Fragrance In Jar,10
644,5,sst_attribute_rank,CLT B5-6,Fragrance In Jar,Instant fairness,fr_Watery_Marine,0.0,0,1.0,FC,IN,CLT B5-6 Fragrance In Jar,11
645,5,sst_attribute_rank,CLT B5-6,Fragrance In Jar,Instant fairness,fr_Amber,0.0,0,1.0,FC,IN,CLT B5-6 Fragrance In Jar,12
646,5,sst_attribute_rank,CLT B5-6,Fragrance In Jar,Instant fairness,fr_Woody,0.0,0,1.0,FC,IN,CLT B5-6 Fragrance In Jar,13
647,5,sst_attribute_rank,CLT B5-6,Fragrance In Jar,Instant fairness,fr_Gourmand,0.0,0,1.0,FC,IN,CLT B5-6 Fragrance In Jar,14
648,10,sst_attribute_rank,CLT B15-16,CLT Fingertip,Instant fairness,in_sticky_imm,4.29,0,73.21,FC,IN,CLT B15-16 CLT Fingertip,1
649,10,sst_attribute_rank,CLT B15-16,CLT Fingertip,Instant fairness,in_silky_imm,9.67,0,61.29,FC,IN,CLT B15-16 CLT Fingertip,2
650,10,sst_attribute_rank,CLT B15-16,CLT Fingertip,Instant fairness,in_greasy,3.93,0,82.86,FC,IN,CLT B15-16 CLT Fingertip,3
651,10,sst_attribute_rank,CLT B15-16,CLT Fingertip,Instant fairness,in_greasy_imm,2.5,0,79.21,FC,IN,CLT B15-16 CLT Fingertip,4
652,10,sst_attribute_rank,CLT B15-16,CLT Fingertip,Instant fairness,in_drag_imm,7.86,0,79.73,FC,IN,CLT B15-16 CLT Fingertip,5
653,10,sst_attribute_rank,CLT B15-16,CLT Fingertip,Instant fairness,in_powdery_imm,5.14,0,80.36,FC,IN,CLT B15-16 CLT Fingertip,6
654,10,sst_attribute_rank,CLT B15-16,CLT Fingertip,Instant fairness,in_oily_imm,0.64,0,79.64,FC,IN,CLT B15-16 CLT Fingertip,7
655,10,sst_attribute_rank,CLT B15-16,CLT Fingertip,Instant fairness,consistency_rate,10.07,0,89.64,FC,IN,CLT B15-16 CLT Fingertip,8
656,10,sst_attribute_rank,CLT B15-16,CLT Fingertip,Instant fairness,in_wet,1.79,0,89.79,FC,IN,CLT B15-16 CLT Fingertip,9
657,10,sst_attribute_rank,CLT B15-16,CLT Fingertip,Instant fairness,in_spreadability,35.93,0,95.64,FC,IN,CLT B15-16 CLT Fingertip,10
658,10,sst_attribute_rank,CLT B15-16,CLT Fingertip,Instant fairness,ft_sticky,4.93,0,74.43,FC,IN,CLT B15-16 CLT Fingertip,11
659,10,sst_attribute_rank,CLT B15-16,CLT Fingertip,Instant fairness,oily_ft,0.0,0,92.07,FC,IN,CLT B15-16 CLT Fingertip,12
660,10,sst_attribute_rank,CLT B15-16,CLT Fingertip,Instant fairness,ft_bounciness,1.14,0,39.64,FC,IN,CLT B15-16 CLT Fingertip,13
661,10,sst_attribute_rank,CLT B15-16,CLT Fingertip,Instant fairness,in_creamy,7.0,0,65.33,FC,IN,CLT B15-16 CLT Fingertip,14
662,10,sst_attribute_rank,CLT B15-16,CLT Fingertip,Instant fairness,in_waxy_imm,5.0,0,31.53,FC,IN,CLT B15-16 CLT Fingertip,15
663,10,sst_attribute_rank,CLT B15-16,CLT Fingertip,Instant fairness,ft_stringiness,3.57,0,67.36,FC,IN,CLT B15-16 CLT Fingertip,16
664,10,sst_attribute_rank,CLT B15-16,CLT Fingertip,Instant fairness,amount_of_residue,22.21,0,93.79,FC,IN,CLT B15-16 CLT Fingertip,17
665,10,sst_attribute_rank,CLT B15-16,CLT Fingertip,Instant fairness,in_thickness,11.71,0,75.67,FC,IN,CLT B15-16 CLT Fingertip,18
666,10,sst_attribute_rank,CLT B15-16,CLT Fingertip,Instant fairness,ft_firmness,6.71,0,79.57,FC,IN,CLT B15-16 CLT Fingertip,19
667,10,sst_attribute_rank,CLT B15-16,CLT Fingertip,Instant fairness,in_oily,0.57,0,82.5,FC,IN,CLT B15-16 CLT Fingertip,20
668,10,sst_attribute_rank,CLT B15-16,CLT Fingertip,Instant fairness,ft_peaking,3.57,0,78.27,FC,IN,CLT B15-16 CLT Fingertip,21
669,1,sst_attribute_rank,CLT B7-8,Skin feel IU,Instant fairness,in_cooling,0.0,0,27.93,FC,IN,CLT B7-8 Skin feel IU,1
670,1,sst_attribute_rank,CLT B7-8,Skin feel IU,Instant fairness,in_absorption,24.29,0,115.0,FC,IN,CLT B7-8 Skin feel IU,2
671,1,sst_attribute_rank,CLT B7-8,Skin feel IU,Instant fairness,oily_ft,0.0,0,92.07,FC,IN,CLT B7-8 Skin feel IU,3
672,1,sst_attribute_rank,CLT B7-8,Skin feel IU,Instant fairness,in_creamy,7.0,0,65.33,FC,IN,CLT B7-8 Skin feel IU,4
673,1,sst_attribute_rank,CLT B7-8,Skin feel IU,Instant fairness,in_greasy,3.93,0,82.86,FC,IN,CLT B7-8 Skin feel IU,5
674,1,sst_attribute_rank,CLT B7-8,Skin feel IU,Instant fairness,in_wet,1.79,0,89.79,FC,IN,CLT B7-8 Skin feel IU,6
675,1,sst_attribute_rank,CLT B7-8,Skin feel IU,Instant fairness,ft_stringiness,3.57,0,67.36,FC,IN,CLT B7-8 Skin feel IU,7
676,1,sst_attribute_rank,CLT B7-8,Skin feel IU,Instant fairness,in_spreadability,35.93,0,95.64,FC,IN,CLT B7-8 Skin feel IU,8
677,1,sst_attribute_rank,CLT B7-8,Skin feel IU,Instant fairness,ft_sticky,4.93,0,74.43,FC,IN,CLT B7-8 Skin feel IU,9
678,1,sst_attribute_rank,CLT B7-8,Skin feel IU,Instant fairness,ft_peaking,3.57,0,78.27,FC,IN,CLT B7-8 Skin feel IU,10
679,1,sst_attribute_rank,CLT B7-8,Skin feel IU,Instant fairness,in_thickness,11.71,0,75.67,FC,IN,CLT B7-8 Skin feel IU,11
680,1,sst_attribute_rank,CLT B7-8,Skin feel IU,Instant fairness,ft_firmness,6.71,0,79.57,FC,IN,CLT B7-8 Skin feel IU,12
681,8,sst_attribute_rank,CLT M1-2,APPEARANCE,Instant fairness,transparency_rate,8.0,0,96.93,FC,IN,CLT M1-2 APPEARANCE,1
682,8,sst_attribute_rank,CLT M1-2,APPEARANCE,Instant fairness,product_b,63.0,0,255.0,FC,IN,CLT M1-2 APPEARANCE,2
683,8,sst_attribute_rank,CLT M1-2,APPEARANCE,Instant fairness,product_g,133.0,0,255.0,FC,IN,CLT M1-2 APPEARANCE,3
684,8,sst_attribute_rank,CLT M1-2,APPEARANCE,Instant fairness,integrity_of_shape_rate,9.86,0,85.73,FC,IN,CLT M1-2 APPEARANCE,4
685,8,sst_attribute_rank,CLT M1-2,APPEARANCE,Instant fairness,lightness_of_color,1.0,0,17.0,FC,IN,CLT M1-2 APPEARANCE,5
686,8,sst_attribute_rank,CLT M1-2,APPEARANCE,Instant fairness,ft_firmness,6.71,0,79.57,FC,IN,CLT M1-2 APPEARANCE,6
687,8,sst_attribute_rank,CLT M1-2,APPEARANCE,Instant fairness,size_of_particles,1.0,0,7.0,FC,IN,CLT M1-2 APPEARANCE,7
688,8,sst_attribute_rank,CLT M1-2,APPEARANCE,Instant fairness,amount_of_particles,1.0,0,6.0,FC,IN,CLT M1-2 APPEARANCE,8
689,8,sst_attribute_rank,CLT M1-2,APPEARANCE,Instant fairness,integrity_of_shape_10s_rate,9.86,0,86.2,FC,IN,CLT M1-2 APPEARANCE,9
690,8,sst_attribute_rank,CLT M1-2,APPEARANCE,Instant fairness,gloss_rate,5.36,0,92.21,FC,IN,CLT M1-2 APPEARANCE,10
691,8,sst_attribute_rank,CLT M1-2,APPEARANCE,Instant fairness,product_r,143.0,0,255.0,FC,IN,CLT M1-2 APPEARANCE,11
692,3,sst_attribute_rank,CLT B13-14,CLT Fragrance IMD,Fairness over time,fr_Green,0.0,0,1.0,FC,IN,CLT B13-14 CLT Fragrance IMD,1
693,3,sst_attribute_rank,CLT B13-14,CLT Fragrance IMD,Fairness over time,fr_Powdery,0.0,0,1.0,FC,IN,CLT B13-14 CLT Fragrance IMD,2
694,3,sst_attribute_rank,CLT B13-14,CLT Fragrance IMD,Fairness over time,fr_Aldehydic,0.0,0,1.0,FC,IN,CLT B13-14 CLT Fragrance IMD,3
695,3,sst_attribute_rank,CLT B13-14,CLT Fragrance IMD,Fairness over time,fr_Amber,0.0,0,1.0,FC,IN,CLT B13-14 CLT Fragrance IMD,4
696,3,sst_attribute_rank,CLT B13-14,CLT Fragrance IMD,Fairness over time,fr_Musky,0.0,0,1.0,FC,IN,CLT B13-14 CLT Fragrance IMD,5
697,3,sst_attribute_rank,CLT B13-14,CLT Fragrance IMD,Fairness over time,fr_Aromatic_Herbeaous,0.0,0,1.0,FC,IN,CLT B13-14 CLT Fragrance IMD,6
698,3,sst_attribute_rank,CLT B13-14,CLT Fragrance IMD,Fairness over time,fr_Watery_Marine,0.0,0,1.0,FC,IN,CLT B13-14 CLT Fragrance IMD,7
699,3,sst_attribute_rank,CLT B13-14,CLT Fragrance IMD,Fairness over time,in_fragrance_5min,15.43,0,64.07,FC,IN,CLT B13-14 CLT Fragrance IMD,8
700,3,sst_attribute_rank,CLT B13-14,CLT Fragrance IMD,Fairness over time,in_fragrance_imm,24.36,0,74.73,FC,IN,CLT B13-14 CLT Fragrance IMD,9
701,3,sst_attribute_rank,CLT B13-14,CLT Fragrance IMD,Fairness over time,fr_Citrus,0.0,0,1.0,FC,IN,CLT B13-14 CLT Fragrance IMD,10
702,3,sst_attribute_rank,CLT B13-14,CLT Fragrance IMD,Fairness over time,fr_Floral,0.0,0,1.0,FC,IN,CLT B13-14 CLT Fragrance IMD,11
703,3,sst_attribute_rank,CLT B13-14,CLT Fragrance IMD,Fairness over time,fr_Fruity,0.0,0,1.0,FC,IN,CLT B13-14 CLT Fragrance IMD,12
962,5,sst_attribute_rank,CLT B5-6,Fragrance In Jar,Even tone,fr_Aldehydic,0.0,0,1.0,FC,IN,CLT B5-6 Fragrance In Jar,3
963,5,sst_attribute_rank,CLT B5-6,Fragrance In Jar,Even tone,fr_Green,0.0,0,1.0,FC,IN,CLT B5-6 Fragrance In Jar,4
964,5,sst_attribute_rank,CLT B5-6,Fragrance In Jar,Even tone,fr_Aromatic_Herbeaous,0.0,0,1.0,FC,IN,CLT B5-6 Fragrance In Jar,5
965,5,sst_attribute_rank,CLT B5-6,Fragrance In Jar,Even tone,fr_Musky,0.0,0,1.0,FC,IN,CLT B5-6 Fragrance In Jar,6
966,5,sst_attribute_rank,CLT B5-6,Fragrance In Jar,Even tone,fr_Powdery,0.0,0,1.0,FC,IN,CLT B5-6 Fragrance In Jar,7
967,5,sst_attribute_rank,CLT B5-6,Fragrance In Jar,Even tone,fr_Floral,0.0,0,1.0,FC,IN,CLT B5-6 Fragrance In Jar,8
968,5,sst_attribute_rank,CLT B5-6,Fragrance In Jar,Even tone,fr_Fruity,0.0,0,1.0,FC,IN,CLT B5-6 Fragrance In Jar,9
969,5,sst_attribute_rank,CLT B5-6,Fragrance In Jar,Even tone,fr_Citrus,0.0,0,1.0,FC,IN,CLT B5-6 Fragrance In Jar,10
970,5,sst_attribute_rank,CLT B5-6,Fragrance In Jar,Even tone,fr_Woody,0.0,0,1.0,FC,IN,CLT B5-6 Fragrance In Jar,11
971,5,sst_attribute_rank,CLT B5-6,Fragrance In Jar,Even tone,fr_Amber,0.0,0,1.0,FC,IN,CLT B5-6 Fragrance In Jar,12
972,5,sst_attribute_rank,CLT B5-6,Fragrance In Jar,Even tone,fr_Gourmand,0.0,0,1.0,FC,IN,CLT B5-6 Fragrance In Jar,13
973,5,sst_attribute_rank,CLT B5-6,Fragrance In Jar,Even tone,fr_Watery_Marine,0.0,0,1.0,FC,IN,CLT B5-6 Fragrance In Jar,14
974,4,sst_attribute_rank,CLT B1-2,Skin Look IMD,Reduce blemishes and dark spots,in_gloss_5min,3.57,0,76.14,FC,IN,CLT B1-2 Skin Look IMD,1
975,4,sst_attribute_rank,CLT B1-2,Skin Look IMD,Reduce blemishes and dark spots,in_gloss_imm,4.29,0,82.86,FC,IN,CLT B1-2 Skin Look IMD,2
976,4,sst_attribute_rank,CLT B1-2,Skin Look IMD,Reduce blemishes and dark spots,in_coverage_imm,4.64,0,70.27,FC,IN,CLT B1-2 Skin Look IMD,3
977,4,sst_attribute_rank,CLT B1-2,Skin Look IMD,Reduce blemishes and dark spots,in_coverage_5min,4.64,0,67.47,FC,IN,CLT B1-2 Skin Look IMD,4
978,4,sst_attribute_rank,CLT B1-2,Skin Look IMD,Reduce blemishes and dark spots,patchy_residue_in,7.86,0,79.6,FC,IN,CLT B1-2 Skin Look IMD,5
979,4,sst_attribute_rank,CLT B1-2,Skin Look IMD,Reduce blemishes and dark spots,patchy_residue_imm,4.29,0,39.07,FC,IN,CLT B1-2 Skin Look IMD,6
980,4,sst_attribute_rank,CLT B1-2,Skin Look IMD,Reduce blemishes and dark spots,in_invisibility_imm,5.43,0,51.33,FC,IN,CLT B1-2 Skin Look IMD,7
981,4,sst_attribute_rank,CLT B1-2,Skin Look IMD,Reduce blemishes and dark spots,in_invisibility_5min,4.93,0,50.67,FC,IN,CLT B1-2 Skin Look IMD,8
982,4,sst_attribute_rank,CLT B1-2,Skin Look IMD,Reduce blemishes and dark spots,in_powderylook_5min,4.64,0,22.73,FC,IN,CLT B1-2 Skin Look IMD,9
983,4,sst_attribute_rank,CLT B1-2,Skin Look IMD,Reduce blemishes and dark spots,in_fairness_imm,4.33,0,50.21,FC,IN,CLT B1-2 Skin Look IMD,10
984,4,sst_attribute_rank,CLT B1-2,Skin Look IMD,Reduce blemishes and dark spots,in_fairness_5min,4.33,0,43.21,FC,IN,CLT B1-2 Skin Look IMD,11
985,4,sst_attribute_rank,CLT B1-2,Skin Look IMD,Reduce blemishes and dark spots,in_powderylook_imm,4.64,0,41.79,FC,IN,CLT B1-2 Skin Look IMD,12
986,4,sst_attribute_rank,CLT B1-2,Skin Look IMD,Reduce blemishes and dark spots,shimmer,0.0,0,58.8,FC,IN,CLT B1-2 Skin Look IMD,13
987,3,sst_attribute_rank,CLT B13-14,CLT Fragrance IMD,Reduce blemishes and dark spots,in_fragrance_imm,24.36,0,74.73,FC,IN,CLT B13-14 CLT Fragrance IMD,1
988,3,sst_attribute_rank,CLT B13-14,CLT Fragrance IMD,Reduce blemishes and dark spots,in_fragrance_5min,15.43,0,64.07,FC,IN,CLT B13-14 CLT Fragrance IMD,2
989,3,sst_attribute_rank,CLT B13-14,CLT Fragrance IMD,Reduce blemishes and dark spots,fr_Amber,0.0,0,1.0,FC,IN,CLT B13-14 CLT Fragrance IMD,3
990,3,sst_attribute_rank,CLT B13-14,CLT Fragrance IMD,Reduce blemishes and dark spots,fr_Aromatic_Herbeaous,0.0,0,1.0,FC,IN,CLT B13-14 CLT Fragrance IMD,4
991,3,sst_attribute_rank,CLT B13-14,CLT Fragrance IMD,Reduce blemishes and dark spots,fr_Citrus,0.0,0,1.0,FC,IN,CLT B13-14 CLT Fragrance IMD,5
992,3,sst_attribute_rank,CLT B13-14,CLT Fragrance IMD,Reduce blemishes and dark spots,fr_Musky,0.0,0,1.0,FC,IN,CLT B13-14 CLT Fragrance IMD,6
993,3,sst_attribute_rank,CLT B13-14,CLT Fragrance IMD,Reduce blemishes and dark spots,fr_Fruity,0.0,0,1.0,FC,IN,CLT B13-14 CLT Fragrance IMD,7
994,3,sst_attribute_rank,CLT B13-14,CLT Fragrance IMD,Reduce blemishes and dark spots,fr_Watery_Marine,0.0,0,1.0,FC,IN,CLT B13-14 CLT Fragrance IMD,8
995,3,sst_attribute_rank,CLT B13-14,CLT Fragrance IMD,Reduce blemishes and dark spots,fr_Aldehydic,0.0,0,1.0,FC,IN,CLT B13-14 CLT Fragrance IMD,9
996,3,sst_attribute_rank,CLT B13-14,CLT Fragrance IMD,Reduce blemishes and dark spots,fr_Green,0.0,0,1.0,FC,IN,CLT B13-14 CLT Fragrance IMD,10
997,3,sst_attribute_rank,CLT B13-14,CLT Fragrance IMD,Reduce blemishes and dark spots,fr_Powdery,0.0,0,1.0,FC,IN,CLT B13-14 CLT Fragrance IMD,11
998,3,sst_attribute_rank,CLT B13-14,CLT Fragrance IMD,Reduce blemishes and dark spots,fr_Floral,0.0,0,1.0,FC,IN,CLT B13-14 CLT Fragrance IMD,12
999,3,sst_attribute_rank,CLT B13-14,CLT Fragrance IMD,Reduce blemishes and dark spots,fr_Gourmand,0.0,0,1.0,FC,IN,CLT B13-14 CLT Fragrance IMD,13
1000,3,sst_attribute_rank,CLT B13-14,CLT Fragrance IMD,Reduce blemishes and dark spots,fr_Woody,0.0,0,1.0,FC,IN,CLT B13-14 CLT Fragrance IMD,14
1001,8,sst_attribute_rank,CLT M1-2,APPEARANCE,Reduce blemishes and dark spots,transparency_rate,8.0,0,96.93,FC,IN,CLT M1-2 APPEARANCE,1
1002,8,sst_attribute_rank,CLT M1-2,APPEARANCE,Reduce blemishes and dark spots,product_b,63.0,0,255.0,FC,IN,CLT M1-2 APPEARANCE,2
1003,8,sst_attribute_rank,CLT M1-2,APPEARANCE,Reduce blemishes and dark spots,gloss_rate,5.36,0,92.21,FC,IN,CLT M1-2 APPEARANCE,3
1004,8,sst_attribute_rank,CLT M1-2,APPEARANCE,Reduce blemishes and dark spots,ft_firmness,6.71,0,79.57,FC,IN,CLT M1-2 APPEARANCE,4
1005,8,sst_attribute_rank,CLT M1-2,APPEARANCE,Reduce blemishes and dark spots,product_g,133.0,0,255.0,FC,IN,CLT M1-2 APPEARANCE,5
1006,8,sst_attribute_rank,CLT M1-2,APPEARANCE,Reduce blemishes and dark spots,integrity_of_shape_rate,9.86,0,85.73,FC,IN,CLT M1-2 APPEARANCE,6
1007,8,sst_attribute_rank,CLT M1-2,APPEARANCE,Reduce blemishes and dark spots,integrity_of_shape_10s_rate,9.86,0,86.2,FC,IN,CLT M1-2 APPEARANCE,7
1008,8,sst_attribute_rank,CLT M1-2,APPEARANCE,Reduce blemishes and dark spots,product_r,143.0,0,255.0,FC,IN,CLT M1-2 APPEARANCE,8
1009,8,sst_attribute_rank,CLT M1-2,APPEARANCE,Reduce blemishes and dark spots,lightness_of_color,1.0,0,17.0,FC,IN,CLT M1-2 APPEARANCE,9
1010,8,sst_attribute_rank,CLT M1-2,APPEARANCE,Reduce blemishes and dark spots,amount_of_particles,1.0,0,6.0,FC,IN,CLT M1-2 APPEARANCE,10
1011,8,sst_attribute_rank,CLT M1-2,APPEARANCE,Reduce blemishes and dark spots,pearlescence_rate,0.0,0,1.0,FC,IN,CLT M1-2 APPEARANCE,11
1012,8,sst_attribute_rank,CLT M1-2,APPEARANCE,Reduce blemishes and dark spots,size_of_particles,1.0,0,7.0,FC,IN,CLT M1-2 APPEARANCE,12
1013,1,sst_attribute_rank,CLT B7-8,Skin feel IU,Reduce blemishes and dark spots,in_thickness,11.71,0,75.67,FC,IN,CLT B7-8 Skin feel IU,1
1014,1,sst_attribute_rank,CLT B7-8,Skin feel IU,Reduce blemishes and dark spots,in_greasy,3.93,0,82.86,FC,IN,CLT B7-8 Skin feel IU,2
1015,1,sst_attribute_rank,CLT B7-8,Skin feel IU,Reduce blemishes and dark spots,oily_ft,0.0,0,92.07,FC,IN,CLT B7-8 Skin feel IU,3
1016,1,sst_attribute_rank,CLT B7-8,Skin feel IU,Reduce blemishes and dark spots,ft_sticky,4.93,0,74.43,FC,IN,CLT B7-8 Skin feel IU,4
1017,1,sst_attribute_rank,CLT B7-8,Skin feel IU,Reduce blemishes and dark spots,ft_peaking,3.57,0,78.27,FC,IN,CLT B7-8 Skin feel IU,5
1018,1,sst_attribute_rank,CLT B7-8,Skin feel IU,Reduce blemishes and dark spots,in_absorption,24.29,0,115.0,FC,IN,CLT B7-8 Skin feel IU,6
1019,1,sst_attribute_rank,CLT B7-8,Skin feel IU,Reduce blemishes and dark spots,in_wet,1.79,0,89.79,FC,IN,CLT B7-8 Skin feel IU,7
1020,1,sst_attribute_rank,CLT B7-8,Skin feel IU,Reduce blemishes and dark spots,ft_firmness,6.71,0,79.57,FC,IN,CLT B7-8 Skin feel IU,8
1021,1,sst_attribute_rank,CLT B7-8,Skin feel IU,Reduce blemishes and dark spots,ft_stringiness,3.57,0,67.36,FC,IN,CLT B7-8 Skin feel IU,9
1022,1,sst_attribute_rank,CLT B7-8,Skin feel IU,Reduce blemishes and dark spots,in_creamy,7.0,0,65.33,FC,IN,CLT B7-8 Skin feel IU,10
1023,1,sst_attribute_rank,CLT B7-8,Skin feel IU,Reduce blemishes and dark spots,in_spreadability,35.93,0,95.64,FC,IN,CLT B7-8 Skin feel IU,11
1024,1,sst_attribute_rank,CLT B7-8,Skin feel IU,Reduce blemishes and dark spots,in_cooling,0.0,0,27.93,FC,IN,CLT B7-8 Skin feel IU,12
1025,10,sst_attribute_rank,CLT B15-16,CLT Fingertip,Reduce blemishes and dark spots,in_thickness,11.71,0,75.67,FC,IN,CLT B15-16 CLT Fingertip,1
1026,10,sst_attribute_rank,CLT B15-16,CLT Fingertip,Reduce blemishes and dark spots,in_greasy_imm,2.5,0,79.21,FC,IN,CLT B15-16 CLT Fingertip,2
1027,10,sst_attribute_rank,CLT B15-16,CLT Fingertip,Reduce blemishes and dark spots,ft_firmness,6.71,0,79.57,FC,IN,CLT B15-16 CLT Fingertip,3
1028,10,sst_attribute_rank,CLT B15-16,CLT Fingertip,Reduce blemishes and dark spots,oily_ft,0.0,0,92.07,FC,IN,CLT B15-16 CLT Fingertip,4
1029,10,sst_attribute_rank,CLT B15-16,CLT Fingertip,Reduce blemishes and dark spots,in_sticky_imm,4.29,0,73.21,FC,IN,CLT B15-16 CLT Fingertip,5
1030,10,sst_attribute_rank,CLT B15-16,CLT Fingertip,Reduce blemishes and dark spots,ft_stringiness,3.57,0,67.36,FC,IN,CLT B15-16 CLT Fingertip,6
1031,10,sst_attribute_rank,CLT B15-16,CLT Fingertip,Reduce blemishes and dark spots,in_creamy,7.0,0,65.33,FC,IN,CLT B15-16 CLT Fingertip,7
1032,10,sst_attribute_rank,CLT B15-16,CLT Fingertip,Reduce blemishes and dark spots,in_oily,0.57,0,82.5,FC,IN,CLT B15-16 CLT Fingertip,8
1033,10,sst_attribute_rank,CLT B15-16,CLT Fingertip,Reduce blemishes and dark spots,in_drag_imm,7.86,0,79.73,FC,IN,CLT B15-16 CLT Fingertip,9
1034,10,sst_attribute_rank,CLT B15-16,CLT Fingertip,Reduce blemishes and dark spots,in_silky_imm,9.67,0,61.29,FC,IN,CLT B15-16 CLT Fingertip,10
1035,10,sst_attribute_rank,CLT B15-16,CLT Fingertip,Reduce blemishes and dark spots,ft_peaking,3.57,0,78.27,FC,IN,CLT B15-16 CLT Fingertip,11
1036,10,sst_attribute_rank,CLT B15-16,CLT Fingertip,Reduce blemishes and dark spots,amount_of_residue,22.21,0,93.79,FC,IN,CLT B15-16 CLT Fingertip,12
1037,10,sst_attribute_rank,CLT B15-16,CLT Fingertip,Reduce blemishes and dark spots,in_waxy_imm,5.0,0,31.53,FC,IN,CLT B15-16 CLT Fingertip,13
1038,10,sst_attribute_rank,CLT B15-16,CLT Fingertip,Reduce blemishes and dark spots,ft_sticky,4.93,0,74.43,FC,IN,CLT B15-16 CLT Fingertip,14
1039,10,sst_attribute_rank,CLT B15-16,CLT Fingertip,Reduce blemishes and dark spots,consistency_rate,10.07,0,89.64,FC,IN,CLT B15-16 CLT Fingertip,15
1040,10,sst_attribute_rank,CLT B15-16,CLT Fingertip,Reduce blemishes and dark spots,in_wet,1.79,0,89.79,FC,IN,CLT B15-16 CLT Fingertip,16
1041,10,sst_attribute_rank,CLT B15-16,CLT Fingertip,Reduce blemishes and dark spots,ft_bounciness,1.14,0,39.64,FC,IN,CLT B15-16 CLT Fingertip,17
1042,10,sst_attribute_rank,CLT B15-16,CLT Fingertip,Reduce blemishes and dark spots,in_spreadability,35.93,0,95.64,FC,IN,CLT B15-16 CLT Fingertip,18
1043,10,sst_attribute_rank,CLT B15-16,CLT Fingertip,Reduce blemishes and dark spots,in_powdery_imm,5.14,0,80.36,FC,IN,CLT B15-16 CLT Fingertip,19
1044,10,sst_attribute_rank,CLT B15-16,CLT Fingertip,Reduce blemishes and dark spots,in_oily_imm,0.64,0,79.64,FC,IN,CLT B15-16 CLT Fingertip,20
1045,10,sst_attribute_rank,CLT B15-16,CLT Fingertip,Reduce blemishes and dark spots,in_greasy,3.93,0,82.86,FC,IN,CLT B15-16 CLT Fingertip,21
1046,2,sst_attribute_rank,CLT B9-10,Skin feel IMD,Reduce blemishes and dark spots,in_thickness,11.71,0,75.67,FC,IN,CLT B9-10 Skin feel IMD,1
1047,2,sst_attribute_rank,CLT B9-10,Skin feel IMD,Reduce blemishes and dark spots,in_greasy,3.93,0,82.86,FC,IN,CLT B9-10 Skin feel IMD,2
1048,2,sst_attribute_rank,CLT B9-10,Skin feel IMD,Reduce blemishes and dark spots,oily_ft,0.0,0,92.07,FC,IN,CLT B9-10 Skin feel IMD,3
1049,2,sst_attribute_rank,CLT B9-10,Skin feel IMD,Reduce blemishes and dark spots,ft_peaking,3.57,0,78.27,FC,IN,CLT B9-10 Skin feel IMD,4
1050,2,sst_attribute_rank,CLT B9-10,Skin feel IMD,Reduce blemishes and dark spots,ft_sticky,4.93,0,74.43,FC,IN,CLT B9-10 Skin feel IMD,5
1051,2,sst_attribute_rank,CLT B9-10,Skin feel IMD,Reduce blemishes and dark spots,in_creamy,7.0,0,65.33,FC,IN,CLT B9-10 Skin feel IMD,6
1052,2,sst_attribute_rank,CLT B9-10,Skin feel IMD,Reduce blemishes and dark spots,in_absorption,24.29,0,115.0,FC,IN,CLT B9-10 Skin feel IMD,7
1053,2,sst_attribute_rank,CLT B9-10,Skin feel IMD,Reduce blemishes and dark spots,softness_imm,7.29,0,72.86,FC,IN,CLT B9-10 Skin feel IMD,8
1054,2,sst_attribute_rank,CLT B9-10,Skin feel IMD,Reduce blemishes and dark spots,in_sticky_imm,4.29,0,73.21,FC,IN,CLT B9-10 Skin feel IMD,9
1055,2,sst_attribute_rank,CLT B9-10,Skin feel IMD,Reduce blemishes and dark spots,in_wet,1.79,0,89.79,FC,IN,CLT B9-10 Skin feel IMD,10
1056,2,sst_attribute_rank,CLT B9-10,Skin feel IMD,Reduce blemishes and dark spots,ft_stringiness,3.57,0,67.36,FC,IN,CLT B9-10 Skin feel IMD,11
1057,2,sst_attribute_rank,CLT B9-10,Skin feel IMD,Reduce blemishes and dark spots,in_spreadability,35.93,0,95.64,FC,IN,CLT B9-10 Skin feel IMD,12
1058,2,sst_attribute_rank,CLT B9-10,Skin feel IMD,Reduce blemishes and dark spots,ft_firmness,6.71,0,79.57,FC,IN,CLT B9-10 Skin feel IMD,13
1059,2,sst_attribute_rank,CLT B9-10,Skin feel IMD,Reduce blemishes and dark spots,in_oily_imm,0.64,0,79.64,FC,IN,CLT B9-10 Skin feel IMD,14
1060,2,sst_attribute_rank,CLT B9-10,Skin feel IMD,Reduce blemishes and dark spots,in_drag_imm,7.86,0,79.73,FC,IN,CLT B9-10 Skin feel IMD,15
1061,2,sst_attribute_rank,CLT B9-10,Skin feel IMD,Reduce blemishes and dark spots,amount_of_residue,22.21,0,93.79,FC,IN,CLT B9-10 Skin feel IMD,16
1062,2,sst_attribute_rank,CLT B9-10,Skin feel IMD,Reduce blemishes and dark spots,in_cooling_imm,0.0,0,19.29,FC,IN,CLT B9-10 Skin feel IMD,17
1063,2,sst_attribute_rank,CLT B9-10,Skin feel IMD,Reduce blemishes and dark spots,in_cooling,0.0,0,27.93,FC,IN,CLT B9-10 Skin feel IMD,18
1064,7,sst_attribute_rank,CLT B17-18,Fragrance 10min,Reduce blemishes and dark spots,fr_Green,0.0,0,1.0,FC,IN,CLT B17-18 Fragrance 10min,1
1065,7,sst_attribute_rank,CLT B17-18,Fragrance 10min,Reduce blemishes and dark spots,in_fragrance_5min,15.43,0,64.07,FC,IN,CLT B17-18 Fragrance 10min,2
1066,7,sst_attribute_rank,CLT B17-18,Fragrance 10min,Reduce blemishes and dark spots,fr_Aldehydic,0.0,0,1.0,FC,IN,CLT B17-18 Fragrance 10min,3
1067,7,sst_attribute_rank,CLT B17-18,Fragrance 10min,Reduce blemishes and dark spots,fr_Aromatic_Herbeaous,0.0,0,1.0,FC,IN,CLT B17-18 Fragrance 10min,4
1068,7,sst_attribute_rank,CLT B17-18,Fragrance 10min,Reduce blemishes and dark spots,fr_Floral,0.0,0,1.0,FC,IN,CLT B17-18 Fragrance 10min,5
1069,7,sst_attribute_rank,CLT B17-18,Fragrance 10min,Reduce blemishes and dark spots,fr_Watery_Marine,0.0,0,1.0,FC,IN,CLT B17-18 Fragrance 10min,6
1070,7,sst_attribute_rank,CLT B17-18,Fragrance 10min,Reduce blemishes and dark spots,fr_Musky,0.0,0,1.0,FC,IN,CLT B17-18 Fragrance 10min,7
1071,7,sst_attribute_rank,CLT B17-18,Fragrance 10min,Reduce blemishes and dark spots,in_fragrance_imm,24.36,0,74.73,FC,IN,CLT B17-18 Fragrance 10min,8
1072,6,sst_attribute_rank,CLT B11-12,CLT Skin Feel 10min,Reduce blemishes and dark spots,in_thickness,11.71,0,75.67,FC,IN,CLT B11-12 CLT Skin Feel 10min,1
1073,6,sst_attribute_rank,CLT B11-12,CLT Skin Feel 10min,Reduce blemishes and dark spots,oily_ft,0.0,0,92.07,FC,IN,CLT B11-12 CLT Skin Feel 10min,2
1074,6,sst_attribute_rank,CLT B11-12,CLT Skin Feel 10min,Reduce blemishes and dark spots,in_greasy,3.93,0,82.86,FC,IN,CLT B11-12 CLT Skin Feel 10min,3
2919,9,sst_attribute_rank,CLT B3-4,Skin Look 10min,Mild and gentle on skin,patchy_residue_imm,4.29,0,39.07,FC,IN,CLT B3-4 Skin Look 10min,3
2920,9,sst_attribute_rank,CLT B3-4,Skin Look 10min,Mild and gentle on skin,patchy_residue_in,7.86,0,79.6,FC,IN,CLT B3-4 Skin Look 10min,4
2921,9,sst_attribute_rank,CLT B3-4,Skin Look 10min,Mild and gentle on skin,in_invisibility_5min,4.93,0,50.67,FC,IN,CLT B3-4 Skin Look 10min,5
2922,9,sst_attribute_rank,CLT B3-4,Skin Look 10min,Mild and gentle on skin,in_invisibility_imm,5.43,0,51.33,FC,IN,CLT B3-4 Skin Look 10min,6
2923,9,sst_attribute_rank,CLT B3-4,Skin Look 10min,Mild and gentle on skin,in_powderylook_5min,4.64,0,22.73,FC,IN,CLT B3-4 Skin Look 10min,7
2924,9,sst_attribute_rank,CLT B3-4,Skin Look 10min,Mild and gentle on skin,in_powderylook_imm,4.64,0,41.79,FC,IN,CLT B3-4 Skin Look 10min,8
2925,9,sst_attribute_rank,CLT B3-4,Skin Look 10min,Mild and gentle on skin,in_fairness_5min,4.33,0,43.21,FC,IN,CLT B3-4 Skin Look 10min,9
2926,9,sst_attribute_rank,CLT B3-4,Skin Look 10min,Mild and gentle on skin,in_fairness_imm,4.33,0,50.21,FC,IN,CLT B3-4 Skin Look 10min,10
2927,9,sst_attribute_rank,CLT B3-4,Skin Look 10min,Mild and gentle on skin,in_coverage_5min,4.64,0,67.47,FC,IN,CLT B3-4 Skin Look 10min,11
2928,9,sst_attribute_rank,CLT B3-4,Skin Look 10min,Mild and gentle on skin,in_coverage_imm,4.64,0,70.27,FC,IN,CLT B3-4 Skin Look 10min,12
2929,9,sst_attribute_rank,CLT B3-4,Skin Look 10min,Mild and gentle on skin,shimmer,0.0,0,58.8,FC,IN,CLT B3-4 Skin Look 10min,13
361,3,sst_attribute_rank,CLT B13-14,CLT Fragrance IMD,Instant glow,fr_Aromatic_Herbeaous,0.0,0,1.0,FC,IN,CLT B13-14 CLT Fragrance IMD,2
362,3,sst_attribute_rank,CLT B13-14,CLT Fragrance IMD,Instant glow,in_fragrance_imm,24.36,0,74.73,FC,IN,CLT B13-14 CLT Fragrance IMD,3
363,3,sst_attribute_rank,CLT B13-14,CLT Fragrance IMD,Instant glow,fr_Watery_Marine,0.0,0,1.0,FC,IN,CLT B13-14 CLT Fragrance IMD,4
364,3,sst_attribute_rank,CLT B13-14,CLT Fragrance IMD,Instant glow,fr_Powdery,0.0,0,1.0,FC,IN,CLT B13-14 CLT Fragrance IMD,5
365,3,sst_attribute_rank,CLT B13-14,CLT Fragrance IMD,Instant glow,fr_Aldehydic,0.0,0,1.0,FC,IN,CLT B13-14 CLT Fragrance IMD,6
366,3,sst_attribute_rank,CLT B13-14,CLT Fragrance IMD,Instant glow,fr_Musky,0.0,0,1.0,FC,IN,CLT B13-14 CLT Fragrance IMD,7
728,4,sst_attribute_rank,CLT B1-2,Skin Look IMD,Fairness over time,in_fairness_imm,4.33,0,50.21,FC,IN,CLT B1-2 Skin Look IMD,9
729,4,sst_attribute_rank,CLT B1-2,Skin Look IMD,Fairness over time,in_invisibility_5min,4.93,0,50.67,FC,IN,CLT B1-2 Skin Look IMD,10
730,4,sst_attribute_rank,CLT B1-2,Skin Look IMD,Fairness over time,in_powderylook_5min,4.64,0,22.73,FC,IN,CLT B1-2 Skin Look IMD,11
731,4,sst_attribute_rank,CLT B1-2,Skin Look IMD,Fairness over time,patchy_residue_imm,4.29,0,39.07,FC,IN,CLT B1-2 Skin Look IMD,12
732,4,sst_attribute_rank,CLT B1-2,Skin Look IMD,Fairness over time,in_powderylook_imm,4.64,0,41.79,FC,IN,CLT B1-2 Skin Look IMD,13
1440,9,sst_attribute_rank,CLT B3-4,Skin Look 10min,Reduce dark circles,patchy_residue_imm,4.29,0,39.07,FC,IN,CLT B3-4 Skin Look 10min,11
1441,9,sst_attribute_rank,CLT B3-4,Skin Look 10min,Reduce dark circles,in_powderylook_imm,4.64,0,41.79,FC,IN,CLT B3-4 Skin Look 10min,12
1442,9,sst_attribute_rank,CLT B3-4,Skin Look 10min,Reduce dark circles,shimmer,0.0,0,58.8,FC,IN,CLT B3-4 Skin Look 10min,13
1443,2,sst_attribute_rank,CLT B9-10,Skin feel IMD,Reduce dark circles,in_thickness,11.71,0,75.67,FC,IN,CLT B9-10 Skin feel IMD,1
1444,2,sst_attribute_rank,CLT B9-10,Skin feel IMD,Reduce dark circles,in_greasy,3.93,0,82.86,FC,IN,CLT B9-10 Skin feel IMD,2
1445,2,sst_attribute_rank,CLT B9-10,Skin feel IMD,Reduce dark circles,oily_ft,0.0,0,92.07,FC,IN,CLT B9-10 Skin feel IMD,3
1446,2,sst_attribute_rank,CLT B9-10,Skin feel IMD,Reduce dark circles,ft_stringiness,3.57,0,67.36,FC,IN,CLT B9-10 Skin feel IMD,4
1447,2,sst_attribute_rank,CLT B9-10,Skin feel IMD,Reduce dark circles,in_greasy_imm,2.5,0,79.21,FC,IN,CLT B9-10 Skin feel IMD,5
1448,2,sst_attribute_rank,CLT B9-10,Skin feel IMD,Reduce dark circles,in_absorption,24.29,0,115.0,FC,IN,CLT B9-10 Skin feel IMD,6
1449,2,sst_attribute_rank,CLT B9-10,Skin feel IMD,Reduce dark circles,softness_imm,7.29,0,72.86,FC,IN,CLT B9-10 Skin feel IMD,7
1450,2,sst_attribute_rank,CLT B9-10,Skin feel IMD,Reduce dark circles,amount_of_residue,22.21,0,93.79,FC,IN,CLT B9-10 Skin feel IMD,8
1451,2,sst_attribute_rank,CLT B9-10,Skin feel IMD,Reduce dark circles,ft_sticky,4.93,0,74.43,FC,IN,CLT B9-10 Skin feel IMD,9
1452,2,sst_attribute_rank,CLT B9-10,Skin feel IMD,Reduce dark circles,in_oily_imm,0.64,0,79.64,FC,IN,CLT B9-10 Skin feel IMD,10
1453,2,sst_attribute_rank,CLT B9-10,Skin feel IMD,Reduce dark circles,in_sticky_imm,4.29,0,73.21,FC,IN,CLT B9-10 Skin feel IMD,11
1454,2,sst_attribute_rank,CLT B9-10,Skin feel IMD,Reduce dark circles,ft_peaking,3.57,0,78.27,FC,IN,CLT B9-10 Skin feel IMD,12
1455,2,sst_attribute_rank,CLT B9-10,Skin feel IMD,Reduce dark circles,in_spreadability,35.93,0,95.64,FC,IN,CLT B9-10 Skin feel IMD,13
1456,2,sst_attribute_rank,CLT B9-10,Skin feel IMD,Reduce dark circles,in_cooling,0.0,0,27.93,FC,IN,CLT B9-10 Skin feel IMD,14
1457,2,sst_attribute_rank,CLT B9-10,Skin feel IMD,Reduce dark circles,in_drag_imm,7.86,0,79.73,FC,IN,CLT B9-10 Skin feel IMD,15
1458,2,sst_attribute_rank,CLT B9-10,Skin feel IMD,Reduce dark circles,in_wet,1.79,0,89.79,FC,IN,CLT B9-10 Skin feel IMD,16
1459,2,sst_attribute_rank,CLT B9-10,Skin feel IMD,Reduce dark circles,in_creamy,7.0,0,65.33,FC,IN,CLT B9-10 Skin feel IMD,17
1460,2,sst_attribute_rank,CLT B9-10,Skin feel IMD,Reduce dark circles,ft_firmness,6.71,0,79.57,FC,IN,CLT B9-10 Skin feel IMD,18
1461,6,sst_attribute_rank,CLT B11-12,CLT Skin Feel 10min,Reduce dark circles,in_thickness,11.71,0,75.67,FC,IN,CLT B11-12 CLT Skin Feel 10min,1
1462,6,sst_attribute_rank,CLT B11-12,CLT Skin Feel 10min,Reduce dark circles,in_greasy,3.93,0,82.86,FC,IN,CLT B11-12 CLT Skin Feel 10min,2
1463,6,sst_attribute_rank,CLT B11-12,CLT Skin Feel 10min,Reduce dark circles,in_sticky_5min,4.64,0,65.43,FC,IN,CLT B11-12 CLT Skin Feel 10min,3
1464,6,sst_attribute_rank,CLT B11-12,CLT Skin Feel 10min,Reduce dark circles,in_creamy,7.0,0,65.33,FC,IN,CLT B11-12 CLT Skin Feel 10min,4
1075,6,sst_attribute_rank,CLT B11-12,CLT Skin Feel 10min,Reduce blemishes and dark spots,in_greasy_5min,1.71,0,72.36,FC,IN,CLT B11-12 CLT Skin Feel 10min,4
1076,6,sst_attribute_rank,CLT B11-12,CLT Skin Feel 10min,Reduce blemishes and dark spots,ft_peaking,3.57,0,78.27,FC,IN,CLT B11-12 CLT Skin Feel 10min,5
1077,6,sst_attribute_rank,CLT B11-12,CLT Skin Feel 10min,Reduce blemishes and dark spots,in_sticky_5min,4.64,0,65.43,FC,IN,CLT B11-12 CLT Skin Feel 10min,6
1078,6,sst_attribute_rank,CLT B11-12,CLT Skin Feel 10min,Reduce blemishes and dark spots,in_oily_5min,0.71,0,73.57,FC,IN,CLT B11-12 CLT Skin Feel 10min,7
1079,6,sst_attribute_rank,CLT B11-12,CLT Skin Feel 10min,Reduce blemishes and dark spots,in_absorption,24.29,0,115.0,FC,IN,CLT B11-12 CLT Skin Feel 10min,8
1080,6,sst_attribute_rank,CLT B11-12,CLT Skin Feel 10min,Reduce blemishes and dark spots,in_spreadability,35.93,0,95.64,FC,IN,CLT B11-12 CLT Skin Feel 10min,9
1081,6,sst_attribute_rank,CLT B11-12,CLT Skin Feel 10min,Reduce blemishes and dark spots,ft_sticky,4.93,0,74.43,FC,IN,CLT B11-12 CLT Skin Feel 10min,10
1082,6,sst_attribute_rank,CLT B11-12,CLT Skin Feel 10min,Reduce blemishes and dark spots,ft_stringiness,3.57,0,67.36,FC,IN,CLT B11-12 CLT Skin Feel 10min,11
1083,6,sst_attribute_rank,CLT B11-12,CLT Skin Feel 10min,Reduce blemishes and dark spots,in_drag_5min,9.5,0,71.4,FC,IN,CLT B11-12 CLT Skin Feel 10min,12
1084,6,sst_attribute_rank,CLT B11-12,CLT Skin Feel 10min,Reduce blemishes and dark spots,in_creamy,7.0,0,65.33,FC,IN,CLT B11-12 CLT Skin Feel 10min,13
1085,6,sst_attribute_rank,CLT B11-12,CLT Skin Feel 10min,Reduce blemishes and dark spots,in_wet,1.79,0,89.79,FC,IN,CLT B11-12 CLT Skin Feel 10min,14
1086,6,sst_attribute_rank,CLT B11-12,CLT Skin Feel 10min,Reduce blemishes and dark spots,tightness_5min,16.57,0,73.53,FC,IN,CLT B11-12 CLT Skin Feel 10min,15
1087,6,sst_attribute_rank,CLT B11-12,CLT Skin Feel 10min,Reduce blemishes and dark spots,in_cooling,0.0,0,27.93,FC,IN,CLT B11-12 CLT Skin Feel 10min,16
1088,9,sst_attribute_rank,CLT B3-4,Skin Look 10min,Reduce blemishes and dark spots,in_coverage_imm,4.64,0,70.27,FC,IN,CLT B3-4 Skin Look 10min,1
1089,9,sst_attribute_rank,CLT B3-4,Skin Look 10min,Reduce blemishes and dark spots,in_powderylook_5min,4.64,0,22.73,FC,IN,CLT B3-4 Skin Look 10min,2
1090,9,sst_attribute_rank,CLT B3-4,Skin Look 10min,Reduce blemishes and dark spots,patchy_residue_imm,4.29,0,39.07,FC,IN,CLT B3-4 Skin Look 10min,3
1091,9,sst_attribute_rank,CLT B3-4,Skin Look 10min,Reduce blemishes and dark spots,in_gloss_5min,3.57,0,76.14,FC,IN,CLT B3-4 Skin Look 10min,4
1092,9,sst_attribute_rank,CLT B3-4,Skin Look 10min,Reduce blemishes and dark spots,in_fairness_imm,4.33,0,50.21,FC,IN,CLT B3-4 Skin Look 10min,5
1093,9,sst_attribute_rank,CLT B3-4,Skin Look 10min,Reduce blemishes and dark spots,in_powderylook_imm,4.64,0,41.79,FC,IN,CLT B3-4 Skin Look 10min,6
1094,9,sst_attribute_rank,CLT B3-4,Skin Look 10min,Reduce blemishes and dark spots,patchy_residue_in,7.86,0,79.6,FC,IN,CLT B3-4 Skin Look 10min,7
1095,9,sst_attribute_rank,CLT B3-4,Skin Look 10min,Reduce blemishes and dark spots,in_invisibility_5min,4.93,0,50.67,FC,IN,CLT B3-4 Skin Look 10min,8
1096,9,sst_attribute_rank,CLT B3-4,Skin Look 10min,Reduce blemishes and dark spots,shimmer,0.0,0,58.8,FC,IN,CLT B3-4 Skin Look 10min,9
1097,9,sst_attribute_rank,CLT B3-4,Skin Look 10min,Reduce blemishes and dark spots,in_invisibility_imm,5.43,0,51.33,FC,IN,CLT B3-4 Skin Look 10min,10
1098,9,sst_attribute_rank,CLT B3-4,Skin Look 10min,Reduce blemishes and dark spots,in_gloss_imm,4.29,0,82.86,FC,IN,CLT B3-4 Skin Look 10min,11
